category_id,category,parent_domain,subcategory_id,subcategory,category_type,description,aliases,official_source_url,source_scope,answer_policy,risk_tier,researched_on
CAT-001,Office of Academic Affairs,Administration and Governance,CAT-001-S01,mission leadership and organization,administrative_office,"Queries about Office of Academic Affairs, including its public services, requirements, processes, contacts, dates, policies, troubleshooting, and relevant external sources.",Office of Academic Affairs | McNeese Academic Affairs | Academic Affairs,https://www.mcneese.edu/a-to-z/,official McNeese first; authoritative government/partner sources second; verified external discovery when the intent requires it,"Return typed fields, source URL, publication/update date when available, and verification timestamp. Label external options separately from official McNeese information.",low,2026-08-03
CAT-001,Office of Academic Affairs,Administration and Governance,CAT-001-S02,services responsibilities and procedures,administrative_office,"Queries about Office of Academic Affairs, including its public services, requirements, processes, contacts, dates, policies, troubleshooting, and relevant external sources.",Office of Academic Affairs | McNeese Academic Affairs | Academic Affairs,https://www.mcneese.edu/a-to-z/,official McNeese first; authoritative government/partner sources second; verified external discovery when the intent requires it,"Return typed fields, source URL, publication/update date when available, and verification timestamp. Label external options separately from official McNeese information.",low,2026-08-03
CAT-001,Office of Academic Affairs,Administration and Governance,CAT-001-S03,forms templates and required documents,administrative_office,"Queries about Office of Academic Affairs, including its public services, requirements, processes, contacts, dates, policies, troubleshooting, and relevant external sources.",Office of Academic Affairs | McNeese Academic Affairs | Academic Affairs,https://www.mcneese.edu/a-to-z/,official McNeese first; authoritative government/partner sources second; verified external discovery when the intent requires it,"Return typed fields, source URL, publication/update date when available, and verification timestamp. Label external options separately from official McNeese information.",low,2026-08-03
CAT-001,Office of Academic Affairs,Administration and Governance,CAT-001-S04,policies standards and compliance,administrative_office,"Queries about Office of Academic Affairs, including its public services, requirements, processes, contacts, dates, policies, troubleshooting, and relevant external sources.",Office of Academic Affairs | McNeese Academic Affairs | Academic Affairs,https://www.mcneese.edu/a-to-z/,official McNeese first; authoritative government/partner sources second; verified external discovery when the intent requires it,"Return typed fields, source URL, publication/update date when available, and verification timestamp. Label external options separately from official McNeese information.",low,2026-08-03
CAT-001,Office of Academic Affairs,Administration and Governance,CAT-001-S05,contacts location and office hours,administrative_office,"Queries about Office of Academic Affairs, including its public services, requirements, processes, contacts, dates, policies, troubleshooting, and relevant external sources.",Office of Academic Affairs | McNeese Academic Affairs | Academic Affairs,https://www.mcneese.edu/a-to-z/,official McNeese first; authoritative government/partner sources second; verified external discovery when the intent requires it,"Return typed fields, source URL, publication/update date when available, and verification timestamp. Label external options separately from official McNeese information.",low,2026-08-03
CAT-001,Office of Academic Affairs,Administration and Governance,CAT-001-S06,deadlines calendars and processing times,administrative_office,"Queries about Office of Academic Affairs, including its public services, requirements, processes, contacts, dates, policies, troubleshooting, and relevant external sources.",Office of Academic Affairs | McNeese Academic Affairs | Academic Affairs,https://www.mcneese.edu/a-to-z/,official McNeese first; authoritative government/partner sources second; verified external discovery when the intent requires it,"Return typed fields, source URL, publication/update date when available, and verification timestamp. Label external options separately from official McNeese information.",low,2026-08-03
CAT-001,Office of Academic Affairs,Administration and Governance,CAT-001-S07,reports data and public records,administrative_office,"Queries about Office of Academic Affairs, including its public services, requirements, processes, contacts, dates, policies, troubleshooting, and relevant external sources.",Office of Academic Affairs | McNeese Academic Affairs | Academic Affairs,https://www.mcneese.edu/a-to-z/,official McNeese first; authoritative government/partner sources second; verified external discovery when the intent requires it,"Return typed fields, source URL, publication/update date when available, and verification timestamp. Label external options separately from official McNeese information.",low,2026-08-03
CAT-001,Office of Academic Affairs,Administration and Governance,CAT-001-S08,problems appeals complaints and escalation,administrative_office,"Queries about Office of Academic Affairs, including its public services, requirements, processes, contacts, dates, policies, troubleshooting, and relevant external sources.",Office of Academic Affairs | McNeese Academic Affairs | Academic Affairs,https://www.mcneese.edu/a-to-z/,official McNeese first; authoritative government/partner sources second; verified external discovery when the intent requires it,"Return typed fields, source URL, publication/update date when available, and verification timestamp. Label external options separately from official McNeese information.",low,2026-08-03
CAT-002,Academic Computing Center,Technology and Systems,CAT-002-S01,access login and authentication,academic_system,"Queries about Academic Computing Center, including its public services, requirements, processes, contacts, dates, policies, troubleshooting, and relevant external sources.",Academic Computing Center | McNeese ACC | Academic Computing Center ACC,https://www.mcneese.edu/a-to-z/,official McNeese first; authoritative government/partner sources second; verified external discovery when the intent requires it,"Return typed fields, source URL, publication/update date when available, and verification timestamp. Label external options separately from official McNeese information.",medium,2026-08-03
CAT-002,Academic Computing Center,Technology and Systems,CAT-002-S02,search browse and navigation,academic_system,"Queries about Academic Computing Center, including its public services, requirements, processes, contacts, dates, policies, troubleshooting, and relevant external sources.",Academic Computing Center | McNeese ACC | Academic Computing Center ACC,https://www.mcneese.edu/a-to-z/,official McNeese first; authoritative government/partner sources second; verified external discovery when the intent requires it,"Return typed fields, source URL, publication/update date when available, and verification timestamp. Label external options separately from official McNeese information.",medium,2026-08-03
CAT-002,Academic Computing Center,Technology and Systems,CAT-002-S03,dates deadlines and term availability,academic_system,"Queries about Academic Computing Center, including its public services, requirements, processes, contacts, dates, policies, troubleshooting, and relevant external sources.",Academic Computing Center | McNeese ACC | Academic Computing Center ACC,https://www.mcneese.edu/a-to-z/,official McNeese first; authoritative government/partner sources second; verified external discovery when the intent requires it,"Return typed fields, source URL, publication/update date when available, and verification timestamp. Label external options separately from official McNeese information.",medium,2026-08-03
CAT-002,Academic Computing Center,Technology and Systems,CAT-002-S04,requirements restrictions and holds,academic_system,"Queries about Academic Computing Center, including its public services, requirements, processes, contacts, dates, policies, troubleshooting, and relevant external sources.",Academic Computing Center | McNeese ACC | Academic Computing Center ACC,https://www.mcneese.edu/a-to-z/,official McNeese first; authoritative government/partner sources second; verified external discovery when the intent requires it,"Return typed fields, source URL, publication/update date when available, and verification timestamp. Label external options separately from official McNeese information.",medium,2026-08-03
CAT-002,Academic Computing Center,Technology and Systems,CAT-002-S05,records forms exports and confirmations,academic_system,"Queries about Academic Computing Center, including its public services, requirements, processes, contacts, dates, policies, troubleshooting, and relevant external sources.",Academic Computing Center | McNeese ACC | Academic Computing Center ACC,https://www.mcneese.edu/a-to-z/,official McNeese first; authoritative government/partner sources second; verified external discovery when the intent requires it,"Return typed fields, source URL, publication/update date when available, and verification timestamp. Label external options separately from official McNeese information.",medium,2026-08-03
CAT-002,Academic Computing Center,Technology and Systems,CAT-002-S06,errors troubleshooting and support,academic_system,"Queries about Academic Computing Center, including its public services, requirements, processes, contacts, dates, policies, troubleshooting, and relevant external sources.",Academic Computing Center | McNeese ACC | Academic Computing Center ACC,https://www.mcneese.edu/a-to-z/,official McNeese first; authoritative government/partner sources second; verified external discovery when the intent requires it,"Return typed fields, source URL, publication/update date when available, and verification timestamp. Label external options separately from official McNeese information.",medium,2026-08-03
CAT-002,Academic Computing Center,Technology and Systems,CAT-002-S07,data fields status meanings and interpretation,academic_system,"Queries about Academic Computing Center, including its public services, requirements, processes, contacts, dates, policies, troubleshooting, and relevant external sources.",Academic Computing Center | McNeese ACC | Academic Computing Center ACC,https://www.mcneese.edu/a-to-z/,official McNeese first; authoritative government/partner sources second; verified external discovery when the intent requires it,"Return typed fields, source URL, publication/update date when available, and verification timestamp. Label external options separately from official McNeese information.",medium,2026-08-03
CAT-002,Academic Computing Center,Technology and Systems,CAT-002-S08,privacy security and authorized access,academic_system,"Queries about Academic Computing Center, including its public services, requirements, processes, contacts, dates, policies, troubleshooting, and relevant external sources.",Academic Computing Center | McNeese ACC | Academic Computing Center ACC,https://www.mcneese.edu/a-to-z/,official McNeese first; authoritative government/partner sources second; verified external discovery when the intent requires it,"Return typed fields, source URL, publication/update date when available, and verification timestamp. Label external options separately from official McNeese information.",medium,2026-08-03
CAT-003,Accessibility Services,Student Support,CAT-003-S01,eligibility and who can use the service,student_service,"Queries about Accessibility Services, including its public services, requirements, processes, contacts, dates, policies, troubleshooting, and relevant external sources.",Accessibility Services | McNeese Accessibility | Disability Services McNeese,https://www.mcneese.edu/a-to-z/,official McNeese first; authoritative government/partner sources second; verified external discovery when the intent requires it,"Return typed fields, source URL, publication/update date when available, and verification timestamp. Label external options separately from official McNeese information.",medium,2026-08-03
CAT-003,Accessibility Services,Student Support,CAT-003-S02,services programs and available support,student_service,"Queries about Accessibility Services, including its public services, requirements, processes, contacts, dates, policies, troubleshooting, and relevant external sources.",Accessibility Services | McNeese Accessibility | Disability Services McNeese,https://www.mcneese.edu/a-to-z/,official McNeese first; authoritative government/partner sources second; verified external discovery when the intent requires it,"Return typed fields, source URL, publication/update date when available, and verification timestamp. Label external options separately from official McNeese information.",medium,2026-08-03
CAT-003,Accessibility Services,Student Support,CAT-003-S03,appointments applications and access steps,student_service,"Queries about Accessibility Services, including its public services, requirements, processes, contacts, dates, policies, troubleshooting, and relevant external sources.",Accessibility Services | McNeese Accessibility | Disability Services McNeese,https://www.mcneese.edu/a-to-z/,official McNeese first; authoritative government/partner sources second; verified external discovery when the intent requires it,"Return typed fields, source URL, publication/update date when available, and verification timestamp. Label external options separately from official McNeese information.",medium,2026-08-03
CAT-003,Accessibility Services,Student Support,CAT-003-S04,forms documents and preparation,student_service,"Queries about Accessibility Services, including its public services, requirements, processes, contacts, dates, policies, troubleshooting, and relevant external sources.",Accessibility Services | McNeese Accessibility | Disability Services McNeese,https://www.mcneese.edu/a-to-z/,official McNeese first; authoritative government/partner sources second; verified external discovery when the intent requires it,"Return typed fields, source URL, publication/update date when available, and verification timestamp. Label external options separately from official McNeese information.",medium,2026-08-03
CAT-003,Accessibility Services,Student Support,CAT-003-S05,costs fees insurance and funding,student_service,"Queries about Accessibility Services, including its public services, requirements, processes, contacts, dates, policies, troubleshooting, and relevant external sources.",Accessibility Services | McNeese Accessibility | Disability Services McNeese,https://www.mcneese.edu/a-to-z/,official McNeese first; authoritative government/partner sources second; verified external discovery when the intent requires it,"Return typed fields, source URL, publication/update date when available, and verification timestamp. Label external options separately from official McNeese information.",medium,2026-08-03
CAT-003,Accessibility Services,Student Support,CAT-003-S06,contacts location hours and accessibility,student_service,"Queries about Accessibility Services, including its public services, requirements, processes, contacts, dates, policies, troubleshooting, and relevant external sources.",Accessibility Services | McNeese Accessibility | Disability Services McNeese,https://www.mcneese.edu/a-to-z/,official McNeese first; authoritative government/partner sources second; verified external discovery when the intent requires it,"Return typed fields, source URL, publication/update date when available, and verification timestamp. Label external options separately from official McNeese information.",medium,2026-08-03
CAT-003,Accessibility Services,Student Support,CAT-003-S07,policies confidentiality and student rights,student_service,"Queries about Accessibility Services, including its public services, requirements, processes, contacts, dates, policies, troubleshooting, and relevant external sources.",Accessibility Services | McNeese Accessibility | Disability Services McNeese,https://www.mcneese.edu/a-to-z/,official McNeese first; authoritative government/partner sources second; verified external discovery when the intent requires it,"Return typed fields, source URL, publication/update date when available, and verification timestamp. Label external options separately from official McNeese information.",medium,2026-08-03
CAT-003,Accessibility Services,Student Support,CAT-003-S08,urgent help troubleshooting and external alternatives,student_service,"Queries about Accessibility Services, including its public services, requirements, processes, contacts, dates, policies, troubleshooting, and relevant external sources.",Accessibility Services | McNeese Accessibility | Disability Services McNeese,https://www.mcneese.edu/a-to-z/,official McNeese first; authoritative government/partner sources second; verified external discovery when the intent requires it,"Return typed fields, source URL, publication/update date when available, and verification timestamp. Label external options separately from official McNeese information.",medium,2026-08-03
CAT-004,Administrative Accounting,Business and Finance,CAT-004-S01,mission leadership and organization,administrative_office,"Queries about Administrative Accounting, including its public services, requirements, processes, contacts, dates, policies, troubleshooting, and relevant external sources.",Administrative Accounting | McNeese Administrative Accounting | University Accounting,https://www.mcneese.edu/a-to-z/,official McNeese first; authoritative government/partner sources second; verified external discovery when the intent requires it,"Return typed fields, source URL, publication/update date when available, and verification timestamp. Label external options separately from official McNeese information.",low,2026-08-03
CAT-004,Administrative Accounting,Business and Finance,CAT-004-S02,services responsibilities and procedures,administrative_office,"Queries about Administrative Accounting, including its public services, requirements, processes, contacts, dates, policies, troubleshooting, and relevant external sources.",Administrative Accounting | McNeese Administrative Accounting | University Accounting,https://www.mcneese.edu/a-to-z/,official McNeese first; authoritative government/partner sources second; verified external discovery when the intent requires it,"Return typed fields, source URL, publication/update date when available, and verification timestamp. Label external options separately from official McNeese information.",low,2026-08-03
CAT-004,Administrative Accounting,Business and Finance,CAT-004-S03,forms templates and required documents,administrative_office,"Queries about Administrative Accounting, including its public services, requirements, processes, contacts, dates, policies, troubleshooting, and relevant external sources.",Administrative Accounting | McNeese Administrative Accounting | University Accounting,https://www.mcneese.edu/a-to-z/,official McNeese first; authoritative government/partner sources second; verified external discovery when the intent requires it,"Return typed fields, source URL, publication/update date when available, and verification timestamp. Label external options separately from official McNeese information.",low,2026-08-03
CAT-004,Administrative Accounting,Business and Finance,CAT-004-S04,policies standards and compliance,administrative_office,"Queries about Administrative Accounting, including its public services, requirements, processes, contacts, dates, policies, troubleshooting, and relevant external sources.",Administrative Accounting | McNeese Administrative Accounting | University Accounting,https://www.mcneese.edu/a-to-z/,official McNeese first; authoritative government/partner sources second; verified external discovery when the intent requires it,"Return typed fields, source URL, publication/update date when available, and verification timestamp. Label external options separately from official McNeese information.",low,2026-08-03
CAT-004,Administrative Accounting,Business and Finance,CAT-004-S05,contacts location and office hours,administrative_office,"Queries about Administrative Accounting, including its public services, requirements, processes, contacts, dates, policies, troubleshooting, and relevant external sources.",Administrative Accounting | McNeese Administrative Accounting | University Accounting,https://www.mcneese.edu/a-to-z/,official McNeese first; authoritative government/partner sources second; verified external discovery when the intent requires it,"Return typed fields, source URL, publication/update date when available, and verification timestamp. Label external options separately from official McNeese information.",low,2026-08-03
CAT-004,Administrative Accounting,Business and Finance,CAT-004-S06,deadlines calendars and processing times,administrative_office,"Queries about Administrative Accounting, including its public services, requirements, processes, contacts, dates, policies, troubleshooting, and relevant external sources.",Administrative Accounting | McNeese Administrative Accounting | University Accounting,https://www.mcneese.edu/a-to-z/,official McNeese first; authoritative government/partner sources second; verified external discovery when the intent requires it,"Return typed fields, source URL, publication/update date when available, and verification timestamp. Label external options separately from official McNeese information.",low,2026-08-03
CAT-004,Administrative Accounting,Business and Finance,CAT-004-S07,reports data and public records,administrative_office,"Queries about Administrative Accounting, including its public services, requirements, processes, contacts, dates, policies, troubleshooting, and relevant external sources.",Administrative Accounting | McNeese Administrative Accounting | University Accounting,https://www.mcneese.edu/a-to-z/,official McNeese first; authoritative government/partner sources second; verified external discovery when the intent requires it,"Return typed fields, source URL, publication/update date when available, and verification timestamp. Label external options separately from official McNeese information.",low,2026-08-03
CAT-004,Administrative Accounting,Business and Finance,CAT-004-S08,problems appeals complaints and escalation,administrative_office,"Queries about Administrative Accounting, including its public services, requirements, processes, contacts, dates, policies, troubleshooting, and relevant external sources.",Administrative Accounting | McNeese Administrative Accounting | University Accounting,https://www.mcneese.edu/a-to-z/,official McNeese first; authoritative government/partner sources second; verified external discovery when the intent requires it,"Return typed fields, source URL, publication/update date when available, and verification timestamp. Label external options separately from official McNeese information.",low,2026-08-03
CAT-005,Admissions,Admissions and Enrollment,CAT-005-S01,eligibility and applicant types,admissions_finance,"Queries about Admissions, including its public services, requirements, processes, contacts, dates, policies, troubleshooting, and relevant external sources.",Admissions | McNeese Admissions | McNeese application,https://www.mcneese.edu/admissions/,official McNeese first; authoritative government/partner sources second; verified external discovery when the intent requires it,"Return typed fields, source URL, publication/update date when available, and verification timestamp. Label external options separately from official McNeese information.",medium,2026-08-03
CAT-005,Admissions,Admissions and Enrollment,CAT-005-S02,requirements documents and test scores,admissions_finance,"Queries about Admissions, including its public services, requirements, processes, contacts, dates, policies, troubleshooting, and relevant external sources.",Admissions | McNeese Admissions | McNeese application,https://www.mcneese.edu/admissions/,official McNeese first; authoritative government/partner sources second; verified external discovery when the intent requires it,"Return typed fields, source URL, publication/update date when available, and verification timestamp. Label external options separately from official McNeese information.",medium,2026-08-03
CAT-005,Admissions,Admissions and Enrollment,CAT-005-S03,application steps forms and status,admissions_finance,"Queries about Admissions, including its public services, requirements, processes, contacts, dates, policies, troubleshooting, and relevant external sources.",Admissions | McNeese Admissions | McNeese application,https://www.mcneese.edu/admissions/,official McNeese first; authoritative government/partner sources second; verified external discovery when the intent requires it,"Return typed fields, source URL, publication/update date when available, and verification timestamp. Label external options separately from official McNeese information.",medium,2026-08-03
CAT-005,Admissions,Admissions and Enrollment,CAT-005-S04,deadlines dates and processing times,admissions_finance,"Queries about Admissions, including its public services, requirements, processes, contacts, dates, policies, troubleshooting, and relevant external sources.",Admissions | McNeese Admissions | McNeese application,https://www.mcneese.edu/admissions/,official McNeese first; authoritative government/partner sources second; verified external discovery when the intent requires it,"Return typed fields, source URL, publication/update date when available, and verification timestamp. Label external options separately from official McNeese information.",medium,2026-08-03
CAT-005,Admissions,Admissions and Enrollment,CAT-005-S05,tuition fees costs and refunds,admissions_finance,"Queries about Admissions, including its public services, requirements, processes, contacts, dates, policies, troubleshooting, and relevant external sources.",Admissions | McNeese Admissions | McNeese application,https://www.mcneese.edu/admissions/,official McNeese first; authoritative government/partner sources second; verified external discovery when the intent requires it,"Return typed fields, source URL, publication/update date when available, and verification timestamp. Label external options separately from official McNeese information.",medium,2026-08-03
CAT-005,Admissions,Admissions and Enrollment,CAT-005-S06,aid scholarships waivers and payment options,admissions_finance,"Queries about Admissions, including its public services, requirements, processes, contacts, dates, policies, troubleshooting, and relevant external sources.",Admissions | McNeese Admissions | McNeese application,https://www.mcneese.edu/admissions/,official McNeese first; authoritative government/partner sources second; verified external discovery when the intent requires it,"Return typed fields, source URL, publication/update date when available, and verification timestamp. Label external options separately from official McNeese information.",medium,2026-08-03
CAT-005,Admissions,Admissions and Enrollment,CAT-005-S07,holds appeals exceptions and special circumstances,admissions_finance,"Queries about Admissions, including its public services, requirements, processes, contacts, dates, policies, troubleshooting, and relevant external sources.",Admissions | McNeese Admissions | McNeese application,https://www.mcneese.edu/admissions/,official McNeese first; authoritative government/partner sources second; verified external discovery when the intent requires it,"Return typed fields, source URL, publication/update date when available, and verification timestamp. Label external options separately from official McNeese information.",medium,2026-08-03
CAT-005,Admissions,Admissions and Enrollment,CAT-005-S08,contacts official sources and external authorities,admissions_finance,"Queries about Admissions, including its public services, requirements, processes, contacts, dates, policies, troubleshooting, and relevant external sources.",Admissions | McNeese Admissions | McNeese application,https://www.mcneese.edu/admissions/,official McNeese first; authoritative government/partner sources second; verified external discovery when the intent requires it,"Return typed fields, source URL, publication/update date when available, and verification timestamp. Label external options separately from official McNeese information.",medium,2026-08-03
CAT-006,Agricultural Sciences,Academic Departments,CAT-006-S01,degrees concentrations and certificates,academic_department,"Queries about Agricultural Sciences, including its public services, requirements, processes, contacts, dates, policies, troubleshooting, and relevant external sources.",Agricultural Sciences | McNeese Agricultural Sciences | Dripps School of Agricultural Sciences,https://www.mcneese.edu/a-to-z/,official McNeese first; authoritative government/partner sources second; verified external discovery when the intent requires it,"Return typed fields, source URL, publication/update date when available, and verification timestamp. Label external options separately from official McNeese information.",low,2026-08-03
CAT-006,Agricultural Sciences,Academic Departments,CAT-006-S02,admission and progression requirements,academic_department,"Queries about Agricultural Sciences, including its public services, requirements, processes, contacts, dates, policies, troubleshooting, and relevant external sources.",Agricultural Sciences | McNeese Agricultural Sciences | Dripps School of Agricultural Sciences,https://www.mcneese.edu/a-to-z/,official McNeese first; authoritative government/partner sources second; verified external discovery when the intent requires it,"Return typed fields, source URL, publication/update date when available, and verification timestamp. Label external options separately from official McNeese information.",low,2026-08-03
CAT-006,Agricultural Sciences,Academic Departments,CAT-006-S03,curriculum prerequisites and degree plans,academic_department,"Queries about Agricultural Sciences, including its public services, requirements, processes, contacts, dates, policies, troubleshooting, and relevant external sources.",Agricultural Sciences | McNeese Agricultural Sciences | Dripps School of Agricultural Sciences,https://www.mcneese.edu/a-to-z/,official McNeese first; authoritative government/partner sources second; verified external discovery when the intent requires it,"Return typed fields, source URL, publication/update date when available, and verification timestamp. Label external options separately from official McNeese information.",low,2026-08-03
CAT-006,Agricultural Sciences,Academic Departments,CAT-006-S04,courses sections and scheduling,academic_department,"Queries about Agricultural Sciences, including its public services, requirements, processes, contacts, dates, policies, troubleshooting, and relevant external sources.",Agricultural Sciences | McNeese Agricultural Sciences | Dripps School of Agricultural Sciences,https://www.mcneese.edu/a-to-z/,official McNeese first; authoritative government/partner sources second; verified external discovery when the intent requires it,"Return typed fields, source URL, publication/update date when available, and verification timestamp. Label external options separately from official McNeese information.",low,2026-08-03
CAT-006,Agricultural Sciences,Academic Departments,CAT-006-S05,faculty staff and department contacts,academic_department,"Queries about Agricultural Sciences, including its public services, requirements, processes, contacts, dates, policies, troubleshooting, and relevant external sources.",Agricultural Sciences | McNeese Agricultural Sciences | Dripps School of Agricultural Sciences,https://www.mcneese.edu/a-to-z/,official McNeese first; authoritative government/partner sources second; verified external discovery when the intent requires it,"Return typed fields, source URL, publication/update date when available, and verification timestamp. Label external options separately from official McNeese information.",low,2026-08-03
CAT-006,Agricultural Sciences,Academic Departments,CAT-006-S06,research laboratories and projects,academic_department,"Queries about Agricultural Sciences, including its public services, requirements, processes, contacts, dates, policies, troubleshooting, and relevant external sources.",Agricultural Sciences | McNeese Agricultural Sciences | Dripps School of Agricultural Sciences,https://www.mcneese.edu/a-to-z/,official McNeese first; authoritative government/partner sources second; verified external discovery when the intent requires it,"Return typed fields, source URL, publication/update date when available, and verification timestamp. Label external options separately from official McNeese information.",low,2026-08-03
CAT-006,Agricultural Sciences,Academic Departments,CAT-006-S07,student organizations events and opportunities,academic_department,"Queries about Agricultural Sciences, including its public services, requirements, processes, contacts, dates, policies, troubleshooting, and relevant external sources.",Agricultural Sciences | McNeese Agricultural Sciences | Dripps School of Agricultural Sciences,https://www.mcneese.edu/a-to-z/,official McNeese first; authoritative government/partner sources second; verified external discovery when the intent requires it,"Return typed fields, source URL, publication/update date when available, and verification timestamp. Label external options separately from official McNeese information.",low,2026-08-03
CAT-006,Agricultural Sciences,Academic Departments,CAT-006-S08,careers licensure and professional outcomes,academic_department,"Queries about Agricultural Sciences, including its public services, requirements, processes, contacts, dates, policies, troubleshooting, and relevant external sources.",Agricultural Sciences | McNeese Agricultural Sciences | Dripps School of Agricultural Sciences,https://www.mcneese.edu/a-to-z/,official McNeese first; authoritative government/partner sources second; verified external discovery when the intent requires it,"Return typed fields, source URL, publication/update date when available, and verification timestamp. Label external options separately from official McNeese information.",low,2026-08-03
CAT-007,McNeese Athletics,Athletics and Recreation,CAT-007-S01,teams programs and participation,athletics,"Queries about McNeese Athletics, including its public services, requirements, processes, contacts, dates, policies, troubleshooting, and relevant external sources.",McNeese Athletics | McNeese sports | Cowboys and Cowgirls athletics,https://mcneesesports.com/,official McNeese first; authoritative government/partner sources second; verified external discovery when the intent requires it,"Return typed fields, source URL, publication/update date when available, and verification timestamp. Label external options separately from official McNeese information.",low,2026-08-03
CAT-007,McNeese Athletics,Athletics and Recreation,CAT-007-S02,schedules calendars and results,athletics,"Queries about McNeese Athletics, including its public services, requirements, processes, contacts, dates, policies, troubleshooting, and relevant external sources.",McNeese Athletics | McNeese sports | Cowboys and Cowgirls athletics,https://mcneesesports.com/,official McNeese first; authoritative government/partner sources second; verified external discovery when the intent requires it,"Return typed fields, source URL, publication/update date when available, and verification timestamp. Label external options separately from official McNeese information.",low,2026-08-03
CAT-007,McNeese Athletics,Athletics and Recreation,CAT-007-S03,rosters coaches and staff contacts,athletics,"Queries about McNeese Athletics, including its public services, requirements, processes, contacts, dates, policies, troubleshooting, and relevant external sources.",McNeese Athletics | McNeese sports | Cowboys and Cowgirls athletics,https://mcneesesports.com/,official McNeese first; authoritative government/partner sources second; verified external discovery when the intent requires it,"Return typed fields, source URL, publication/update date when available, and verification timestamp. Label external options separately from official McNeese information.",low,2026-08-03
CAT-007,McNeese Athletics,Athletics and Recreation,CAT-007-S04,tickets prices seating and attendance,athletics,"Queries about McNeese Athletics, including its public services, requirements, processes, contacts, dates, policies, troubleshooting, and relevant external sources.",McNeese Athletics | McNeese sports | Cowboys and Cowgirls athletics,https://mcneesesports.com/,official McNeese first; authoritative government/partner sources second; verified external discovery when the intent requires it,"Return typed fields, source URL, publication/update date when available, and verification timestamp. Label external options separately from official McNeese information.",low,2026-08-03
CAT-007,McNeese Athletics,Athletics and Recreation,CAT-007-S05,venues directions parking and accessibility,athletics,"Queries about McNeese Athletics, including its public services, requirements, processes, contacts, dates, policies, troubleshooting, and relevant external sources.",McNeese Athletics | McNeese sports | Cowboys and Cowgirls athletics,https://mcneesesports.com/,official McNeese first; authoritative government/partner sources second; verified external discovery when the intent requires it,"Return typed fields, source URL, publication/update date when available, and verification timestamp. Label external options separately from official McNeese information.",low,2026-08-03
CAT-007,McNeese Athletics,Athletics and Recreation,CAT-007-S06,news media statistics and broadcasts,athletics,"Queries about McNeese Athletics, including its public services, requirements, processes, contacts, dates, policies, troubleshooting, and relevant external sources.",McNeese Athletics | McNeese sports | Cowboys and Cowgirls athletics,https://mcneesesports.com/,official McNeese first; authoritative government/partner sources second; verified external discovery when the intent requires it,"Return typed fields, source URL, publication/update date when available, and verification timestamp. Label external options separately from official McNeese information.",low,2026-08-03
CAT-007,McNeese Athletics,Athletics and Recreation,CAT-007-S07,student athlete eligibility compliance and support,athletics,"Queries about McNeese Athletics, including its public services, requirements, processes, contacts, dates, policies, troubleshooting, and relevant external sources.",McNeese Athletics | McNeese sports | Cowboys and Cowgirls athletics,https://mcneesesports.com/,official McNeese first; authoritative government/partner sources second; verified external discovery when the intent requires it,"Return typed fields, source URL, publication/update date when available, and verification timestamp. Label external options separately from official McNeese information.",low,2026-08-03
CAT-007,McNeese Athletics,Athletics and Recreation,CAT-007-S08,camps community events and external governing sources,athletics,"Queries about McNeese Athletics, including its public services, requirements, processes, contacts, dates, policies, troubleshooting, and relevant external sources.",McNeese Athletics | McNeese sports | Cowboys and Cowgirls athletics,https://mcneesesports.com/,official McNeese first; authoritative government/partner sources second; verified external discovery when the intent requires it,"Return typed fields, source URL, publication/update date when available, and verification timestamp. Label external options separately from official McNeese information.",low,2026-08-03
CAT-008,Internal Audit,Administration and Governance,CAT-008-S01,mission leadership and organization,administrative_office,"Queries about Internal Audit, including its public services, requirements, processes, contacts, dates, policies, troubleshooting, and relevant external sources.",Internal Audit | McNeese Audit | University internal audit,https://www.mcneese.edu/a-to-z/,official McNeese first; authoritative government/partner sources second; verified external discovery when the intent requires it,"Return typed fields, source URL, publication/update date when available, and verification timestamp. Label external options separately from official McNeese information.",low,2026-08-03
CAT-008,Internal Audit,Administration and Governance,CAT-008-S02,services responsibilities and procedures,administrative_office,"Queries about Internal Audit, including its public services, requirements, processes, contacts, dates, policies, troubleshooting, and relevant external sources.",Internal Audit | McNeese Audit | University internal audit,https://www.mcneese.edu/a-to-z/,official McNeese first; authoritative government/partner sources second; verified external discovery when the intent requires it,"Return typed fields, source URL, publication/update date when available, and verification timestamp. Label external options separately from official McNeese information.",low,2026-08-03
CAT-008,Internal Audit,Administration and Governance,CAT-008-S03,forms templates and required documents,administrative_office,"Queries about Internal Audit, including its public services, requirements, processes, contacts, dates, policies, troubleshooting, and relevant external sources.",Internal Audit | McNeese Audit | University internal audit,https://www.mcneese.edu/a-to-z/,official McNeese first; authoritative government/partner sources second; verified external discovery when the intent requires it,"Return typed fields, source URL, publication/update date when available, and verification timestamp. Label external options separately from official McNeese information.",low,2026-08-03
CAT-008,Internal Audit,Administration and Governance,CAT-008-S04,policies standards and compliance,administrative_office,"Queries about Internal Audit, including its public services, requirements, processes, contacts, dates, policies, troubleshooting, and relevant external sources.",Internal Audit | McNeese Audit | University internal audit,https://www.mcneese.edu/a-to-z/,official McNeese first; authoritative government/partner sources second; verified external discovery when the intent requires it,"Return typed fields, source URL, publication/update date when available, and verification timestamp. Label external options separately from official McNeese information.",low,2026-08-03
CAT-008,Internal Audit,Administration and Governance,CAT-008-S05,contacts location and office hours,administrative_office,"Queries about Internal Audit, including its public services, requirements, processes, contacts, dates, policies, troubleshooting, and relevant external sources.",Internal Audit | McNeese Audit | University internal audit,https://www.mcneese.edu/a-to-z/,official McNeese first; authoritative government/partner sources second; verified external discovery when the intent requires it,"Return typed fields, source URL, publication/update date when available, and verification timestamp. Label external options separately from official McNeese information.",low,2026-08-03
CAT-008,Internal Audit,Administration and Governance,CAT-008-S06,deadlines calendars and processing times,administrative_office,"Queries about Internal Audit, including its public services, requirements, processes, contacts, dates, policies, troubleshooting, and relevant external sources.",Internal Audit | McNeese Audit | University internal audit,https://www.mcneese.edu/a-to-z/,official McNeese first; authoritative government/partner sources second; verified external discovery when the intent requires it,"Return typed fields, source URL, publication/update date when available, and verification timestamp. Label external options separately from official McNeese information.",low,2026-08-03
CAT-008,Internal Audit,Administration and Governance,CAT-008-S07,reports data and public records,administrative_office,"Queries about Internal Audit, including its public services, requirements, processes, contacts, dates, policies, troubleshooting, and relevant external sources.",Internal Audit | McNeese Audit | University internal audit,https://www.mcneese.edu/a-to-z/,official McNeese first; authoritative government/partner sources second; verified external discovery when the intent requires it,"Return typed fields, source URL, publication/update date when available, and verification timestamp. Label external options separately from official McNeese information.",low,2026-08-03
CAT-008,Internal Audit,Administration and Governance,CAT-008-S08,problems appeals complaints and escalation,administrative_office,"Queries about Internal Audit, including its public services, requirements, processes, contacts, dates, policies, troubleshooting, and relevant external sources.",Internal Audit | McNeese Audit | University internal audit,https://www.mcneese.edu/a-to-z/,official McNeese first; authoritative government/partner sources second; verified external discovery when the intent requires it,"Return typed fields, source URL, publication/update date when available, and verification timestamp. Label external options separately from official McNeese information.",low,2026-08-03
CAT-009,Banners Cultural Series,"Arts, Culture, and Events",CAT-009-S01,programs services and participation,cultural_community,"Queries about Banners Cultural Series, including its public services, requirements, processes, contacts, dates, policies, troubleshooting, and relevant external sources.",Banners Cultural Series | McNeese Banners | Banners at McNeese,https://banners.org/,official McNeese first; authoritative government/partner sources second; verified external discovery when the intent requires it,"Return typed fields, source URL, publication/update date when available, and verification timestamp. Label external options separately from official McNeese information.",low,2026-08-03
CAT-009,Banners Cultural Series,"Arts, Culture, and Events",CAT-009-S02,events calendar and announcements,cultural_community,"Queries about Banners Cultural Series, including its public services, requirements, processes, contacts, dates, policies, troubleshooting, and relevant external sources.",Banners Cultural Series | McNeese Banners | Banners at McNeese,https://banners.org/,official McNeese first; authoritative government/partner sources second; verified external discovery when the intent requires it,"Return typed fields, source URL, publication/update date when available, and verification timestamp. Label external options separately from official McNeese information.",low,2026-08-03
CAT-009,Banners Cultural Series,"Arts, Culture, and Events",CAT-009-S03,registration membership and eligibility,cultural_community,"Queries about Banners Cultural Series, including its public services, requirements, processes, contacts, dates, policies, troubleshooting, and relevant external sources.",Banners Cultural Series | McNeese Banners | Banners at McNeese,https://banners.org/,official McNeese first; authoritative government/partner sources second; verified external discovery when the intent requires it,"Return typed fields, source URL, publication/update date when available, and verification timestamp. Label external options separately from official McNeese information.",low,2026-08-03
CAT-009,Banners Cultural Series,"Arts, Culture, and Events",CAT-009-S04,tickets prices sponsorships and funding,cultural_community,"Queries about Banners Cultural Series, including its public services, requirements, processes, contacts, dates, policies, troubleshooting, and relevant external sources.",Banners Cultural Series | McNeese Banners | Banners at McNeese,https://banners.org/,official McNeese first; authoritative government/partner sources second; verified external discovery when the intent requires it,"Return typed fields, source URL, publication/update date when available, and verification timestamp. Label external options separately from official McNeese information.",low,2026-08-03
CAT-009,Banners Cultural Series,"Arts, Culture, and Events",CAT-009-S05,venues directions parking and accessibility,cultural_community,"Queries about Banners Cultural Series, including its public services, requirements, processes, contacts, dates, policies, troubleshooting, and relevant external sources.",Banners Cultural Series | McNeese Banners | Banners at McNeese,https://banners.org/,official McNeese first; authoritative government/partner sources second; verified external discovery when the intent requires it,"Return typed fields, source URL, publication/update date when available, and verification timestamp. Label external options separately from official McNeese information.",low,2026-08-03
CAT-009,Banners Cultural Series,"Arts, Culture, and Events",CAT-009-S06,contacts organizers and office hours,cultural_community,"Queries about Banners Cultural Series, including its public services, requirements, processes, contacts, dates, policies, troubleshooting, and relevant external sources.",Banners Cultural Series | McNeese Banners | Banners at McNeese,https://banners.org/,official McNeese first; authoritative government/partner sources second; verified external discovery when the intent requires it,"Return typed fields, source URL, publication/update date when available, and verification timestamp. Label external options separately from official McNeese information.",low,2026-08-03
CAT-009,Banners Cultural Series,"Arts, Culture, and Events",CAT-009-S07,news media and public information,cultural_community,"Queries about Banners Cultural Series, including its public services, requirements, processes, contacts, dates, policies, troubleshooting, and relevant external sources.",Banners Cultural Series | McNeese Banners | Banners at McNeese,https://banners.org/,official McNeese first; authoritative government/partner sources second; verified external discovery when the intent requires it,"Return typed fields, source URL, publication/update date when available, and verification timestamp. Label external options separately from official McNeese information.",low,2026-08-03
CAT-009,Banners Cultural Series,"Arts, Culture, and Events",CAT-009-S08,community partners and external opportunities,cultural_community,"Queries about Banners Cultural Series, including its public services, requirements, processes, contacts, dates, policies, troubleshooting, and relevant external sources.",Banners Cultural Series | McNeese Banners | Banners at McNeese,https://banners.org/,official McNeese first; authoritative government/partner sources second; verified external discovery when the intent requires it,"Return typed fields, source URL, publication/update date when available, and verification timestamp. Label external options separately from official McNeese information.",low,2026-08-03
CAT-010,Bookstore and Team Store,Campus Commerce,CAT-010-S01,products services menus and availability,commerce_service,"Queries about Bookstore and Team Store, including its public services, requirements, processes, contacts, dates, policies, troubleshooting, and relevant external sources.",Bookstore and Team Store | McNeese bookstore | Cowboy Store,https://mcneesecowboystore.com/,official McNeese first; authoritative government/partner sources second; verified external discovery when the intent requires it,"Return typed fields, source URL, publication/update date when available, and verification timestamp. Label external options separately from official McNeese information.",low,2026-08-03
CAT-010,Bookstore and Team Store,Campus Commerce,CAT-010-S02,prices fees plans and payment methods,commerce_service,"Queries about Bookstore and Team Store, including its public services, requirements, processes, contacts, dates, policies, troubleshooting, and relevant external sources.",Bookstore and Team Store | McNeese bookstore | Cowboy Store,https://mcneesecowboystore.com/,official McNeese first; authoritative government/partner sources second; verified external discovery when the intent requires it,"Return typed fields, source URL, publication/update date when available, and verification timestamp. Label external options separately from official McNeese information.",low,2026-08-03
CAT-010,Bookstore and Team Store,Campus Commerce,CAT-010-S03,hours locations directions and accessibility,commerce_service,"Queries about Bookstore and Team Store, including its public services, requirements, processes, contacts, dates, policies, troubleshooting, and relevant external sources.",Bookstore and Team Store | McNeese bookstore | Cowboy Store,https://mcneesecowboystore.com/,official McNeese first; authoritative government/partner sources second; verified external discovery when the intent requires it,"Return typed fields, source URL, publication/update date when available, and verification timestamp. Label external options separately from official McNeese information.",low,2026-08-03
CAT-010,Bookstore and Team Store,Campus Commerce,CAT-010-S04,orders reservations applications and account access,commerce_service,"Queries about Bookstore and Team Store, including its public services, requirements, processes, contacts, dates, policies, troubleshooting, and relevant external sources.",Bookstore and Team Store | McNeese bookstore | Cowboy Store,https://mcneesecowboystore.com/,official McNeese first; authoritative government/partner sources second; verified external discovery when the intent requires it,"Return typed fields, source URL, publication/update date when available, and verification timestamp. Label external options separately from official McNeese information.",low,2026-08-03
CAT-010,Bookstore and Team Store,Campus Commerce,CAT-010-S05,refunds exchanges cancellations and disputes,commerce_service,"Queries about Bookstore and Team Store, including its public services, requirements, processes, contacts, dates, policies, troubleshooting, and relevant external sources.",Bookstore and Team Store | McNeese bookstore | Cowboy Store,https://mcneesecowboystore.com/,official McNeese first; authoritative government/partner sources second; verified external discovery when the intent requires it,"Return typed fields, source URL, publication/update date when available, and verification timestamp. Label external options separately from official McNeese information.",low,2026-08-03
CAT-010,Bookstore and Team Store,Campus Commerce,CAT-010-S06,contacts support and troubleshooting,commerce_service,"Queries about Bookstore and Team Store, including its public services, requirements, processes, contacts, dates, policies, troubleshooting, and relevant external sources.",Bookstore and Team Store | McNeese bookstore | Cowboy Store,https://mcneesecowboystore.com/,official McNeese first; authoritative government/partner sources second; verified external discovery when the intent requires it,"Return typed fields, source URL, publication/update date when available, and verification timestamp. Label external options separately from official McNeese information.",low,2026-08-03
CAT-010,Bookstore and Team Store,Campus Commerce,CAT-010-S07,policies nutrition accessibility and disclosures,commerce_service,"Queries about Bookstore and Team Store, including its public services, requirements, processes, contacts, dates, policies, troubleshooting, and relevant external sources.",Bookstore and Team Store | McNeese bookstore | Cowboy Store,https://mcneesecowboystore.com/,official McNeese first; authoritative government/partner sources second; verified external discovery when the intent requires it,"Return typed fields, source URL, publication/update date when available, and verification timestamp. Label external options separately from official McNeese information.",low,2026-08-03
CAT-010,Bookstore and Team Store,Campus Commerce,CAT-010-S08,external vendors alternatives and current availability,commerce_service,"Queries about Bookstore and Team Store, including its public services, requirements, processes, contacts, dates, policies, troubleshooting, and relevant external sources.",Bookstore and Team Store | McNeese bookstore | Cowboy Store,https://mcneesecowboystore.com/,official McNeese first; authoritative government/partner sources second; verified external discovery when the intent requires it,"Return typed fields, source URL, publication/update date when available, and verification timestamp. Label external options separately from official McNeese information.",low,2026-08-03
CAT-011,Department of Biology,Academic Departments,CAT-011-S01,degrees concentrations and certificates,academic_department,"Queries about Department of Biology, including its public services, requirements, processes, contacts, dates, policies, troubleshooting, and relevant external sources.",Department of Biology | McNeese Biology | Biology department,https://www.mcneese.edu/a-to-z/,official McNeese first; authoritative government/partner sources second; verified external discovery when the intent requires it,"Return typed fields, source URL, publication/update date when available, and verification timestamp. Label external options separately from official McNeese information.",low,2026-08-03
CAT-011,Department of Biology,Academic Departments,CAT-011-S02,admission and progression requirements,academic_department,"Queries about Department of Biology, including its public services, requirements, processes, contacts, dates, policies, troubleshooting, and relevant external sources.",Department of Biology | McNeese Biology | Biology department,https://www.mcneese.edu/a-to-z/,official McNeese first; authoritative government/partner sources second; verified external discovery when the intent requires it,"Return typed fields, source URL, publication/update date when available, and verification timestamp. Label external options separately from official McNeese information.",low,2026-08-03
CAT-011,Department of Biology,Academic Departments,CAT-011-S03,curriculum prerequisites and degree plans,academic_department,"Queries about Department of Biology, including its public services, requirements, processes, contacts, dates, policies, troubleshooting, and relevant external sources.",Department of Biology | McNeese Biology | Biology department,https://www.mcneese.edu/a-to-z/,official McNeese first; authoritative government/partner sources second; verified external discovery when the intent requires it,"Return typed fields, source URL, publication/update date when available, and verification timestamp. Label external options separately from official McNeese information.",low,2026-08-03
CAT-011,Department of Biology,Academic Departments,CAT-011-S04,courses sections and scheduling,academic_department,"Queries about Department of Biology, including its public services, requirements, processes, contacts, dates, policies, troubleshooting, and relevant external sources.",Department of Biology | McNeese Biology | Biology department,https://www.mcneese.edu/a-to-z/,official McNeese first; authoritative government/partner sources second; verified external discovery when the intent requires it,"Return typed fields, source URL, publication/update date when available, and verification timestamp. Label external options separately from official McNeese information.",low,2026-08-03
CAT-011,Department of Biology,Academic Departments,CAT-011-S05,faculty staff and department contacts,academic_department,"Queries about Department of Biology, including its public services, requirements, processes, contacts, dates, policies, troubleshooting, and relevant external sources.",Department of Biology | McNeese Biology | Biology department,https://www.mcneese.edu/a-to-z/,official McNeese first; authoritative government/partner sources second; verified external discovery when the intent requires it,"Return typed fields, source URL, publication/update date when available, and verification timestamp. Label external options separately from official McNeese information.",low,2026-08-03
CAT-011,Department of Biology,Academic Departments,CAT-011-S06,research laboratories and projects,academic_department,"Queries about Department of Biology, including its public services, requirements, processes, contacts, dates, policies, troubleshooting, and relevant external sources.",Department of Biology | McNeese Biology | Biology department,https://www.mcneese.edu/a-to-z/,official McNeese first; authoritative government/partner sources second; verified external discovery when the intent requires it,"Return typed fields, source URL, publication/update date when available, and verification timestamp. Label external options separately from official McNeese information.",low,2026-08-03
CAT-011,Department of Biology,Academic Departments,CAT-011-S07,student organizations events and opportunities,academic_department,"Queries about Department of Biology, including its public services, requirements, processes, contacts, dates, policies, troubleshooting, and relevant external sources.",Department of Biology | McNeese Biology | Biology department,https://www.mcneese.edu/a-to-z/,official McNeese first; authoritative government/partner sources second; verified external discovery when the intent requires it,"Return typed fields, source URL, publication/update date when available, and verification timestamp. Label external options separately from official McNeese information.",low,2026-08-03
CAT-011,Department of Biology,Academic Departments,CAT-011-S08,careers licensure and professional outcomes,academic_department,"Queries about Department of Biology, including its public services, requirements, processes, contacts, dates, policies, troubleshooting, and relevant external sources.",Department of Biology | McNeese Biology | Biology department,https://www.mcneese.edu/a-to-z/,official McNeese first; authoritative government/partner sources second; verified external discovery when the intent requires it,"Return typed fields, source URL, publication/update date when available, and verification timestamp. Label external options separately from official McNeese information.",low,2026-08-03
CAT-012,Business Affairs Office,Business and Finance,CAT-012-S01,mission leadership and organization,administrative_office,"Queries about Business Affairs Office, including its public services, requirements, processes, contacts, dates, policies, troubleshooting, and relevant external sources.",Business Affairs Office | McNeese Business Affairs | Division of Business Affairs,https://www.mcneese.edu/a-to-z/,official McNeese first; authoritative government/partner sources second; verified external discovery when the intent requires it,"Return typed fields, source URL, publication/update date when available, and verification timestamp. Label external options separately from official McNeese information.",low,2026-08-03
CAT-012,Business Affairs Office,Business and Finance,CAT-012-S02,services responsibilities and procedures,administrative_office,"Queries about Business Affairs Office, including its public services, requirements, processes, contacts, dates, policies, troubleshooting, and relevant external sources.",Business Affairs Office | McNeese Business Affairs | Division of Business Affairs,https://www.mcneese.edu/a-to-z/,official McNeese first; authoritative government/partner sources second; verified external discovery when the intent requires it,"Return typed fields, source URL, publication/update date when available, and verification timestamp. Label external options separately from official McNeese information.",low,2026-08-03
CAT-012,Business Affairs Office,Business and Finance,CAT-012-S03,forms templates and required documents,administrative_office,"Queries about Business Affairs Office, including its public services, requirements, processes, contacts, dates, policies, troubleshooting, and relevant external sources.",Business Affairs Office | McNeese Business Affairs | Division of Business Affairs,https://www.mcneese.edu/a-to-z/,official McNeese first; authoritative government/partner sources second; verified external discovery when the intent requires it,"Return typed fields, source URL, publication/update date when available, and verification timestamp. Label external options separately from official McNeese information.",low,2026-08-03
CAT-012,Business Affairs Office,Business and Finance,CAT-012-S04,policies standards and compliance,administrative_office,"Queries about Business Affairs Office, including its public services, requirements, processes, contacts, dates, policies, troubleshooting, and relevant external sources.",Business Affairs Office | McNeese Business Affairs | Division of Business Affairs,https://www.mcneese.edu/a-to-z/,official McNeese first; authoritative government/partner sources second; verified external discovery when the intent requires it,"Return typed fields, source URL, publication/update date when available, and verification timestamp. Label external options separately from official McNeese information.",low,2026-08-03
CAT-012,Business Affairs Office,Business and Finance,CAT-012-S05,contacts location and office hours,administrative_office,"Queries about Business Affairs Office, including its public services, requirements, processes, contacts, dates, policies, troubleshooting, and relevant external sources.",Business Affairs Office | McNeese Business Affairs | Division of Business Affairs,https://www.mcneese.edu/a-to-z/,official McNeese first; authoritative government/partner sources second; verified external discovery when the intent requires it,"Return typed fields, source URL, publication/update date when available, and verification timestamp. Label external options separately from official McNeese information.",low,2026-08-03
CAT-012,Business Affairs Office,Business and Finance,CAT-012-S06,deadlines calendars and processing times,administrative_office,"Queries about Business Affairs Office, including its public services, requirements, processes, contacts, dates, policies, troubleshooting, and relevant external sources.",Business Affairs Office | McNeese Business Affairs | Division of Business Affairs,https://www.mcneese.edu/a-to-z/,official McNeese first; authoritative government/partner sources second; verified external discovery when the intent requires it,"Return typed fields, source URL, publication/update date when available, and verification timestamp. Label external options separately from official McNeese information.",low,2026-08-03
CAT-012,Business Affairs Office,Business and Finance,CAT-012-S07,reports data and public records,administrative_office,"Queries about Business Affairs Office, including its public services, requirements, processes, contacts, dates, policies, troubleshooting, and relevant external sources.",Business Affairs Office | McNeese Business Affairs | Division of Business Affairs,https://www.mcneese.edu/a-to-z/,official McNeese first; authoritative government/partner sources second; verified external discovery when the intent requires it,"Return typed fields, source URL, publication/update date when available, and verification timestamp. Label external options separately from official McNeese information.",low,2026-08-03
CAT-012,Business Affairs Office,Business and Finance,CAT-012-S08,problems appeals complaints and escalation,administrative_office,"Queries about Business Affairs Office, including its public services, requirements, processes, contacts, dates, policies, troubleshooting, and relevant external sources.",Business Affairs Office | McNeese Business Affairs | Division of Business Affairs,https://www.mcneese.edu/a-to-z/,official McNeese first; authoritative government/partner sources second; verified external discovery when the intent requires it,"Return typed fields, source URL, publication/update date when available, and verification timestamp. Label external options separately from official McNeese information.",low,2026-08-03
CAT-013,Department of Business Disciplines,Academic Departments,CAT-013-S01,degrees concentrations and certificates,academic_department,"Queries about Department of Business Disciplines, including its public services, requirements, processes, contacts, dates, policies, troubleshooting, and relevant external sources.",Department of Business Disciplines | McNeese Business Disciplines | Business department,https://www.mcneese.edu/a-to-z/,official McNeese first; authoritative government/partner sources second; verified external discovery when the intent requires it,"Return typed fields, source URL, publication/update date when available, and verification timestamp. Label external options separately from official McNeese information.",low,2026-08-03
CAT-013,Department of Business Disciplines,Academic Departments,CAT-013-S02,admission and progression requirements,academic_department,"Queries about Department of Business Disciplines, including its public services, requirements, processes, contacts, dates, policies, troubleshooting, and relevant external sources.",Department of Business Disciplines | McNeese Business Disciplines | Business department,https://www.mcneese.edu/a-to-z/,official McNeese first; authoritative government/partner sources second; verified external discovery when the intent requires it,"Return typed fields, source URL, publication/update date when available, and verification timestamp. Label external options separately from official McNeese information.",low,2026-08-03
CAT-013,Department of Business Disciplines,Academic Departments,CAT-013-S03,curriculum prerequisites and degree plans,academic_department,"Queries about Department of Business Disciplines, including its public services, requirements, processes, contacts, dates, policies, troubleshooting, and relevant external sources.",Department of Business Disciplines | McNeese Business Disciplines | Business department,https://www.mcneese.edu/a-to-z/,official McNeese first; authoritative government/partner sources second; verified external discovery when the intent requires it,"Return typed fields, source URL, publication/update date when available, and verification timestamp. Label external options separately from official McNeese information.",low,2026-08-03
CAT-013,Department of Business Disciplines,Academic Departments,CAT-013-S04,courses sections and scheduling,academic_department,"Queries about Department of Business Disciplines, including its public services, requirements, processes, contacts, dates, policies, troubleshooting, and relevant external sources.",Department of Business Disciplines | McNeese Business Disciplines | Business department,https://www.mcneese.edu/a-to-z/,official McNeese first; authoritative government/partner sources second; verified external discovery when the intent requires it,"Return typed fields, source URL, publication/update date when available, and verification timestamp. Label external options separately from official McNeese information.",low,2026-08-03
CAT-013,Department of Business Disciplines,Academic Departments,CAT-013-S05,faculty staff and department contacts,academic_department,"Queries about Department of Business Disciplines, including its public services, requirements, processes, contacts, dates, policies, troubleshooting, and relevant external sources.",Department of Business Disciplines | McNeese Business Disciplines | Business department,https://www.mcneese.edu/a-to-z/,official McNeese first; authoritative government/partner sources second; verified external discovery when the intent requires it,"Return typed fields, source URL, publication/update date when available, and verification timestamp. Label external options separately from official McNeese information.",low,2026-08-03
CAT-013,Department of Business Disciplines,Academic Departments,CAT-013-S06,research laboratories and projects,academic_department,"Queries about Department of Business Disciplines, including its public services, requirements, processes, contacts, dates, policies, troubleshooting, and relevant external sources.",Department of Business Disciplines | McNeese Business Disciplines | Business department,https://www.mcneese.edu/a-to-z/,official McNeese first; authoritative government/partner sources second; verified external discovery when the intent requires it,"Return typed fields, source URL, publication/update date when available, and verification timestamp. Label external options separately from official McNeese information.",low,2026-08-03
CAT-013,Department of Business Disciplines,Academic Departments,CAT-013-S07,student organizations events and opportunities,academic_department,"Queries about Department of Business Disciplines, including its public services, requirements, processes, contacts, dates, policies, troubleshooting, and relevant external sources.",Department of Business Disciplines | McNeese Business Disciplines | Business department,https://www.mcneese.edu/a-to-z/,official McNeese first; authoritative government/partner sources second; verified external discovery when the intent requires it,"Return typed fields, source URL, publication/update date when available, and verification timestamp. Label external options separately from official McNeese information.",low,2026-08-03
CAT-013,Department of Business Disciplines,Academic Departments,CAT-013-S08,careers licensure and professional outcomes,academic_department,"Queries about Department of Business Disciplines, including its public services, requirements, processes, contacts, dates, policies, troubleshooting, and relevant external sources.",Department of Business Disciplines | McNeese Business Disciplines | Business department,https://www.mcneese.edu/a-to-z/,official McNeese first; authoritative government/partner sources second; verified external discovery when the intent requires it,"Return typed fields, source URL, publication/update date when available, and verification timestamp. Label external options separately from official McNeese information.",low,2026-08-03
CAT-014,Academic Catalog,Academics and Curriculum,CAT-014-S01,access login and authentication,academic_system,"Queries about Academic Catalog, including its public services, requirements, processes, contacts, dates, policies, troubleshooting, and relevant external sources.",Academic Catalog | McNeese catalog | course catalog,https://catalog.mcneese.edu/,official McNeese first; authoritative government/partner sources second; verified external discovery when the intent requires it,"Return typed fields, source URL, publication/update date when available, and verification timestamp. Label external options separately from official McNeese information.",medium,2026-08-03
CAT-014,Academic Catalog,Academics and Curriculum,CAT-014-S02,search browse and navigation,academic_system,"Queries about Academic Catalog, including its public services, requirements, processes, contacts, dates, policies, troubleshooting, and relevant external sources.",Academic Catalog | McNeese catalog | course catalog,https://catalog.mcneese.edu/,official McNeese first; authoritative government/partner sources second; verified external discovery when the intent requires it,"Return typed fields, source URL, publication/update date when available, and verification timestamp. Label external options separately from official McNeese information.",medium,2026-08-03
CAT-014,Academic Catalog,Academics and Curriculum,CAT-014-S03,dates deadlines and term availability,academic_system,"Queries about Academic Catalog, including its public services, requirements, processes, contacts, dates, policies, troubleshooting, and relevant external sources.",Academic Catalog | McNeese catalog | course catalog,https://catalog.mcneese.edu/,official McNeese first; authoritative government/partner sources second; verified external discovery when the intent requires it,"Return typed fields, source URL, publication/update date when available, and verification timestamp. Label external options separately from official McNeese information.",medium,2026-08-03
CAT-014,Academic Catalog,Academics and Curriculum,CAT-014-S04,requirements restrictions and holds,academic_system,"Queries about Academic Catalog, including its public services, requirements, processes, contacts, dates, policies, troubleshooting, and relevant external sources.",Academic Catalog | McNeese catalog | course catalog,https://catalog.mcneese.edu/,official McNeese first; authoritative government/partner sources second; verified external discovery when the intent requires it,"Return typed fields, source URL, publication/update date when available, and verification timestamp. Label external options separately from official McNeese information.",medium,2026-08-03
CAT-014,Academic Catalog,Academics and Curriculum,CAT-014-S05,records forms exports and confirmations,academic_system,"Queries about Academic Catalog, including its public services, requirements, processes, contacts, dates, policies, troubleshooting, and relevant external sources.",Academic Catalog | McNeese catalog | course catalog,https://catalog.mcneese.edu/,official McNeese first; authoritative government/partner sources second; verified external discovery when the intent requires it,"Return typed fields, source URL, publication/update date when available, and verification timestamp. Label external options separately from official McNeese information.",medium,2026-08-03
CAT-014,Academic Catalog,Academics and Curriculum,CAT-014-S06,errors troubleshooting and support,academic_system,"Queries about Academic Catalog, including its public services, requirements, processes, contacts, dates, policies, troubleshooting, and relevant external sources.",Academic Catalog | McNeese catalog | course catalog,https://catalog.mcneese.edu/,official McNeese first; authoritative government/partner sources second; verified external discovery when the intent requires it,"Return typed fields, source URL, publication/update date when available, and verification timestamp. Label external options separately from official McNeese information.",medium,2026-08-03
CAT-014,Academic Catalog,Academics and Curriculum,CAT-014-S07,data fields status meanings and interpretation,academic_system,"Queries about Academic Catalog, including its public services, requirements, processes, contacts, dates, policies, troubleshooting, and relevant external sources.",Academic Catalog | McNeese catalog | course catalog,https://catalog.mcneese.edu/,official McNeese first; authoritative government/partner sources second; verified external discovery when the intent requires it,"Return typed fields, source URL, publication/update date when available, and verification timestamp. Label external options separately from official McNeese information.",medium,2026-08-03
CAT-014,Academic Catalog,Academics and Curriculum,CAT-014-S08,privacy security and authorized access,academic_system,"Queries about Academic Catalog, including its public services, requirements, processes, contacts, dates, policies, troubleshooting, and relevant external sources.",Academic Catalog | McNeese catalog | course catalog,https://catalog.mcneese.edu/,official McNeese first; authoritative government/partner sources second; verified external discovery when the intent requires it,"Return typed fields, source URL, publication/update date when available, and verification timestamp. Label external options separately from official McNeese information.",medium,2026-08-03
CAT-015,Campus Compliance and Civility,"Safety, Rights, and Compliance",CAT-015-S01,emergency contacts and immediate assistance,safety_compliance,"Queries about Campus Compliance and Civility, including its public services, requirements, processes, contacts, dates, policies, troubleshooting, and relevant external sources.",Campus Compliance and Civility | McNeese compliance | Campus civility office,https://www.mcneese.edu/a-to-z/,official McNeese first; authoritative government/partner sources second; verified external discovery when the intent requires it,"Return typed fields, source URL, publication/update date when available, and verification timestamp. Label external options separately from official McNeese information.",high,2026-08-03
CAT-015,Campus Compliance and Civility,"Safety, Rights, and Compliance",CAT-015-S02,reporting incidents concerns and crimes,safety_compliance,"Queries about Campus Compliance and Civility, including its public services, requirements, processes, contacts, dates, policies, troubleshooting, and relevant external sources.",Campus Compliance and Civility | McNeese compliance | Campus civility office,https://www.mcneese.edu/a-to-z/,official McNeese first; authoritative government/partner sources second; verified external discovery when the intent requires it,"Return typed fields, source URL, publication/update date when available, and verification timestamp. Label external options separately from official McNeese information.",high,2026-08-03
CAT-015,Campus Compliance and Civility,"Safety, Rights, and Compliance",CAT-015-S03,policies rights and responsibilities,safety_compliance,"Queries about Campus Compliance and Civility, including its public services, requirements, processes, contacts, dates, policies, troubleshooting, and relevant external sources.",Campus Compliance and Civility | McNeese compliance | Campus civility office,https://www.mcneese.edu/a-to-z/,official McNeese first; authoritative government/partner sources second; verified external discovery when the intent requires it,"Return typed fields, source URL, publication/update date when available, and verification timestamp. Label external options separately from official McNeese information.",high,2026-08-03
CAT-015,Campus Compliance and Civility,"Safety, Rights, and Compliance",CAT-015-S04,prevention training and safety resources,safety_compliance,"Queries about Campus Compliance and Civility, including its public services, requirements, processes, contacts, dates, policies, troubleshooting, and relevant external sources.",Campus Compliance and Civility | McNeese compliance | Campus civility office,https://www.mcneese.edu/a-to-z/,official McNeese first; authoritative government/partner sources second; verified external discovery when the intent requires it,"Return typed fields, source URL, publication/update date when available, and verification timestamp. Label external options separately from official McNeese information.",high,2026-08-03
CAT-015,Campus Compliance and Civility,"Safety, Rights, and Compliance",CAT-015-S05,office location contacts and hours,safety_compliance,"Queries about Campus Compliance and Civility, including its public services, requirements, processes, contacts, dates, policies, troubleshooting, and relevant external sources.",Campus Compliance and Civility | McNeese compliance | Campus civility office,https://www.mcneese.edu/a-to-z/,official McNeese first; authoritative government/partner sources second; verified external discovery when the intent requires it,"Return typed fields, source URL, publication/update date when available, and verification timestamp. Label external options separately from official McNeese information.",high,2026-08-03
CAT-015,Campus Compliance and Civility,"Safety, Rights, and Compliance",CAT-015-S06,alerts closures and current status,safety_compliance,"Queries about Campus Compliance and Civility, including its public services, requirements, processes, contacts, dates, policies, troubleshooting, and relevant external sources.",Campus Compliance and Civility | McNeese compliance | Campus civility office,https://www.mcneese.edu/a-to-z/,official McNeese first; authoritative government/partner sources second; verified external discovery when the intent requires it,"Return typed fields, source URL, publication/update date when available, and verification timestamp. Label external options separately from official McNeese information.",high,2026-08-03
CAT-015,Campus Compliance and Civility,"Safety, Rights, and Compliance",CAT-015-S07,complaints investigations appeals and records,safety_compliance,"Queries about Campus Compliance and Civility, including its public services, requirements, processes, contacts, dates, policies, troubleshooting, and relevant external sources.",Campus Compliance and Civility | McNeese compliance | Campus civility office,https://www.mcneese.edu/a-to-z/,official McNeese first; authoritative government/partner sources second; verified external discovery when the intent requires it,"Return typed fields, source URL, publication/update date when available, and verification timestamp. Label external options separately from official McNeese information.",high,2026-08-03
CAT-015,Campus Compliance and Civility,"Safety, Rights, and Compliance",CAT-015-S08,external police emergency and regulatory agencies,safety_compliance,"Queries about Campus Compliance and Civility, including its public services, requirements, processes, contacts, dates, policies, troubleshooting, and relevant external sources.",Campus Compliance and Civility | McNeese compliance | Campus civility office,https://www.mcneese.edu/a-to-z/,official McNeese first; authoritative government/partner sources second; verified external discovery when the intent requires it,"Return typed fields, source URL, publication/update date when available, and verification timestamp. Label external options separately from official McNeese information.",high,2026-08-03
CAT-016,Campus Dining Services,Housing and Dining,CAT-016-S01,products services menus and availability,commerce_service,"Queries about Campus Dining Services, including its public services, requirements, processes, contacts, dates, policies, troubleshooting, and relevant external sources.",Campus Dining Services | McNeese dining | Sodexo McNeese,https://mcneesedining.sodexomyway.com/,official McNeese first; authoritative government/partner sources second; verified external discovery when the intent requires it,"Return typed fields, source URL, publication/update date when available, and verification timestamp. Label external options separately from official McNeese information.",low,2026-08-03
CAT-016,Campus Dining Services,Housing and Dining,CAT-016-S02,prices fees plans and payment methods,commerce_service,"Queries about Campus Dining Services, including its public services, requirements, processes, contacts, dates, policies, troubleshooting, and relevant external sources.",Campus Dining Services | McNeese dining | Sodexo McNeese,https://mcneesedining.sodexomyway.com/,official McNeese first; authoritative government/partner sources second; verified external discovery when the intent requires it,"Return typed fields, source URL, publication/update date when available, and verification timestamp. Label external options separately from official McNeese information.",low,2026-08-03
CAT-016,Campus Dining Services,Housing and Dining,CAT-016-S03,hours locations directions and accessibility,commerce_service,"Queries about Campus Dining Services, including its public services, requirements, processes, contacts, dates, policies, troubleshooting, and relevant external sources.",Campus Dining Services | McNeese dining | Sodexo McNeese,https://mcneesedining.sodexomyway.com/,official McNeese first; authoritative government/partner sources second; verified external discovery when the intent requires it,"Return typed fields, source URL, publication/update date when available, and verification timestamp. Label external options separately from official McNeese information.",low,2026-08-03
CAT-016,Campus Dining Services,Housing and Dining,CAT-016-S04,orders reservations applications and account access,commerce_service,"Queries about Campus Dining Services, including its public services, requirements, processes, contacts, dates, policies, troubleshooting, and relevant external sources.",Campus Dining Services | McNeese dining | Sodexo McNeese,https://mcneesedining.sodexomyway.com/,official McNeese first; authoritative government/partner sources second; verified external discovery when the intent requires it,"Return typed fields, source URL, publication/update date when available, and verification timestamp. Label external options separately from official McNeese information.",low,2026-08-03
CAT-016,Campus Dining Services,Housing and Dining,CAT-016-S05,refunds exchanges cancellations and disputes,commerce_service,"Queries about Campus Dining Services, including its public services, requirements, processes, contacts, dates, policies, troubleshooting, and relevant external sources.",Campus Dining Services | McNeese dining | Sodexo McNeese,https://mcneesedining.sodexomyway.com/,official McNeese first; authoritative government/partner sources second; verified external discovery when the intent requires it,"Return typed fields, source URL, publication/update date when available, and verification timestamp. Label external options separately from official McNeese information.",low,2026-08-03
CAT-016,Campus Dining Services,Housing and Dining,CAT-016-S06,contacts support and troubleshooting,commerce_service,"Queries about Campus Dining Services, including its public services, requirements, processes, contacts, dates, policies, troubleshooting, and relevant external sources.",Campus Dining Services | McNeese dining | Sodexo McNeese,https://mcneesedining.sodexomyway.com/,official McNeese first; authoritative government/partner sources second; verified external discovery when the intent requires it,"Return typed fields, source URL, publication/update date when available, and verification timestamp. Label external options separately from official McNeese information.",low,2026-08-03
CAT-016,Campus Dining Services,Housing and Dining,CAT-016-S07,policies nutrition accessibility and disclosures,commerce_service,"Queries about Campus Dining Services, including its public services, requirements, processes, contacts, dates, policies, troubleshooting, and relevant external sources.",Campus Dining Services | McNeese dining | Sodexo McNeese,https://mcneesedining.sodexomyway.com/,official McNeese first; authoritative government/partner sources second; verified external discovery when the intent requires it,"Return typed fields, source URL, publication/update date when available, and verification timestamp. Label external options separately from official McNeese information.",low,2026-08-03
CAT-016,Campus Dining Services,Housing and Dining,CAT-016-S08,external vendors alternatives and current availability,commerce_service,"Queries about Campus Dining Services, including its public services, requirements, processes, contacts, dates, policies, troubleshooting, and relevant external sources.",Campus Dining Services | McNeese dining | Sodexo McNeese,https://mcneesedining.sodexomyway.com/,official McNeese first; authoritative government/partner sources second; verified external discovery when the intent requires it,"Return typed fields, source URL, publication/update date when available, and verification timestamp. Label external options separately from official McNeese information.",low,2026-08-03
CAT-017,Campus Housing and Residential Life,Housing and Dining,CAT-017-S01,eligibility and who can use the service,student_service,"Queries about Campus Housing and Residential Life, including its public services, requirements, processes, contacts, dates, policies, troubleshooting, and relevant external sources.",Campus Housing and Residential Life | McNeese housing | McNeese residence life,https://mcneesereslife.com/,official McNeese first; authoritative government/partner sources second; verified external discovery when the intent requires it,"Return typed fields, source URL, publication/update date when available, and verification timestamp. Label external options separately from official McNeese information.",medium,2026-08-03
CAT-017,Campus Housing and Residential Life,Housing and Dining,CAT-017-S02,services programs and available support,student_service,"Queries about Campus Housing and Residential Life, including its public services, requirements, processes, contacts, dates, policies, troubleshooting, and relevant external sources.",Campus Housing and Residential Life | McNeese housing | McNeese residence life,https://mcneesereslife.com/,official McNeese first; authoritative government/partner sources second; verified external discovery when the intent requires it,"Return typed fields, source URL, publication/update date when available, and verification timestamp. Label external options separately from official McNeese information.",medium,2026-08-03
CAT-017,Campus Housing and Residential Life,Housing and Dining,CAT-017-S03,appointments applications and access steps,student_service,"Queries about Campus Housing and Residential Life, including its public services, requirements, processes, contacts, dates, policies, troubleshooting, and relevant external sources.",Campus Housing and Residential Life | McNeese housing | McNeese residence life,https://mcneesereslife.com/,official McNeese first; authoritative government/partner sources second; verified external discovery when the intent requires it,"Return typed fields, source URL, publication/update date when available, and verification timestamp. Label external options separately from official McNeese information.",medium,2026-08-03
CAT-017,Campus Housing and Residential Life,Housing and Dining,CAT-017-S04,forms documents and preparation,student_service,"Queries about Campus Housing and Residential Life, including its public services, requirements, processes, contacts, dates, policies, troubleshooting, and relevant external sources.",Campus Housing and Residential Life | McNeese housing | McNeese residence life,https://mcneesereslife.com/,official McNeese first; authoritative government/partner sources second; verified external discovery when the intent requires it,"Return typed fields, source URL, publication/update date when available, and verification timestamp. Label external options separately from official McNeese information.",medium,2026-08-03
CAT-017,Campus Housing and Residential Life,Housing and Dining,CAT-017-S05,costs fees insurance and funding,student_service,"Queries about Campus Housing and Residential Life, including its public services, requirements, processes, contacts, dates, policies, troubleshooting, and relevant external sources.",Campus Housing and Residential Life | McNeese housing | McNeese residence life,https://mcneesereslife.com/,official McNeese first; authoritative government/partner sources second; verified external discovery when the intent requires it,"Return typed fields, source URL, publication/update date when available, and verification timestamp. Label external options separately from official McNeese information.",medium,2026-08-03
CAT-017,Campus Housing and Residential Life,Housing and Dining,CAT-017-S06,contacts location hours and accessibility,student_service,"Queries about Campus Housing and Residential Life, including its public services, requirements, processes, contacts, dates, policies, troubleshooting, and relevant external sources.",Campus Housing and Residential Life | McNeese housing | McNeese residence life,https://mcneesereslife.com/,official McNeese first; authoritative government/partner sources second; verified external discovery when the intent requires it,"Return typed fields, source URL, publication/update date when available, and verification timestamp. Label external options separately from official McNeese information.",medium,2026-08-03
CAT-017,Campus Housing and Residential Life,Housing and Dining,CAT-017-S07,policies confidentiality and student rights,student_service,"Queries about Campus Housing and Residential Life, including its public services, requirements, processes, contacts, dates, policies, troubleshooting, and relevant external sources.",Campus Housing and Residential Life | McNeese housing | McNeese residence life,https://mcneesereslife.com/,official McNeese first; authoritative government/partner sources second; verified external discovery when the intent requires it,"Return typed fields, source URL, publication/update date when available, and verification timestamp. Label external options separately from official McNeese information.",medium,2026-08-03
CAT-017,Campus Housing and Residential Life,Housing and Dining,CAT-017-S08,urgent help troubleshooting and external alternatives,student_service,"Queries about Campus Housing and Residential Life, including its public services, requirements, processes, contacts, dates, policies, troubleshooting, and relevant external sources.",Campus Housing and Residential Life | McNeese housing | McNeese residence life,https://mcneesereslife.com/,official McNeese first; authoritative government/partner sources second; verified external discovery when the intent requires it,"Return typed fields, source URL, publication/update date when available, and verification timestamp. Label external options separately from official McNeese information.",medium,2026-08-03
CAT-018,Campus Maps and Navigation,Campus Operations,CAT-018-S01,nearby options and geographic search,external_local,"Queries about Campus Maps and Navigation, including its public services, requirements, processes, contacts, dates, policies, troubleshooting, and relevant external sources.",Campus Maps and Navigation | McNeese campus map | McNeese directions,https://www.mcneese.edu/campusmaps/,official McNeese first; authoritative government/partner sources second; verified external discovery when the intent requires it,"Return typed fields, source URL, publication/update date when available, and verification timestamp. Label external options separately from official McNeese information.",low,2026-08-03
CAT-018,Campus Maps and Navigation,Campus Operations,CAT-018-S02,availability hours and current status,external_local,"Queries about Campus Maps and Navigation, including its public services, requirements, processes, contacts, dates, policies, troubleshooting, and relevant external sources.",Campus Maps and Navigation | McNeese campus map | McNeese directions,https://www.mcneese.edu/campusmaps/,official McNeese first; authoritative government/partner sources second; verified external discovery when the intent requires it,"Return typed fields, source URL, publication/update date when available, and verification timestamp. Label external options separately from official McNeese information.",low,2026-08-03
CAT-018,Campus Maps and Navigation,Campus Operations,CAT-018-S03,prices fees deposits and affordability,external_local,"Queries about Campus Maps and Navigation, including its public services, requirements, processes, contacts, dates, policies, troubleshooting, and relevant external sources.",Campus Maps and Navigation | McNeese campus map | McNeese directions,https://www.mcneese.edu/campusmaps/,official McNeese first; authoritative government/partner sources second; verified external discovery when the intent requires it,"Return typed fields, source URL, publication/update date when available, and verification timestamp. Label external options separately from official McNeese information.",low,2026-08-03
CAT-018,Campus Maps and Navigation,Campus Operations,CAT-018-S04,eligibility requirements and restrictions,external_local,"Queries about Campus Maps and Navigation, including its public services, requirements, processes, contacts, dates, policies, troubleshooting, and relevant external sources.",Campus Maps and Navigation | McNeese campus map | McNeese directions,https://www.mcneese.edu/campusmaps/,official McNeese first; authoritative government/partner sources second; verified external discovery when the intent requires it,"Return typed fields, source URL, publication/update date when available, and verification timestamp. Label external options separately from official McNeese information.",low,2026-08-03
CAT-018,Campus Maps and Navigation,Campus Operations,CAT-018-S05,directions transportation parking and accessibility,external_local,"Queries about Campus Maps and Navigation, including its public services, requirements, processes, contacts, dates, policies, troubleshooting, and relevant external sources.",Campus Maps and Navigation | McNeese campus map | McNeese directions,https://www.mcneese.edu/campusmaps/,official McNeese first; authoritative government/partner sources second; verified external discovery when the intent requires it,"Return typed fields, source URL, publication/update date when available, and verification timestamp. Label external options separately from official McNeese information.",low,2026-08-03
CAT-018,Campus Maps and Navigation,Campus Operations,CAT-018-S06,applications reservations and contact methods,external_local,"Queries about Campus Maps and Navigation, including its public services, requirements, processes, contacts, dates, policies, troubleshooting, and relevant external sources.",Campus Maps and Navigation | McNeese campus map | McNeese directions,https://www.mcneese.edu/campusmaps/,official McNeese first; authoritative government/partner sources second; verified external discovery when the intent requires it,"Return typed fields, source URL, publication/update date when available, and verification timestamp. Label external options separately from official McNeese information.",low,2026-08-03
CAT-018,Campus Maps and Navigation,Campus Operations,CAT-018-S07,reviews verification safety and trust,external_local,"Queries about Campus Maps and Navigation, including its public services, requirements, processes, contacts, dates, policies, troubleshooting, and relevant external sources.",Campus Maps and Navigation | McNeese campus map | McNeese directions,https://www.mcneese.edu/campusmaps/,official McNeese first; authoritative government/partner sources second; verified external discovery when the intent requires it,"Return typed fields, source URL, publication/update date when available, and verification timestamp. Label external options separately from official McNeese information.",low,2026-08-03
CAT-018,Campus Maps and Navigation,Campus Operations,CAT-018-S08,official local sources and alternative providers,external_local,"Queries about Campus Maps and Navigation, including its public services, requirements, processes, contacts, dates, policies, troubleshooting, and relevant external sources.",Campus Maps and Navigation | McNeese campus map | McNeese directions,https://www.mcneese.edu/campusmaps/,official McNeese first; authoritative government/partner sources second; verified external discovery when the intent requires it,"Return typed fields, source URL, publication/update date when available, and verification timestamp. Label external options separately from official McNeese information.",low,2026-08-03
CAT-019,Career and Professional Development Center,Careers and Employment,CAT-019-S01,job listings and open positions,employment,"Queries about Career and Professional Development Center, including its public services, requirements, processes, contacts, dates, policies, troubleshooting, and relevant external sources.",Career and Professional Development Center | McNeese Career Center | Career Services McNeese,https://www.mcneese.edu/a-to-z/,official McNeese first; authoritative government/partner sources second; verified external discovery when the intent requires it,"Return typed fields, source URL, publication/update date when available, and verification timestamp. Label external options separately from official McNeese information.",medium,2026-08-03
CAT-019,Career and Professional Development Center,Careers and Employment,CAT-019-S02,student employment and work study,employment,"Queries about Career and Professional Development Center, including its public services, requirements, processes, contacts, dates, policies, troubleshooting, and relevant external sources.",Career and Professional Development Center | McNeese Career Center | Career Services McNeese,https://www.mcneese.edu/a-to-z/,official McNeese first; authoritative government/partner sources second; verified external discovery when the intent requires it,"Return typed fields, source URL, publication/update date when available, and verification timestamp. Label external options separately from official McNeese information.",medium,2026-08-03
CAT-019,Career and Professional Development Center,Careers and Employment,CAT-019-S03,internships co-ops and experiential learning,employment,"Queries about Career and Professional Development Center, including its public services, requirements, processes, contacts, dates, policies, troubleshooting, and relevant external sources.",Career and Professional Development Center | McNeese Career Center | Career Services McNeese,https://www.mcneese.edu/a-to-z/,official McNeese first; authoritative government/partner sources second; verified external discovery when the intent requires it,"Return typed fields, source URL, publication/update date when available, and verification timestamp. Label external options separately from official McNeese information.",medium,2026-08-03
CAT-019,Career and Professional Development Center,Careers and Employment,CAT-019-S04,faculty staff and graduate assistant roles,employment,"Queries about Career and Professional Development Center, including its public services, requirements, processes, contacts, dates, policies, troubleshooting, and relevant external sources.",Career and Professional Development Center | McNeese Career Center | Career Services McNeese,https://www.mcneese.edu/a-to-z/,official McNeese first; authoritative government/partner sources second; verified external discovery when the intent requires it,"Return typed fields, source URL, publication/update date when available, and verification timestamp. Label external options separately from official McNeese information.",medium,2026-08-03
CAT-019,Career and Professional Development Center,Careers and Employment,CAT-019-S05,application resumes interviews and hiring steps,employment,"Queries about Career and Professional Development Center, including its public services, requirements, processes, contacts, dates, policies, troubleshooting, and relevant external sources.",Career and Professional Development Center | McNeese Career Center | Career Services McNeese,https://www.mcneese.edu/a-to-z/,official McNeese first; authoritative government/partner sources second; verified external discovery when the intent requires it,"Return typed fields, source URL, publication/update date when available, and verification timestamp. Label external options separately from official McNeese information.",medium,2026-08-03
CAT-019,Career and Professional Development Center,Careers and Employment,CAT-019-S06,eligibility authorization and international student rules,employment,"Queries about Career and Professional Development Center, including its public services, requirements, processes, contacts, dates, policies, troubleshooting, and relevant external sources.",Career and Professional Development Center | McNeese Career Center | Career Services McNeese,https://www.mcneese.edu/a-to-z/,official McNeese first; authoritative government/partner sources second; verified external discovery when the intent requires it,"Return typed fields, source URL, publication/update date when available, and verification timestamp. Label external options separately from official McNeese information.",medium,2026-08-03
CAT-019,Career and Professional Development Center,Careers and Employment,CAT-019-S07,pay benefits schedules and workplace policies,employment,"Queries about Career and Professional Development Center, including its public services, requirements, processes, contacts, dates, policies, troubleshooting, and relevant external sources.",Career and Professional Development Center | McNeese Career Center | Career Services McNeese,https://www.mcneese.edu/a-to-z/,official McNeese first; authoritative government/partner sources second; verified external discovery when the intent requires it,"Return typed fields, source URL, publication/update date when available, and verification timestamp. Label external options separately from official McNeese information.",medium,2026-08-03
CAT-019,Career and Professional Development Center,Careers and Employment,CAT-019-S08,external job boards employers and career research,employment,"Queries about Career and Professional Development Center, including its public services, requirements, processes, contacts, dates, policies, troubleshooting, and relevant external sources.",Career and Professional Development Center | McNeese Career Center | Career Services McNeese,https://www.mcneese.edu/a-to-z/,official McNeese first; authoritative government/partner sources second; verified external discovery when the intent requires it,"Return typed fields, source URL, publication/update date when available, and verification timestamp. Label external options separately from official McNeese information.",medium,2026-08-03
CAT-020,Cashier and Student Accounts,Business and Finance,CAT-020-S01,eligibility and applicant types,admissions_finance,"Queries about Cashier and Student Accounts, including its public services, requirements, processes, contacts, dates, policies, troubleshooting, and relevant external sources.",Cashier and Student Accounts | McNeese Cashier | student billing McNeese,https://www.mcneese.edu/a-to-z/,official McNeese first; authoritative government/partner sources second; verified external discovery when the intent requires it,"Return typed fields, source URL, publication/update date when available, and verification timestamp. Label external options separately from official McNeese information.",medium,2026-08-03
CAT-020,Cashier and Student Accounts,Business and Finance,CAT-020-S02,requirements documents and test scores,admissions_finance,"Queries about Cashier and Student Accounts, including its public services, requirements, processes, contacts, dates, policies, troubleshooting, and relevant external sources.",Cashier and Student Accounts | McNeese Cashier | student billing McNeese,https://www.mcneese.edu/a-to-z/,official McNeese first; authoritative government/partner sources second; verified external discovery when the intent requires it,"Return typed fields, source URL, publication/update date when available, and verification timestamp. Label external options separately from official McNeese information.",medium,2026-08-03
CAT-020,Cashier and Student Accounts,Business and Finance,CAT-020-S03,application steps forms and status,admissions_finance,"Queries about Cashier and Student Accounts, including its public services, requirements, processes, contacts, dates, policies, troubleshooting, and relevant external sources.",Cashier and Student Accounts | McNeese Cashier | student billing McNeese,https://www.mcneese.edu/a-to-z/,official McNeese first; authoritative government/partner sources second; verified external discovery when the intent requires it,"Return typed fields, source URL, publication/update date when available, and verification timestamp. Label external options separately from official McNeese information.",medium,2026-08-03
CAT-020,Cashier and Student Accounts,Business and Finance,CAT-020-S04,deadlines dates and processing times,admissions_finance,"Queries about Cashier and Student Accounts, including its public services, requirements, processes, contacts, dates, policies, troubleshooting, and relevant external sources.",Cashier and Student Accounts | McNeese Cashier | student billing McNeese,https://www.mcneese.edu/a-to-z/,official McNeese first; authoritative government/partner sources second; verified external discovery when the intent requires it,"Return typed fields, source URL, publication/update date when available, and verification timestamp. Label external options separately from official McNeese information.",medium,2026-08-03
CAT-020,Cashier and Student Accounts,Business and Finance,CAT-020-S05,tuition fees costs and refunds,admissions_finance,"Queries about Cashier and Student Accounts, including its public services, requirements, processes, contacts, dates, policies, troubleshooting, and relevant external sources.",Cashier and Student Accounts | McNeese Cashier | student billing McNeese,https://www.mcneese.edu/a-to-z/,official McNeese first; authoritative government/partner sources second; verified external discovery when the intent requires it,"Return typed fields, source URL, publication/update date when available, and verification timestamp. Label external options separately from official McNeese information.",medium,2026-08-03
CAT-020,Cashier and Student Accounts,Business and Finance,CAT-020-S06,aid scholarships waivers and payment options,admissions_finance,"Queries about Cashier and Student Accounts, including its public services, requirements, processes, contacts, dates, policies, troubleshooting, and relevant external sources.",Cashier and Student Accounts | McNeese Cashier | student billing McNeese,https://www.mcneese.edu/a-to-z/,official McNeese first; authoritative government/partner sources second; verified external discovery when the intent requires it,"Return typed fields, source URL, publication/update date when available, and verification timestamp. Label external options separately from official McNeese information.",medium,2026-08-03
CAT-020,Cashier and Student Accounts,Business and Finance,CAT-020-S07,holds appeals exceptions and special circumstances,admissions_finance,"Queries about Cashier and Student Accounts, including its public services, requirements, processes, contacts, dates, policies, troubleshooting, and relevant external sources.",Cashier and Student Accounts | McNeese Cashier | student billing McNeese,https://www.mcneese.edu/a-to-z/,official McNeese first; authoritative government/partner sources second; verified external discovery when the intent requires it,"Return typed fields, source URL, publication/update date when available, and verification timestamp. Label external options separately from official McNeese information.",medium,2026-08-03
CAT-020,Cashier and Student Accounts,Business and Finance,CAT-020-S08,contacts official sources and external authorities,admissions_finance,"Queries about Cashier and Student Accounts, including its public services, requirements, processes, contacts, dates, policies, troubleshooting, and relevant external sources.",Cashier and Student Accounts | McNeese Cashier | student billing McNeese,https://www.mcneese.edu/a-to-z/,official McNeese first; authoritative government/partner sources second; verified external discovery when the intent requires it,"Return typed fields, source URL, publication/update date when available, and verification timestamp. Label external options separately from official McNeese information.",medium,2026-08-03
CAT-021,Center for Advancement of Meat Production and Processing,Research and Industry,CAT-021-S01,degrees concentrations and certificates,academic_department,"Queries about Center for Advancement of Meat Production and Processing, including its public services, requirements, processes, contacts, dates, policies, troubleshooting, and relevant external sources.",Center for Advancement of Meat Production and Processing | McNeese CAMPP | meat production center,https://www.mcneese.edu/a-to-z/,official McNeese first; authoritative government/partner sources second; verified external discovery when the intent requires it,"Return typed fields, source URL, publication/update date when available, and verification timestamp. Label external options separately from official McNeese information.",low,2026-08-03
CAT-021,Center for Advancement of Meat Production and Processing,Research and Industry,CAT-021-S02,admission and progression requirements,academic_department,"Queries about Center for Advancement of Meat Production and Processing, including its public services, requirements, processes, contacts, dates, policies, troubleshooting, and relevant external sources.",Center for Advancement of Meat Production and Processing | McNeese CAMPP | meat production center,https://www.mcneese.edu/a-to-z/,official McNeese first; authoritative government/partner sources second; verified external discovery when the intent requires it,"Return typed fields, source URL, publication/update date when available, and verification timestamp. Label external options separately from official McNeese information.",low,2026-08-03
CAT-021,Center for Advancement of Meat Production and Processing,Research and Industry,CAT-021-S03,curriculum prerequisites and degree plans,academic_department,"Queries about Center for Advancement of Meat Production and Processing, including its public services, requirements, processes, contacts, dates, policies, troubleshooting, and relevant external sources.",Center for Advancement of Meat Production and Processing | McNeese CAMPP | meat production center,https://www.mcneese.edu/a-to-z/,official McNeese first; authoritative government/partner sources second; verified external discovery when the intent requires it,"Return typed fields, source URL, publication/update date when available, and verification timestamp. Label external options separately from official McNeese information.",low,2026-08-03
CAT-021,Center for Advancement of Meat Production and Processing,Research and Industry,CAT-021-S04,courses sections and scheduling,academic_department,"Queries about Center for Advancement of Meat Production and Processing, including its public services, requirements, processes, contacts, dates, policies, troubleshooting, and relevant external sources.",Center for Advancement of Meat Production and Processing | McNeese CAMPP | meat production center,https://www.mcneese.edu/a-to-z/,official McNeese first; authoritative government/partner sources second; verified external discovery when the intent requires it,"Return typed fields, source URL, publication/update date when available, and verification timestamp. Label external options separately from official McNeese information.",low,2026-08-03
CAT-021,Center for Advancement of Meat Production and Processing,Research and Industry,CAT-021-S05,faculty staff and department contacts,academic_department,"Queries about Center for Advancement of Meat Production and Processing, including its public services, requirements, processes, contacts, dates, policies, troubleshooting, and relevant external sources.",Center for Advancement of Meat Production and Processing | McNeese CAMPP | meat production center,https://www.mcneese.edu/a-to-z/,official McNeese first; authoritative government/partner sources second; verified external discovery when the intent requires it,"Return typed fields, source URL, publication/update date when available, and verification timestamp. Label external options separately from official McNeese information.",low,2026-08-03
CAT-021,Center for Advancement of Meat Production and Processing,Research and Industry,CAT-021-S06,research laboratories and projects,academic_department,"Queries about Center for Advancement of Meat Production and Processing, including its public services, requirements, processes, contacts, dates, policies, troubleshooting, and relevant external sources.",Center for Advancement of Meat Production and Processing | McNeese CAMPP | meat production center,https://www.mcneese.edu/a-to-z/,official McNeese first; authoritative government/partner sources second; verified external discovery when the intent requires it,"Return typed fields, source URL, publication/update date when available, and verification timestamp. Label external options separately from official McNeese information.",low,2026-08-03
CAT-021,Center for Advancement of Meat Production and Processing,Research and Industry,CAT-021-S07,student organizations events and opportunities,academic_department,"Queries about Center for Advancement of Meat Production and Processing, including its public services, requirements, processes, contacts, dates, policies, troubleshooting, and relevant external sources.",Center for Advancement of Meat Production and Processing | McNeese CAMPP | meat production center,https://www.mcneese.edu/a-to-z/,official McNeese first; authoritative government/partner sources second; verified external discovery when the intent requires it,"Return typed fields, source URL, publication/update date when available, and verification timestamp. Label external options separately from official McNeese information.",low,2026-08-03
CAT-021,Center for Advancement of Meat Production and Processing,Research and Industry,CAT-021-S08,careers licensure and professional outcomes,academic_department,"Queries about Center for Advancement of Meat Production and Processing, including its public services, requirements, processes, contacts, dates, policies, troubleshooting, and relevant external sources.",Center for Advancement of Meat Production and Processing | McNeese CAMPP | meat production center,https://www.mcneese.edu/a-to-z/,official McNeese first; authoritative government/partner sources second; verified external discovery when the intent requires it,"Return typed fields, source URL, publication/update date when available, and verification timestamp. Label external options separately from official McNeese information.",low,2026-08-03
CAT-022,CLASS and Student Success and Retention,Student Support,CAT-022-S01,eligibility and who can use the service,student_service,"Queries about CLASS and Student Success and Retention, including its public services, requirements, processes, contacts, dates, policies, troubleshooting, and relevant external sources.",CLASS and Student Success and Retention | McNeese CLASS | Student Success and Retention,https://www.mcneese.edu/a-to-z/,official McNeese first; authoritative government/partner sources second; verified external discovery when the intent requires it,"Return typed fields, source URL, publication/update date when available, and verification timestamp. Label external options separately from official McNeese information.",medium,2026-08-03
CAT-022,CLASS and Student Success and Retention,Student Support,CAT-022-S02,services programs and available support,student_service,"Queries about CLASS and Student Success and Retention, including its public services, requirements, processes, contacts, dates, policies, troubleshooting, and relevant external sources.",CLASS and Student Success and Retention | McNeese CLASS | Student Success and Retention,https://www.mcneese.edu/a-to-z/,official McNeese first; authoritative government/partner sources second; verified external discovery when the intent requires it,"Return typed fields, source URL, publication/update date when available, and verification timestamp. Label external options separately from official McNeese information.",medium,2026-08-03
CAT-022,CLASS and Student Success and Retention,Student Support,CAT-022-S03,appointments applications and access steps,student_service,"Queries about CLASS and Student Success and Retention, including its public services, requirements, processes, contacts, dates, policies, troubleshooting, and relevant external sources.",CLASS and Student Success and Retention | McNeese CLASS | Student Success and Retention,https://www.mcneese.edu/a-to-z/,official McNeese first; authoritative government/partner sources second; verified external discovery when the intent requires it,"Return typed fields, source URL, publication/update date when available, and verification timestamp. Label external options separately from official McNeese information.",medium,2026-08-03
CAT-022,CLASS and Student Success and Retention,Student Support,CAT-022-S04,forms documents and preparation,student_service,"Queries about CLASS and Student Success and Retention, including its public services, requirements, processes, contacts, dates, policies, troubleshooting, and relevant external sources.",CLASS and Student Success and Retention | McNeese CLASS | Student Success and Retention,https://www.mcneese.edu/a-to-z/,official McNeese first; authoritative government/partner sources second; verified external discovery when the intent requires it,"Return typed fields, source URL, publication/update date when available, and verification timestamp. Label external options separately from official McNeese information.",medium,2026-08-03
CAT-022,CLASS and Student Success and Retention,Student Support,CAT-022-S05,costs fees insurance and funding,student_service,"Queries about CLASS and Student Success and Retention, including its public services, requirements, processes, contacts, dates, policies, troubleshooting, and relevant external sources.",CLASS and Student Success and Retention | McNeese CLASS | Student Success and Retention,https://www.mcneese.edu/a-to-z/,official McNeese first; authoritative government/partner sources second; verified external discovery when the intent requires it,"Return typed fields, source URL, publication/update date when available, and verification timestamp. Label external options separately from official McNeese information.",medium,2026-08-03
CAT-022,CLASS and Student Success and Retention,Student Support,CAT-022-S06,contacts location hours and accessibility,student_service,"Queries about CLASS and Student Success and Retention, including its public services, requirements, processes, contacts, dates, policies, troubleshooting, and relevant external sources.",CLASS and Student Success and Retention | McNeese CLASS | Student Success and Retention,https://www.mcneese.edu/a-to-z/,official McNeese first; authoritative government/partner sources second; verified external discovery when the intent requires it,"Return typed fields, source URL, publication/update date when available, and verification timestamp. Label external options separately from official McNeese information.",medium,2026-08-03
CAT-022,CLASS and Student Success and Retention,Student Support,CAT-022-S07,policies confidentiality and student rights,student_service,"Queries about CLASS and Student Success and Retention, including its public services, requirements, processes, contacts, dates, policies, troubleshooting, and relevant external sources.",CLASS and Student Success and Retention | McNeese CLASS | Student Success and Retention,https://www.mcneese.edu/a-to-z/,official McNeese first; authoritative government/partner sources second; verified external discovery when the intent requires it,"Return typed fields, source URL, publication/update date when available, and verification timestamp. Label external options separately from official McNeese information.",medium,2026-08-03
CAT-022,CLASS and Student Success and Retention,Student Support,CAT-022-S08,urgent help troubleshooting and external alternatives,student_service,"Queries about CLASS and Student Success and Retention, including its public services, requirements, processes, contacts, dates, policies, troubleshooting, and relevant external sources.",CLASS and Student Success and Retention | McNeese CLASS | Student Success and Retention,https://www.mcneese.edu/a-to-z/,official McNeese first; authoritative government/partner sources second; verified external discovery when the intent requires it,"Return typed fields, source URL, publication/update date when available, and verification timestamp. Label external options separately from official McNeese information.",medium,2026-08-03
CAT-023,Class Search and Course Sections,Academics and Curriculum,CAT-023-S01,access login and authentication,academic_system,"Queries about Class Search and Course Sections, including its public services, requirements, processes, contacts, dates, policies, troubleshooting, and relevant external sources.",Class Search and Course Sections | McNeese class search | McNeese course schedule,https://schedule.mcneese.edu/,official McNeese first; authoritative government/partner sources second; verified external discovery when the intent requires it,"Return typed fields, source URL, publication/update date when available, and verification timestamp. Label external options separately from official McNeese information.",medium,2026-08-03
CAT-023,Class Search and Course Sections,Academics and Curriculum,CAT-023-S02,search browse and navigation,academic_system,"Queries about Class Search and Course Sections, including its public services, requirements, processes, contacts, dates, policies, troubleshooting, and relevant external sources.",Class Search and Course Sections | McNeese class search | McNeese course schedule,https://schedule.mcneese.edu/,official McNeese first; authoritative government/partner sources second; verified external discovery when the intent requires it,"Return typed fields, source URL, publication/update date when available, and verification timestamp. Label external options separately from official McNeese information.",medium,2026-08-03
CAT-023,Class Search and Course Sections,Academics and Curriculum,CAT-023-S03,dates deadlines and term availability,academic_system,"Queries about Class Search and Course Sections, including its public services, requirements, processes, contacts, dates, policies, troubleshooting, and relevant external sources.",Class Search and Course Sections | McNeese class search | McNeese course schedule,https://schedule.mcneese.edu/,official McNeese first; authoritative government/partner sources second; verified external discovery when the intent requires it,"Return typed fields, source URL, publication/update date when available, and verification timestamp. Label external options separately from official McNeese information.",medium,2026-08-03
CAT-023,Class Search and Course Sections,Academics and Curriculum,CAT-023-S04,requirements restrictions and holds,academic_system,"Queries about Class Search and Course Sections, including its public services, requirements, processes, contacts, dates, policies, troubleshooting, and relevant external sources.",Class Search and Course Sections | McNeese class search | McNeese course schedule,https://schedule.mcneese.edu/,official McNeese first; authoritative government/partner sources second; verified external discovery when the intent requires it,"Return typed fields, source URL, publication/update date when available, and verification timestamp. Label external options separately from official McNeese information.",medium,2026-08-03
CAT-023,Class Search and Course Sections,Academics and Curriculum,CAT-023-S05,records forms exports and confirmations,academic_system,"Queries about Class Search and Course Sections, including its public services, requirements, processes, contacts, dates, policies, troubleshooting, and relevant external sources.",Class Search and Course Sections | McNeese class search | McNeese course schedule,https://schedule.mcneese.edu/,official McNeese first; authoritative government/partner sources second; verified external discovery when the intent requires it,"Return typed fields, source URL, publication/update date when available, and verification timestamp. Label external options separately from official McNeese information.",medium,2026-08-03
CAT-023,Class Search and Course Sections,Academics and Curriculum,CAT-023-S06,errors troubleshooting and support,academic_system,"Queries about Class Search and Course Sections, including its public services, requirements, processes, contacts, dates, policies, troubleshooting, and relevant external sources.",Class Search and Course Sections | McNeese class search | McNeese course schedule,https://schedule.mcneese.edu/,official McNeese first; authoritative government/partner sources second; verified external discovery when the intent requires it,"Return typed fields, source URL, publication/update date when available, and verification timestamp. Label external options separately from official McNeese information.",medium,2026-08-03
CAT-023,Class Search and Course Sections,Academics and Curriculum,CAT-023-S07,data fields status meanings and interpretation,academic_system,"Queries about Class Search and Course Sections, including its public services, requirements, processes, contacts, dates, policies, troubleshooting, and relevant external sources.",Class Search and Course Sections | McNeese class search | McNeese course schedule,https://schedule.mcneese.edu/,official McNeese first; authoritative government/partner sources second; verified external discovery when the intent requires it,"Return typed fields, source URL, publication/update date when available, and verification timestamp. Label external options separately from official McNeese information.",medium,2026-08-03
CAT-023,Class Search and Course Sections,Academics and Curriculum,CAT-023-S08,privacy security and authorized access,academic_system,"Queries about Class Search and Course Sections, including its public services, requirements, processes, contacts, dates, policies, troubleshooting, and relevant external sources.",Class Search and Course Sections | McNeese class search | McNeese course schedule,https://schedule.mcneese.edu/,official McNeese first; authoritative government/partner sources second; verified external discovery when the intent requires it,"Return typed fields, source URL, publication/update date when available, and verification timestamp. Label external options separately from official McNeese information.",medium,2026-08-03
CAT-024,College of Business,Colleges and Schools,CAT-024-S01,programs departments and credentials,college_school,"Queries about College of Business, including its public services, requirements, processes, contacts, dates, policies, troubleshooting, and relevant external sources.",College of Business | McNeese College of Business | Business college,https://www.mcneese.edu/a-to-z/,official McNeese first; authoritative government/partner sources second; verified external discovery when the intent requires it,"Return typed fields, source URL, publication/update date when available, and verification timestamp. Label external options separately from official McNeese information.",low,2026-08-03
CAT-024,College of Business,Colleges and Schools,CAT-024-S02,admission and progression requirements,college_school,"Queries about College of Business, including its public services, requirements, processes, contacts, dates, policies, troubleshooting, and relevant external sources.",College of Business | McNeese College of Business | Business college,https://www.mcneese.edu/a-to-z/,official McNeese first; authoritative government/partner sources second; verified external discovery when the intent requires it,"Return typed fields, source URL, publication/update date when available, and verification timestamp. Label external options separately from official McNeese information.",low,2026-08-03
CAT-024,College of Business,Colleges and Schools,CAT-024-S03,academic advising and student support,college_school,"Queries about College of Business, including its public services, requirements, processes, contacts, dates, policies, troubleshooting, and relevant external sources.",College of Business | McNeese College of Business | Business college,https://www.mcneese.edu/a-to-z/,official McNeese first; authoritative government/partner sources second; verified external discovery when the intent requires it,"Return typed fields, source URL, publication/update date when available, and verification timestamp. Label external options separately from official McNeese information.",low,2026-08-03
CAT-024,College of Business,Colleges and Schools,CAT-024-S04,curriculum degree plans and catalog rules,college_school,"Queries about College of Business, including its public services, requirements, processes, contacts, dates, policies, troubleshooting, and relevant external sources.",College of Business | McNeese College of Business | Business college,https://www.mcneese.edu/a-to-z/,official McNeese first; authoritative government/partner sources second; verified external discovery when the intent requires it,"Return typed fields, source URL, publication/update date when available, and verification timestamp. Label external options separately from official McNeese information.",low,2026-08-03
CAT-024,College of Business,Colleges and Schools,CAT-024-S05,faculty leadership and contacts,college_school,"Queries about College of Business, including its public services, requirements, processes, contacts, dates, policies, troubleshooting, and relevant external sources.",College of Business | McNeese College of Business | Business college,https://www.mcneese.edu/a-to-z/,official McNeese first; authoritative government/partner sources second; verified external discovery when the intent requires it,"Return typed fields, source URL, publication/update date when available, and verification timestamp. Label external options separately from official McNeese information.",low,2026-08-03
CAT-024,College of Business,Colleges and Schools,CAT-024-S06,research centers and facilities,college_school,"Queries about College of Business, including its public services, requirements, processes, contacts, dates, policies, troubleshooting, and relevant external sources.",College of Business | McNeese College of Business | Business college,https://www.mcneese.edu/a-to-z/,official McNeese first; authoritative government/partner sources second; verified external discovery when the intent requires it,"Return typed fields, source URL, publication/update date when available, and verification timestamp. Label external options separately from official McNeese information.",low,2026-08-03
CAT-024,College of Business,Colleges and Schools,CAT-024-S07,accreditation outcomes and disclosures,college_school,"Queries about College of Business, including its public services, requirements, processes, contacts, dates, policies, troubleshooting, and relevant external sources.",College of Business | McNeese College of Business | Business college,https://www.mcneese.edu/a-to-z/,official McNeese first; authoritative government/partner sources second; verified external discovery when the intent requires it,"Return typed fields, source URL, publication/update date when available, and verification timestamp. Label external options separately from official McNeese information.",low,2026-08-03
CAT-024,College of Business,Colleges and Schools,CAT-024-S08,scholarships events and student opportunities,college_school,"Queries about College of Business, including its public services, requirements, processes, contacts, dates, policies, troubleshooting, and relevant external sources.",College of Business | McNeese College of Business | Business college,https://www.mcneese.edu/a-to-z/,official McNeese first; authoritative government/partner sources second; verified external discovery when the intent requires it,"Return typed fields, source URL, publication/update date when available, and verification timestamp. Label external options separately from official McNeese information.",low,2026-08-03
CAT-025,Burton College of Education,Colleges and Schools,CAT-025-S01,programs departments and credentials,college_school,"Queries about Burton College of Education, including its public services, requirements, processes, contacts, dates, policies, troubleshooting, and relevant external sources.",Burton College of Education | McNeese College of Education | Burton Education,https://www.mcneese.edu/a-to-z/,official McNeese first; authoritative government/partner sources second; verified external discovery when the intent requires it,"Return typed fields, source URL, publication/update date when available, and verification timestamp. Label external options separately from official McNeese information.",low,2026-08-03
CAT-025,Burton College of Education,Colleges and Schools,CAT-025-S02,admission and progression requirements,college_school,"Queries about Burton College of Education, including its public services, requirements, processes, contacts, dates, policies, troubleshooting, and relevant external sources.",Burton College of Education | McNeese College of Education | Burton Education,https://www.mcneese.edu/a-to-z/,official McNeese first; authoritative government/partner sources second; verified external discovery when the intent requires it,"Return typed fields, source URL, publication/update date when available, and verification timestamp. Label external options separately from official McNeese information.",low,2026-08-03
CAT-025,Burton College of Education,Colleges and Schools,CAT-025-S03,academic advising and student support,college_school,"Queries about Burton College of Education, including its public services, requirements, processes, contacts, dates, policies, troubleshooting, and relevant external sources.",Burton College of Education | McNeese College of Education | Burton Education,https://www.mcneese.edu/a-to-z/,official McNeese first; authoritative government/partner sources second; verified external discovery when the intent requires it,"Return typed fields, source URL, publication/update date when available, and verification timestamp. Label external options separately from official McNeese information.",low,2026-08-03
CAT-025,Burton College of Education,Colleges and Schools,CAT-025-S04,curriculum degree plans and catalog rules,college_school,"Queries about Burton College of Education, including its public services, requirements, processes, contacts, dates, policies, troubleshooting, and relevant external sources.",Burton College of Education | McNeese College of Education | Burton Education,https://www.mcneese.edu/a-to-z/,official McNeese first; authoritative government/partner sources second; verified external discovery when the intent requires it,"Return typed fields, source URL, publication/update date when available, and verification timestamp. Label external options separately from official McNeese information.",low,2026-08-03
CAT-025,Burton College of Education,Colleges and Schools,CAT-025-S05,faculty leadership and contacts,college_school,"Queries about Burton College of Education, including its public services, requirements, processes, contacts, dates, policies, troubleshooting, and relevant external sources.",Burton College of Education | McNeese College of Education | Burton Education,https://www.mcneese.edu/a-to-z/,official McNeese first; authoritative government/partner sources second; verified external discovery when the intent requires it,"Return typed fields, source URL, publication/update date when available, and verification timestamp. Label external options separately from official McNeese information.",low,2026-08-03
CAT-025,Burton College of Education,Colleges and Schools,CAT-025-S06,research centers and facilities,college_school,"Queries about Burton College of Education, including its public services, requirements, processes, contacts, dates, policies, troubleshooting, and relevant external sources.",Burton College of Education | McNeese College of Education | Burton Education,https://www.mcneese.edu/a-to-z/,official McNeese first; authoritative government/partner sources second; verified external discovery when the intent requires it,"Return typed fields, source URL, publication/update date when available, and verification timestamp. Label external options separately from official McNeese information.",low,2026-08-03
CAT-025,Burton College of Education,Colleges and Schools,CAT-025-S07,accreditation outcomes and disclosures,college_school,"Queries about Burton College of Education, including its public services, requirements, processes, contacts, dates, policies, troubleshooting, and relevant external sources.",Burton College of Education | McNeese College of Education | Burton Education,https://www.mcneese.edu/a-to-z/,official McNeese first; authoritative government/partner sources second; verified external discovery when the intent requires it,"Return typed fields, source URL, publication/update date when available, and verification timestamp. Label external options separately from official McNeese information.",low,2026-08-03
CAT-025,Burton College of Education,Colleges and Schools,CAT-025-S08,scholarships events and student opportunities,college_school,"Queries about Burton College of Education, including its public services, requirements, processes, contacts, dates, policies, troubleshooting, and relevant external sources.",Burton College of Education | McNeese College of Education | Burton Education,https://www.mcneese.edu/a-to-z/,official McNeese first; authoritative government/partner sources second; verified external discovery when the intent requires it,"Return typed fields, source URL, publication/update date when available, and verification timestamp. Label external options separately from official McNeese information.",low,2026-08-03
CAT-026,College of Engineering and Sciences,Colleges and Schools,CAT-026-S01,programs departments and credentials,college_school,"Queries about College of Engineering and Sciences, including its public services, requirements, processes, contacts, dates, policies, troubleshooting, and relevant external sources.",College of Engineering and Sciences | McNeese Engineering and Sciences | Engineering college,https://www.mcneese.edu/a-to-z/,official McNeese first; authoritative government/partner sources second; verified external discovery when the intent requires it,"Return typed fields, source URL, publication/update date when available, and verification timestamp. Label external options separately from official McNeese information.",low,2026-08-03
CAT-026,College of Engineering and Sciences,Colleges and Schools,CAT-026-S02,admission and progression requirements,college_school,"Queries about College of Engineering and Sciences, including its public services, requirements, processes, contacts, dates, policies, troubleshooting, and relevant external sources.",College of Engineering and Sciences | McNeese Engineering and Sciences | Engineering college,https://www.mcneese.edu/a-to-z/,official McNeese first; authoritative government/partner sources second; verified external discovery when the intent requires it,"Return typed fields, source URL, publication/update date when available, and verification timestamp. Label external options separately from official McNeese information.",low,2026-08-03
CAT-026,College of Engineering and Sciences,Colleges and Schools,CAT-026-S03,academic advising and student support,college_school,"Queries about College of Engineering and Sciences, including its public services, requirements, processes, contacts, dates, policies, troubleshooting, and relevant external sources.",College of Engineering and Sciences | McNeese Engineering and Sciences | Engineering college,https://www.mcneese.edu/a-to-z/,official McNeese first; authoritative government/partner sources second; verified external discovery when the intent requires it,"Return typed fields, source URL, publication/update date when available, and verification timestamp. Label external options separately from official McNeese information.",low,2026-08-03
CAT-026,College of Engineering and Sciences,Colleges and Schools,CAT-026-S04,curriculum degree plans and catalog rules,college_school,"Queries about College of Engineering and Sciences, including its public services, requirements, processes, contacts, dates, policies, troubleshooting, and relevant external sources.",College of Engineering and Sciences | McNeese Engineering and Sciences | Engineering college,https://www.mcneese.edu/a-to-z/,official McNeese first; authoritative government/partner sources second; verified external discovery when the intent requires it,"Return typed fields, source URL, publication/update date when available, and verification timestamp. Label external options separately from official McNeese information.",low,2026-08-03
CAT-026,College of Engineering and Sciences,Colleges and Schools,CAT-026-S05,faculty leadership and contacts,college_school,"Queries about College of Engineering and Sciences, including its public services, requirements, processes, contacts, dates, policies, troubleshooting, and relevant external sources.",College of Engineering and Sciences | McNeese Engineering and Sciences | Engineering college,https://www.mcneese.edu/a-to-z/,official McNeese first; authoritative government/partner sources second; verified external discovery when the intent requires it,"Return typed fields, source URL, publication/update date when available, and verification timestamp. Label external options separately from official McNeese information.",low,2026-08-03
CAT-026,College of Engineering and Sciences,Colleges and Schools,CAT-026-S06,research centers and facilities,college_school,"Queries about College of Engineering and Sciences, including its public services, requirements, processes, contacts, dates, policies, troubleshooting, and relevant external sources.",College of Engineering and Sciences | McNeese Engineering and Sciences | Engineering college,https://www.mcneese.edu/a-to-z/,official McNeese first; authoritative government/partner sources second; verified external discovery when the intent requires it,"Return typed fields, source URL, publication/update date when available, and verification timestamp. Label external options separately from official McNeese information.",low,2026-08-03
CAT-026,College of Engineering and Sciences,Colleges and Schools,CAT-026-S07,accreditation outcomes and disclosures,college_school,"Queries about College of Engineering and Sciences, including its public services, requirements, processes, contacts, dates, policies, troubleshooting, and relevant external sources.",College of Engineering and Sciences | McNeese Engineering and Sciences | Engineering college,https://www.mcneese.edu/a-to-z/,official McNeese first; authoritative government/partner sources second; verified external discovery when the intent requires it,"Return typed fields, source URL, publication/update date when available, and verification timestamp. Label external options separately from official McNeese information.",low,2026-08-03
CAT-026,College of Engineering and Sciences,Colleges and Schools,CAT-026-S08,scholarships events and student opportunities,college_school,"Queries about College of Engineering and Sciences, including its public services, requirements, processes, contacts, dates, policies, troubleshooting, and relevant external sources.",College of Engineering and Sciences | McNeese Engineering and Sciences | Engineering college,https://www.mcneese.edu/a-to-z/,official McNeese first; authoritative government/partner sources second; verified external discovery when the intent requires it,"Return typed fields, source URL, publication/update date when available, and verification timestamp. Label external options separately from official McNeese information.",low,2026-08-03
CAT-027,College of Liberal Arts,Colleges and Schools,CAT-027-S01,programs departments and credentials,college_school,"Queries about College of Liberal Arts, including its public services, requirements, processes, contacts, dates, policies, troubleshooting, and relevant external sources.",College of Liberal Arts | McNeese Liberal Arts | Liberal Arts college,https://www.mcneese.edu/a-to-z/,official McNeese first; authoritative government/partner sources second; verified external discovery when the intent requires it,"Return typed fields, source URL, publication/update date when available, and verification timestamp. Label external options separately from official McNeese information.",low,2026-08-03
CAT-027,College of Liberal Arts,Colleges and Schools,CAT-027-S02,admission and progression requirements,college_school,"Queries about College of Liberal Arts, including its public services, requirements, processes, contacts, dates, policies, troubleshooting, and relevant external sources.",College of Liberal Arts | McNeese Liberal Arts | Liberal Arts college,https://www.mcneese.edu/a-to-z/,official McNeese first; authoritative government/partner sources second; verified external discovery when the intent requires it,"Return typed fields, source URL, publication/update date when available, and verification timestamp. Label external options separately from official McNeese information.",low,2026-08-03
CAT-027,College of Liberal Arts,Colleges and Schools,CAT-027-S03,academic advising and student support,college_school,"Queries about College of Liberal Arts, including its public services, requirements, processes, contacts, dates, policies, troubleshooting, and relevant external sources.",College of Liberal Arts | McNeese Liberal Arts | Liberal Arts college,https://www.mcneese.edu/a-to-z/,official McNeese first; authoritative government/partner sources second; verified external discovery when the intent requires it,"Return typed fields, source URL, publication/update date when available, and verification timestamp. Label external options separately from official McNeese information.",low,2026-08-03
CAT-027,College of Liberal Arts,Colleges and Schools,CAT-027-S04,curriculum degree plans and catalog rules,college_school,"Queries about College of Liberal Arts, including its public services, requirements, processes, contacts, dates, policies, troubleshooting, and relevant external sources.",College of Liberal Arts | McNeese Liberal Arts | Liberal Arts college,https://www.mcneese.edu/a-to-z/,official McNeese first; authoritative government/partner sources second; verified external discovery when the intent requires it,"Return typed fields, source URL, publication/update date when available, and verification timestamp. Label external options separately from official McNeese information.",low,2026-08-03
CAT-027,College of Liberal Arts,Colleges and Schools,CAT-027-S05,faculty leadership and contacts,college_school,"Queries about College of Liberal Arts, including its public services, requirements, processes, contacts, dates, policies, troubleshooting, and relevant external sources.",College of Liberal Arts | McNeese Liberal Arts | Liberal Arts college,https://www.mcneese.edu/a-to-z/,official McNeese first; authoritative government/partner sources second; verified external discovery when the intent requires it,"Return typed fields, source URL, publication/update date when available, and verification timestamp. Label external options separately from official McNeese information.",low,2026-08-03
CAT-027,College of Liberal Arts,Colleges and Schools,CAT-027-S06,research centers and facilities,college_school,"Queries about College of Liberal Arts, including its public services, requirements, processes, contacts, dates, policies, troubleshooting, and relevant external sources.",College of Liberal Arts | McNeese Liberal Arts | Liberal Arts college,https://www.mcneese.edu/a-to-z/,official McNeese first; authoritative government/partner sources second; verified external discovery when the intent requires it,"Return typed fields, source URL, publication/update date when available, and verification timestamp. Label external options separately from official McNeese information.",low,2026-08-03
CAT-027,College of Liberal Arts,Colleges and Schools,CAT-027-S07,accreditation outcomes and disclosures,college_school,"Queries about College of Liberal Arts, including its public services, requirements, processes, contacts, dates, policies, troubleshooting, and relevant external sources.",College of Liberal Arts | McNeese Liberal Arts | Liberal Arts college,https://www.mcneese.edu/a-to-z/,official McNeese first; authoritative government/partner sources second; verified external discovery when the intent requires it,"Return typed fields, source URL, publication/update date when available, and verification timestamp. Label external options separately from official McNeese information.",low,2026-08-03
CAT-027,College of Liberal Arts,Colleges and Schools,CAT-027-S08,scholarships events and student opportunities,college_school,"Queries about College of Liberal Arts, including its public services, requirements, processes, contacts, dates, policies, troubleshooting, and relevant external sources.",College of Liberal Arts | McNeese Liberal Arts | Liberal Arts college,https://www.mcneese.edu/a-to-z/,official McNeese first; authoritative government/partner sources second; verified external discovery when the intent requires it,"Return typed fields, source URL, publication/update date when available, and verification timestamp. Label external options separately from official McNeese information.",low,2026-08-03
CAT-028,College of Nursing and Health Professions,Colleges and Schools,CAT-028-S01,programs departments and credentials,college_school,"Queries about College of Nursing and Health Professions, including its public services, requirements, processes, contacts, dates, policies, troubleshooting, and relevant external sources.",College of Nursing and Health Professions | McNeese Nursing and Health | Nursing college,https://www.mcneese.edu/a-to-z/,official McNeese first; authoritative government/partner sources second; verified external discovery when the intent requires it,"Return typed fields, source URL, publication/update date when available, and verification timestamp. Label external options separately from official McNeese information.",low,2026-08-03
CAT-028,College of Nursing and Health Professions,Colleges and Schools,CAT-028-S02,admission and progression requirements,college_school,"Queries about College of Nursing and Health Professions, including its public services, requirements, processes, contacts, dates, policies, troubleshooting, and relevant external sources.",College of Nursing and Health Professions | McNeese Nursing and Health | Nursing college,https://www.mcneese.edu/a-to-z/,official McNeese first; authoritative government/partner sources second; verified external discovery when the intent requires it,"Return typed fields, source URL, publication/update date when available, and verification timestamp. Label external options separately from official McNeese information.",low,2026-08-03
CAT-028,College of Nursing and Health Professions,Colleges and Schools,CAT-028-S03,academic advising and student support,college_school,"Queries about College of Nursing and Health Professions, including its public services, requirements, processes, contacts, dates, policies, troubleshooting, and relevant external sources.",College of Nursing and Health Professions | McNeese Nursing and Health | Nursing college,https://www.mcneese.edu/a-to-z/,official McNeese first; authoritative government/partner sources second; verified external discovery when the intent requires it,"Return typed fields, source URL, publication/update date when available, and verification timestamp. Label external options separately from official McNeese information.",low,2026-08-03
CAT-028,College of Nursing and Health Professions,Colleges and Schools,CAT-028-S04,curriculum degree plans and catalog rules,college_school,"Queries about College of Nursing and Health Professions, including its public services, requirements, processes, contacts, dates, policies, troubleshooting, and relevant external sources.",College of Nursing and Health Professions | McNeese Nursing and Health | Nursing college,https://www.mcneese.edu/a-to-z/,official McNeese first; authoritative government/partner sources second; verified external discovery when the intent requires it,"Return typed fields, source URL, publication/update date when available, and verification timestamp. Label external options separately from official McNeese information.",low,2026-08-03
CAT-028,College of Nursing and Health Professions,Colleges and Schools,CAT-028-S05,faculty leadership and contacts,college_school,"Queries about College of Nursing and Health Professions, including its public services, requirements, processes, contacts, dates, policies, troubleshooting, and relevant external sources.",College of Nursing and Health Professions | McNeese Nursing and Health | Nursing college,https://www.mcneese.edu/a-to-z/,official McNeese first; authoritative government/partner sources second; verified external discovery when the intent requires it,"Return typed fields, source URL, publication/update date when available, and verification timestamp. Label external options separately from official McNeese information.",low,2026-08-03
CAT-028,College of Nursing and Health Professions,Colleges and Schools,CAT-028-S06,research centers and facilities,college_school,"Queries about College of Nursing and Health Professions, including its public services, requirements, processes, contacts, dates, policies, troubleshooting, and relevant external sources.",College of Nursing and Health Professions | McNeese Nursing and Health | Nursing college,https://www.mcneese.edu/a-to-z/,official McNeese first; authoritative government/partner sources second; verified external discovery when the intent requires it,"Return typed fields, source URL, publication/update date when available, and verification timestamp. Label external options separately from official McNeese information.",low,2026-08-03
CAT-028,College of Nursing and Health Professions,Colleges and Schools,CAT-028-S07,accreditation outcomes and disclosures,college_school,"Queries about College of Nursing and Health Professions, including its public services, requirements, processes, contacts, dates, policies, troubleshooting, and relevant external sources.",College of Nursing and Health Professions | McNeese Nursing and Health | Nursing college,https://www.mcneese.edu/a-to-z/,official McNeese first; authoritative government/partner sources second; verified external discovery when the intent requires it,"Return typed fields, source URL, publication/update date when available, and verification timestamp. Label external options separately from official McNeese information.",low,2026-08-03
CAT-028,College of Nursing and Health Professions,Colleges and Schools,CAT-028-S08,scholarships events and student opportunities,college_school,"Queries about College of Nursing and Health Professions, including its public services, requirements, processes, contacts, dates, policies, troubleshooting, and relevant external sources.",College of Nursing and Health Professions | McNeese Nursing and Health | Nursing college,https://www.mcneese.edu/a-to-z/,official McNeese first; authoritative government/partner sources second; verified external discovery when the intent requires it,"Return typed fields, source URL, publication/update date when available, and verification timestamp. Label external options separately from official McNeese information.",low,2026-08-03
CAT-029,Commencement and Graduation Ceremonies,Academic Records and Graduation,CAT-029-S01,programs services and participation,cultural_community,"Queries about Commencement and Graduation Ceremonies, including its public services, requirements, processes, contacts, dates, policies, troubleshooting, and relevant external sources.",Commencement and Graduation Ceremonies | McNeese commencement | McNeese graduation ceremony,https://www.mcneese.edu/a-to-z/,official McNeese first; authoritative government/partner sources second; verified external discovery when the intent requires it,"Return typed fields, source URL, publication/update date when available, and verification timestamp. Label external options separately from official McNeese information.",low,2026-08-03
CAT-029,Commencement and Graduation Ceremonies,Academic Records and Graduation,CAT-029-S02,events calendar and announcements,cultural_community,"Queries about Commencement and Graduation Ceremonies, including its public services, requirements, processes, contacts, dates, policies, troubleshooting, and relevant external sources.",Commencement and Graduation Ceremonies | McNeese commencement | McNeese graduation ceremony,https://www.mcneese.edu/a-to-z/,official McNeese first; authoritative government/partner sources second; verified external discovery when the intent requires it,"Return typed fields, source URL, publication/update date when available, and verification timestamp. Label external options separately from official McNeese information.",low,2026-08-03
CAT-029,Commencement and Graduation Ceremonies,Academic Records and Graduation,CAT-029-S03,registration membership and eligibility,cultural_community,"Queries about Commencement and Graduation Ceremonies, including its public services, requirements, processes, contacts, dates, policies, troubleshooting, and relevant external sources.",Commencement and Graduation Ceremonies | McNeese commencement | McNeese graduation ceremony,https://www.mcneese.edu/a-to-z/,official McNeese first; authoritative government/partner sources second; verified external discovery when the intent requires it,"Return typed fields, source URL, publication/update date when available, and verification timestamp. Label external options separately from official McNeese information.",low,2026-08-03
CAT-029,Commencement and Graduation Ceremonies,Academic Records and Graduation,CAT-029-S04,tickets prices sponsorships and funding,cultural_community,"Queries about Commencement and Graduation Ceremonies, including its public services, requirements, processes, contacts, dates, policies, troubleshooting, and relevant external sources.",Commencement and Graduation Ceremonies | McNeese commencement | McNeese graduation ceremony,https://www.mcneese.edu/a-to-z/,official McNeese first; authoritative government/partner sources second; verified external discovery when the intent requires it,"Return typed fields, source URL, publication/update date when available, and verification timestamp. Label external options separately from official McNeese information.",low,2026-08-03
CAT-029,Commencement and Graduation Ceremonies,Academic Records and Graduation,CAT-029-S05,venues directions parking and accessibility,cultural_community,"Queries about Commencement and Graduation Ceremonies, including its public services, requirements, processes, contacts, dates, policies, troubleshooting, and relevant external sources.",Commencement and Graduation Ceremonies | McNeese commencement | McNeese graduation ceremony,https://www.mcneese.edu/a-to-z/,official McNeese first; authoritative government/partner sources second; verified external discovery when the intent requires it,"Return typed fields, source URL, publication/update date when available, and verification timestamp. Label external options separately from official McNeese information.",low,2026-08-03
CAT-029,Commencement and Graduation Ceremonies,Academic Records and Graduation,CAT-029-S06,contacts organizers and office hours,cultural_community,"Queries about Commencement and Graduation Ceremonies, including its public services, requirements, processes, contacts, dates, policies, troubleshooting, and relevant external sources.",Commencement and Graduation Ceremonies | McNeese commencement | McNeese graduation ceremony,https://www.mcneese.edu/a-to-z/,official McNeese first; authoritative government/partner sources second; verified external discovery when the intent requires it,"Return typed fields, source URL, publication/update date when available, and verification timestamp. Label external options separately from official McNeese information.",low,2026-08-03
CAT-029,Commencement and Graduation Ceremonies,Academic Records and Graduation,CAT-029-S07,news media and public information,cultural_community,"Queries about Commencement and Graduation Ceremonies, including its public services, requirements, processes, contacts, dates, policies, troubleshooting, and relevant external sources.",Commencement and Graduation Ceremonies | McNeese commencement | McNeese graduation ceremony,https://www.mcneese.edu/a-to-z/,official McNeese first; authoritative government/partner sources second; verified external discovery when the intent requires it,"Return typed fields, source URL, publication/update date when available, and verification timestamp. Label external options separately from official McNeese information.",low,2026-08-03
CAT-029,Commencement and Graduation Ceremonies,Academic Records and Graduation,CAT-029-S08,community partners and external opportunities,cultural_community,"Queries about Commencement and Graduation Ceremonies, including its public services, requirements, processes, contacts, dates, policies, troubleshooting, and relevant external sources.",Commencement and Graduation Ceremonies | McNeese commencement | McNeese graduation ceremony,https://www.mcneese.edu/a-to-z/,official McNeese first; authoritative government/partner sources second; verified external discovery when the intent requires it,"Return typed fields, source URL, publication/update date when available, and verification timestamp. Label external options separately from official McNeese information.",low,2026-08-03
CAT-030,Corporate Sponsorships,Advancement and Partnerships,CAT-030-S01,programs services and participation,cultural_community,"Queries about Corporate Sponsorships, including its public services, requirements, processes, contacts, dates, policies, troubleshooting, and relevant external sources.",Corporate Sponsorships | McNeese sponsorships | corporate partnerships McNeese,https://www.mcneese.edu/a-to-z/,official McNeese first; authoritative government/partner sources second; verified external discovery when the intent requires it,"Return typed fields, source URL, publication/update date when available, and verification timestamp. Label external options separately from official McNeese information.",low,2026-08-03
CAT-030,Corporate Sponsorships,Advancement and Partnerships,CAT-030-S02,events calendar and announcements,cultural_community,"Queries about Corporate Sponsorships, including its public services, requirements, processes, contacts, dates, policies, troubleshooting, and relevant external sources.",Corporate Sponsorships | McNeese sponsorships | corporate partnerships McNeese,https://www.mcneese.edu/a-to-z/,official McNeese first; authoritative government/partner sources second; verified external discovery when the intent requires it,"Return typed fields, source URL, publication/update date when available, and verification timestamp. Label external options separately from official McNeese information.",low,2026-08-03
CAT-030,Corporate Sponsorships,Advancement and Partnerships,CAT-030-S03,registration membership and eligibility,cultural_community,"Queries about Corporate Sponsorships, including its public services, requirements, processes, contacts, dates, policies, troubleshooting, and relevant external sources.",Corporate Sponsorships | McNeese sponsorships | corporate partnerships McNeese,https://www.mcneese.edu/a-to-z/,official McNeese first; authoritative government/partner sources second; verified external discovery when the intent requires it,"Return typed fields, source URL, publication/update date when available, and verification timestamp. Label external options separately from official McNeese information.",low,2026-08-03
CAT-030,Corporate Sponsorships,Advancement and Partnerships,CAT-030-S04,tickets prices sponsorships and funding,cultural_community,"Queries about Corporate Sponsorships, including its public services, requirements, processes, contacts, dates, policies, troubleshooting, and relevant external sources.",Corporate Sponsorships | McNeese sponsorships | corporate partnerships McNeese,https://www.mcneese.edu/a-to-z/,official McNeese first; authoritative government/partner sources second; verified external discovery when the intent requires it,"Return typed fields, source URL, publication/update date when available, and verification timestamp. Label external options separately from official McNeese information.",low,2026-08-03
CAT-030,Corporate Sponsorships,Advancement and Partnerships,CAT-030-S05,venues directions parking and accessibility,cultural_community,"Queries about Corporate Sponsorships, including its public services, requirements, processes, contacts, dates, policies, troubleshooting, and relevant external sources.",Corporate Sponsorships | McNeese sponsorships | corporate partnerships McNeese,https://www.mcneese.edu/a-to-z/,official McNeese first; authoritative government/partner sources second; verified external discovery when the intent requires it,"Return typed fields, source URL, publication/update date when available, and verification timestamp. Label external options separately from official McNeese information.",low,2026-08-03
CAT-030,Corporate Sponsorships,Advancement and Partnerships,CAT-030-S06,contacts organizers and office hours,cultural_community,"Queries about Corporate Sponsorships, including its public services, requirements, processes, contacts, dates, policies, troubleshooting, and relevant external sources.",Corporate Sponsorships | McNeese sponsorships | corporate partnerships McNeese,https://www.mcneese.edu/a-to-z/,official McNeese first; authoritative government/partner sources second; verified external discovery when the intent requires it,"Return typed fields, source URL, publication/update date when available, and verification timestamp. Label external options separately from official McNeese information.",low,2026-08-03
CAT-030,Corporate Sponsorships,Advancement and Partnerships,CAT-030-S07,news media and public information,cultural_community,"Queries about Corporate Sponsorships, including its public services, requirements, processes, contacts, dates, policies, troubleshooting, and relevant external sources.",Corporate Sponsorships | McNeese sponsorships | corporate partnerships McNeese,https://www.mcneese.edu/a-to-z/,official McNeese first; authoritative government/partner sources second; verified external discovery when the intent requires it,"Return typed fields, source URL, publication/update date when available, and verification timestamp. Label external options separately from official McNeese information.",low,2026-08-03
CAT-030,Corporate Sponsorships,Advancement and Partnerships,CAT-030-S08,community partners and external opportunities,cultural_community,"Queries about Corporate Sponsorships, including its public services, requirements, processes, contacts, dates, policies, troubleshooting, and relevant external sources.",Corporate Sponsorships | McNeese sponsorships | corporate partnerships McNeese,https://www.mcneese.edu/a-to-z/,official McNeese first; authoritative government/partner sources second; verified external discovery when the intent requires it,"Return typed fields, source URL, publication/update date when available, and verification timestamp. Label external options separately from official McNeese information.",low,2026-08-03
CAT-031,Student Counseling Center,Health and Wellness,CAT-031-S01,eligibility and who can use the service,student_service,"Queries about Student Counseling Center, including its public services, requirements, processes, contacts, dates, policies, troubleshooting, and relevant external sources.",Student Counseling Center | McNeese Counseling Center | student mental health McNeese,https://www.mcneese.edu/a-to-z/,official McNeese first; authoritative government/partner sources second; verified external discovery when the intent requires it,"Return typed fields, source URL, publication/update date when available, and verification timestamp. Label external options separately from official McNeese information.",medium,2026-08-03
CAT-031,Student Counseling Center,Health and Wellness,CAT-031-S02,services programs and available support,student_service,"Queries about Student Counseling Center, including its public services, requirements, processes, contacts, dates, policies, troubleshooting, and relevant external sources.",Student Counseling Center | McNeese Counseling Center | student mental health McNeese,https://www.mcneese.edu/a-to-z/,official McNeese first; authoritative government/partner sources second; verified external discovery when the intent requires it,"Return typed fields, source URL, publication/update date when available, and verification timestamp. Label external options separately from official McNeese information.",medium,2026-08-03
CAT-031,Student Counseling Center,Health and Wellness,CAT-031-S03,appointments applications and access steps,student_service,"Queries about Student Counseling Center, including its public services, requirements, processes, contacts, dates, policies, troubleshooting, and relevant external sources.",Student Counseling Center | McNeese Counseling Center | student mental health McNeese,https://www.mcneese.edu/a-to-z/,official McNeese first; authoritative government/partner sources second; verified external discovery when the intent requires it,"Return typed fields, source URL, publication/update date when available, and verification timestamp. Label external options separately from official McNeese information.",medium,2026-08-03
CAT-031,Student Counseling Center,Health and Wellness,CAT-031-S04,forms documents and preparation,student_service,"Queries about Student Counseling Center, including its public services, requirements, processes, contacts, dates, policies, troubleshooting, and relevant external sources.",Student Counseling Center | McNeese Counseling Center | student mental health McNeese,https://www.mcneese.edu/a-to-z/,official McNeese first; authoritative government/partner sources second; verified external discovery when the intent requires it,"Return typed fields, source URL, publication/update date when available, and verification timestamp. Label external options separately from official McNeese information.",medium,2026-08-03
CAT-031,Student Counseling Center,Health and Wellness,CAT-031-S05,costs fees insurance and funding,student_service,"Queries about Student Counseling Center, including its public services, requirements, processes, contacts, dates, policies, troubleshooting, and relevant external sources.",Student Counseling Center | McNeese Counseling Center | student mental health McNeese,https://www.mcneese.edu/a-to-z/,official McNeese first; authoritative government/partner sources second; verified external discovery when the intent requires it,"Return typed fields, source URL, publication/update date when available, and verification timestamp. Label external options separately from official McNeese information.",medium,2026-08-03
CAT-031,Student Counseling Center,Health and Wellness,CAT-031-S06,contacts location hours and accessibility,student_service,"Queries about Student Counseling Center, including its public services, requirements, processes, contacts, dates, policies, troubleshooting, and relevant external sources.",Student Counseling Center | McNeese Counseling Center | student mental health McNeese,https://www.mcneese.edu/a-to-z/,official McNeese first; authoritative government/partner sources second; verified external discovery when the intent requires it,"Return typed fields, source URL, publication/update date when available, and verification timestamp. Label external options separately from official McNeese information.",medium,2026-08-03
CAT-031,Student Counseling Center,Health and Wellness,CAT-031-S07,policies confidentiality and student rights,student_service,"Queries about Student Counseling Center, including its public services, requirements, processes, contacts, dates, policies, troubleshooting, and relevant external sources.",Student Counseling Center | McNeese Counseling Center | student mental health McNeese,https://www.mcneese.edu/a-to-z/,official McNeese first; authoritative government/partner sources second; verified external discovery when the intent requires it,"Return typed fields, source URL, publication/update date when available, and verification timestamp. Label external options separately from official McNeese information.",medium,2026-08-03
CAT-031,Student Counseling Center,Health and Wellness,CAT-031-S08,urgent help troubleshooting and external alternatives,student_service,"Queries about Student Counseling Center, including its public services, requirements, processes, contacts, dates, policies, troubleshooting, and relevant external sources.",Student Counseling Center | McNeese Counseling Center | student mental health McNeese,https://www.mcneese.edu/a-to-z/,official McNeese first; authoritative government/partner sources second; verified external discovery when the intent requires it,"Return typed fields, source URL, publication/update date when available, and verification timestamp. Label external options separately from official McNeese information.",medium,2026-08-03
CAT-032,Department of Chemistry and Physics,Academic Departments,CAT-032-S01,degrees concentrations and certificates,academic_department,"Queries about Department of Chemistry and Physics, including its public services, requirements, processes, contacts, dates, policies, troubleshooting, and relevant external sources.",Department of Chemistry and Physics | McNeese Chemistry and Physics | Chemistry Physics department,https://www.mcneese.edu/a-to-z/,official McNeese first; authoritative government/partner sources second; verified external discovery when the intent requires it,"Return typed fields, source URL, publication/update date when available, and verification timestamp. Label external options separately from official McNeese information.",low,2026-08-03
CAT-032,Department of Chemistry and Physics,Academic Departments,CAT-032-S02,admission and progression requirements,academic_department,"Queries about Department of Chemistry and Physics, including its public services, requirements, processes, contacts, dates, policies, troubleshooting, and relevant external sources.",Department of Chemistry and Physics | McNeese Chemistry and Physics | Chemistry Physics department,https://www.mcneese.edu/a-to-z/,official McNeese first; authoritative government/partner sources second; verified external discovery when the intent requires it,"Return typed fields, source URL, publication/update date when available, and verification timestamp. Label external options separately from official McNeese information.",low,2026-08-03
CAT-032,Department of Chemistry and Physics,Academic Departments,CAT-032-S03,curriculum prerequisites and degree plans,academic_department,"Queries about Department of Chemistry and Physics, including its public services, requirements, processes, contacts, dates, policies, troubleshooting, and relevant external sources.",Department of Chemistry and Physics | McNeese Chemistry and Physics | Chemistry Physics department,https://www.mcneese.edu/a-to-z/,official McNeese first; authoritative government/partner sources second; verified external discovery when the intent requires it,"Return typed fields, source URL, publication/update date when available, and verification timestamp. Label external options separately from official McNeese information.",low,2026-08-03
CAT-032,Department of Chemistry and Physics,Academic Departments,CAT-032-S04,courses sections and scheduling,academic_department,"Queries about Department of Chemistry and Physics, including its public services, requirements, processes, contacts, dates, policies, troubleshooting, and relevant external sources.",Department of Chemistry and Physics | McNeese Chemistry and Physics | Chemistry Physics department,https://www.mcneese.edu/a-to-z/,official McNeese first; authoritative government/partner sources second; verified external discovery when the intent requires it,"Return typed fields, source URL, publication/update date when available, and verification timestamp. Label external options separately from official McNeese information.",low,2026-08-03
CAT-032,Department of Chemistry and Physics,Academic Departments,CAT-032-S05,faculty staff and department contacts,academic_department,"Queries about Department of Chemistry and Physics, including its public services, requirements, processes, contacts, dates, policies, troubleshooting, and relevant external sources.",Department of Chemistry and Physics | McNeese Chemistry and Physics | Chemistry Physics department,https://www.mcneese.edu/a-to-z/,official McNeese first; authoritative government/partner sources second; verified external discovery when the intent requires it,"Return typed fields, source URL, publication/update date when available, and verification timestamp. Label external options separately from official McNeese information.",low,2026-08-03
CAT-032,Department of Chemistry and Physics,Academic Departments,CAT-032-S06,research laboratories and projects,academic_department,"Queries about Department of Chemistry and Physics, including its public services, requirements, processes, contacts, dates, policies, troubleshooting, and relevant external sources.",Department of Chemistry and Physics | McNeese Chemistry and Physics | Chemistry Physics department,https://www.mcneese.edu/a-to-z/,official McNeese first; authoritative government/partner sources second; verified external discovery when the intent requires it,"Return typed fields, source URL, publication/update date when available, and verification timestamp. Label external options separately from official McNeese information.",low,2026-08-03
CAT-032,Department of Chemistry and Physics,Academic Departments,CAT-032-S07,student organizations events and opportunities,academic_department,"Queries about Department of Chemistry and Physics, including its public services, requirements, processes, contacts, dates, policies, troubleshooting, and relevant external sources.",Department of Chemistry and Physics | McNeese Chemistry and Physics | Chemistry Physics department,https://www.mcneese.edu/a-to-z/,official McNeese first; authoritative government/partner sources second; verified external discovery when the intent requires it,"Return typed fields, source URL, publication/update date when available, and verification timestamp. Label external options separately from official McNeese information.",low,2026-08-03
CAT-032,Department of Chemistry and Physics,Academic Departments,CAT-032-S08,careers licensure and professional outcomes,academic_department,"Queries about Department of Chemistry and Physics, including its public services, requirements, processes, contacts, dates, policies, troubleshooting, and relevant external sources.",Department of Chemistry and Physics | McNeese Chemistry and Physics | Chemistry Physics department,https://www.mcneese.edu/a-to-z/,official McNeese first; authoritative government/partner sources second; verified external discovery when the intent requires it,"Return typed fields, source URL, publication/update date when available, and verification timestamp. Label external options separately from official McNeese information.",low,2026-08-03
CAT-033,Cowboy Camp Orientation,Admissions and Enrollment,CAT-033-S01,eligibility and who can use the service,student_service,"Queries about Cowboy Camp Orientation, including its public services, requirements, processes, contacts, dates, policies, troubleshooting, and relevant external sources.",Cowboy Camp Orientation | McNeese Cowboy Camp | new student orientation,https://www.mcneese.edu/a-to-z/,official McNeese first; authoritative government/partner sources second; verified external discovery when the intent requires it,"Return typed fields, source URL, publication/update date when available, and verification timestamp. Label external options separately from official McNeese information.",medium,2026-08-03
CAT-033,Cowboy Camp Orientation,Admissions and Enrollment,CAT-033-S02,services programs and available support,student_service,"Queries about Cowboy Camp Orientation, including its public services, requirements, processes, contacts, dates, policies, troubleshooting, and relevant external sources.",Cowboy Camp Orientation | McNeese Cowboy Camp | new student orientation,https://www.mcneese.edu/a-to-z/,official McNeese first; authoritative government/partner sources second; verified external discovery when the intent requires it,"Return typed fields, source URL, publication/update date when available, and verification timestamp. Label external options separately from official McNeese information.",medium,2026-08-03
CAT-033,Cowboy Camp Orientation,Admissions and Enrollment,CAT-033-S03,appointments applications and access steps,student_service,"Queries about Cowboy Camp Orientation, including its public services, requirements, processes, contacts, dates, policies, troubleshooting, and relevant external sources.",Cowboy Camp Orientation | McNeese Cowboy Camp | new student orientation,https://www.mcneese.edu/a-to-z/,official McNeese first; authoritative government/partner sources second; verified external discovery when the intent requires it,"Return typed fields, source URL, publication/update date when available, and verification timestamp. Label external options separately from official McNeese information.",medium,2026-08-03
CAT-033,Cowboy Camp Orientation,Admissions and Enrollment,CAT-033-S04,forms documents and preparation,student_service,"Queries about Cowboy Camp Orientation, including its public services, requirements, processes, contacts, dates, policies, troubleshooting, and relevant external sources.",Cowboy Camp Orientation | McNeese Cowboy Camp | new student orientation,https://www.mcneese.edu/a-to-z/,official McNeese first; authoritative government/partner sources second; verified external discovery when the intent requires it,"Return typed fields, source URL, publication/update date when available, and verification timestamp. Label external options separately from official McNeese information.",medium,2026-08-03
CAT-033,Cowboy Camp Orientation,Admissions and Enrollment,CAT-033-S05,costs fees insurance and funding,student_service,"Queries about Cowboy Camp Orientation, including its public services, requirements, processes, contacts, dates, policies, troubleshooting, and relevant external sources.",Cowboy Camp Orientation | McNeese Cowboy Camp | new student orientation,https://www.mcneese.edu/a-to-z/,official McNeese first; authoritative government/partner sources second; verified external discovery when the intent requires it,"Return typed fields, source URL, publication/update date when available, and verification timestamp. Label external options separately from official McNeese information.",medium,2026-08-03
CAT-033,Cowboy Camp Orientation,Admissions and Enrollment,CAT-033-S06,contacts location hours and accessibility,student_service,"Queries about Cowboy Camp Orientation, including its public services, requirements, processes, contacts, dates, policies, troubleshooting, and relevant external sources.",Cowboy Camp Orientation | McNeese Cowboy Camp | new student orientation,https://www.mcneese.edu/a-to-z/,official McNeese first; authoritative government/partner sources second; verified external discovery when the intent requires it,"Return typed fields, source URL, publication/update date when available, and verification timestamp. Label external options separately from official McNeese information.",medium,2026-08-03
CAT-033,Cowboy Camp Orientation,Admissions and Enrollment,CAT-033-S07,policies confidentiality and student rights,student_service,"Queries about Cowboy Camp Orientation, including its public services, requirements, processes, contacts, dates, policies, troubleshooting, and relevant external sources.",Cowboy Camp Orientation | McNeese Cowboy Camp | new student orientation,https://www.mcneese.edu/a-to-z/,official McNeese first; authoritative government/partner sources second; verified external discovery when the intent requires it,"Return typed fields, source URL, publication/update date when available, and verification timestamp. Label external options separately from official McNeese information.",medium,2026-08-03
CAT-033,Cowboy Camp Orientation,Admissions and Enrollment,CAT-033-S08,urgent help troubleshooting and external alternatives,student_service,"Queries about Cowboy Camp Orientation, including its public services, requirements, processes, contacts, dates, policies, troubleshooting, and relevant external sources.",Cowboy Camp Orientation | McNeese Cowboy Camp | new student orientation,https://www.mcneese.edu/a-to-z/,official McNeese first; authoritative government/partner sources second; verified external discovery when the intent requires it,"Return typed fields, source URL, publication/update date when available, and verification timestamp. Label external options separately from official McNeese information.",medium,2026-08-03
CAT-034,Cowboy Closet,Student Support,CAT-034-S01,eligibility and who can use the service,student_service,"Queries about Cowboy Closet, including its public services, requirements, processes, contacts, dates, policies, troubleshooting, and relevant external sources.",Cowboy Closet | McNeese Cowboy Closet | professional clothing closet,https://www.mcneese.edu/a-to-z/,official McNeese first; authoritative government/partner sources second; verified external discovery when the intent requires it,"Return typed fields, source URL, publication/update date when available, and verification timestamp. Label external options separately from official McNeese information.",medium,2026-08-03
CAT-034,Cowboy Closet,Student Support,CAT-034-S02,services programs and available support,student_service,"Queries about Cowboy Closet, including its public services, requirements, processes, contacts, dates, policies, troubleshooting, and relevant external sources.",Cowboy Closet | McNeese Cowboy Closet | professional clothing closet,https://www.mcneese.edu/a-to-z/,official McNeese first; authoritative government/partner sources second; verified external discovery when the intent requires it,"Return typed fields, source URL, publication/update date when available, and verification timestamp. Label external options separately from official McNeese information.",medium,2026-08-03
CAT-034,Cowboy Closet,Student Support,CAT-034-S03,appointments applications and access steps,student_service,"Queries about Cowboy Closet, including its public services, requirements, processes, contacts, dates, policies, troubleshooting, and relevant external sources.",Cowboy Closet | McNeese Cowboy Closet | professional clothing closet,https://www.mcneese.edu/a-to-z/,official McNeese first; authoritative government/partner sources second; verified external discovery when the intent requires it,"Return typed fields, source URL, publication/update date when available, and verification timestamp. Label external options separately from official McNeese information.",medium,2026-08-03
CAT-034,Cowboy Closet,Student Support,CAT-034-S04,forms documents and preparation,student_service,"Queries about Cowboy Closet, including its public services, requirements, processes, contacts, dates, policies, troubleshooting, and relevant external sources.",Cowboy Closet | McNeese Cowboy Closet | professional clothing closet,https://www.mcneese.edu/a-to-z/,official McNeese first; authoritative government/partner sources second; verified external discovery when the intent requires it,"Return typed fields, source URL, publication/update date when available, and verification timestamp. Label external options separately from official McNeese information.",medium,2026-08-03
CAT-034,Cowboy Closet,Student Support,CAT-034-S05,costs fees insurance and funding,student_service,"Queries about Cowboy Closet, including its public services, requirements, processes, contacts, dates, policies, troubleshooting, and relevant external sources.",Cowboy Closet | McNeese Cowboy Closet | professional clothing closet,https://www.mcneese.edu/a-to-z/,official McNeese first; authoritative government/partner sources second; verified external discovery when the intent requires it,"Return typed fields, source URL, publication/update date when available, and verification timestamp. Label external options separately from official McNeese information.",medium,2026-08-03
CAT-034,Cowboy Closet,Student Support,CAT-034-S06,contacts location hours and accessibility,student_service,"Queries about Cowboy Closet, including its public services, requirements, processes, contacts, dates, policies, troubleshooting, and relevant external sources.",Cowboy Closet | McNeese Cowboy Closet | professional clothing closet,https://www.mcneese.edu/a-to-z/,official McNeese first; authoritative government/partner sources second; verified external discovery when the intent requires it,"Return typed fields, source URL, publication/update date when available, and verification timestamp. Label external options separately from official McNeese information.",medium,2026-08-03
CAT-034,Cowboy Closet,Student Support,CAT-034-S07,policies confidentiality and student rights,student_service,"Queries about Cowboy Closet, including its public services, requirements, processes, contacts, dates, policies, troubleshooting, and relevant external sources.",Cowboy Closet | McNeese Cowboy Closet | professional clothing closet,https://www.mcneese.edu/a-to-z/,official McNeese first; authoritative government/partner sources second; verified external discovery when the intent requires it,"Return typed fields, source URL, publication/update date when available, and verification timestamp. Label external options separately from official McNeese information.",medium,2026-08-03
CAT-034,Cowboy Closet,Student Support,CAT-034-S08,urgent help troubleshooting and external alternatives,student_service,"Queries about Cowboy Closet, including its public services, requirements, processes, contacts, dates, policies, troubleshooting, and relevant external sources.",Cowboy Closet | McNeese Cowboy Closet | professional clothing closet,https://www.mcneese.edu/a-to-z/,official McNeese first; authoritative government/partner sources second; verified external discovery when the intent requires it,"Return typed fields, source URL, publication/update date when available, and verification timestamp. Label external options separately from official McNeese information.",medium,2026-08-03
CAT-035,Cowgirl Kickers,Student Organizations and Activities,CAT-035-S01,programs services and participation,cultural_community,"Queries about Cowgirl Kickers, including its public services, requirements, processes, contacts, dates, policies, troubleshooting, and relevant external sources.",Cowgirl Kickers | McNeese Cowgirl Kickers | Kickers dance team,https://www.mcneesecowgirlkickers.com/,official McNeese first; authoritative government/partner sources second; verified external discovery when the intent requires it,"Return typed fields, source URL, publication/update date when available, and verification timestamp. Label external options separately from official McNeese information.",low,2026-08-03
CAT-035,Cowgirl Kickers,Student Organizations and Activities,CAT-035-S02,events calendar and announcements,cultural_community,"Queries about Cowgirl Kickers, including its public services, requirements, processes, contacts, dates, policies, troubleshooting, and relevant external sources.",Cowgirl Kickers | McNeese Cowgirl Kickers | Kickers dance team,https://www.mcneesecowgirlkickers.com/,official McNeese first; authoritative government/partner sources second; verified external discovery when the intent requires it,"Return typed fields, source URL, publication/update date when available, and verification timestamp. Label external options separately from official McNeese information.",low,2026-08-03
CAT-035,Cowgirl Kickers,Student Organizations and Activities,CAT-035-S03,registration membership and eligibility,cultural_community,"Queries about Cowgirl Kickers, including its public services, requirements, processes, contacts, dates, policies, troubleshooting, and relevant external sources.",Cowgirl Kickers | McNeese Cowgirl Kickers | Kickers dance team,https://www.mcneesecowgirlkickers.com/,official McNeese first; authoritative government/partner sources second; verified external discovery when the intent requires it,"Return typed fields, source URL, publication/update date when available, and verification timestamp. Label external options separately from official McNeese information.",low,2026-08-03
CAT-035,Cowgirl Kickers,Student Organizations and Activities,CAT-035-S04,tickets prices sponsorships and funding,cultural_community,"Queries about Cowgirl Kickers, including its public services, requirements, processes, contacts, dates, policies, troubleshooting, and relevant external sources.",Cowgirl Kickers | McNeese Cowgirl Kickers | Kickers dance team,https://www.mcneesecowgirlkickers.com/,official McNeese first; authoritative government/partner sources second; verified external discovery when the intent requires it,"Return typed fields, source URL, publication/update date when available, and verification timestamp. Label external options separately from official McNeese information.",low,2026-08-03
CAT-035,Cowgirl Kickers,Student Organizations and Activities,CAT-035-S05,venues directions parking and accessibility,cultural_community,"Queries about Cowgirl Kickers, including its public services, requirements, processes, contacts, dates, policies, troubleshooting, and relevant external sources.",Cowgirl Kickers | McNeese Cowgirl Kickers | Kickers dance team,https://www.mcneesecowgirlkickers.com/,official McNeese first; authoritative government/partner sources second; verified external discovery when the intent requires it,"Return typed fields, source URL, publication/update date when available, and verification timestamp. Label external options separately from official McNeese information.",low,2026-08-03
CAT-035,Cowgirl Kickers,Student Organizations and Activities,CAT-035-S06,contacts organizers and office hours,cultural_community,"Queries about Cowgirl Kickers, including its public services, requirements, processes, contacts, dates, policies, troubleshooting, and relevant external sources.",Cowgirl Kickers | McNeese Cowgirl Kickers | Kickers dance team,https://www.mcneesecowgirlkickers.com/,official McNeese first; authoritative government/partner sources second; verified external discovery when the intent requires it,"Return typed fields, source URL, publication/update date when available, and verification timestamp. Label external options separately from official McNeese information.",low,2026-08-03
CAT-035,Cowgirl Kickers,Student Organizations and Activities,CAT-035-S07,news media and public information,cultural_community,"Queries about Cowgirl Kickers, including its public services, requirements, processes, contacts, dates, policies, troubleshooting, and relevant external sources.",Cowgirl Kickers | McNeese Cowgirl Kickers | Kickers dance team,https://www.mcneesecowgirlkickers.com/,official McNeese first; authoritative government/partner sources second; verified external discovery when the intent requires it,"Return typed fields, source URL, publication/update date when available, and verification timestamp. Label external options separately from official McNeese information.",low,2026-08-03
CAT-035,Cowgirl Kickers,Student Organizations and Activities,CAT-035-S08,community partners and external opportunities,cultural_community,"Queries about Cowgirl Kickers, including its public services, requirements, processes, contacts, dates, policies, troubleshooting, and relevant external sources.",Cowgirl Kickers | McNeese Cowgirl Kickers | Kickers dance team,https://www.mcneesecowgirlkickers.com/,official McNeese first; authoritative government/partner sources second; verified external discovery when the intent requires it,"Return typed fields, source URL, publication/update date when available, and verification timestamp. Label external options separately from official McNeese information.",low,2026-08-03
CAT-036,Dual Enrollment,Admissions and Enrollment,CAT-036-S01,eligibility and applicant types,admissions_finance,"Queries about Dual Enrollment, including its public services, requirements, processes, contacts, dates, policies, troubleshooting, and relevant external sources.",Dual Enrollment | McNeese dual enrollment | high school dual enrollment,https://www.mcneese.edu/admissions/,official McNeese first; authoritative government/partner sources second; verified external discovery when the intent requires it,"Return typed fields, source URL, publication/update date when available, and verification timestamp. Label external options separately from official McNeese information.",medium,2026-08-03
CAT-036,Dual Enrollment,Admissions and Enrollment,CAT-036-S02,requirements documents and test scores,admissions_finance,"Queries about Dual Enrollment, including its public services, requirements, processes, contacts, dates, policies, troubleshooting, and relevant external sources.",Dual Enrollment | McNeese dual enrollment | high school dual enrollment,https://www.mcneese.edu/admissions/,official McNeese first; authoritative government/partner sources second; verified external discovery when the intent requires it,"Return typed fields, source URL, publication/update date when available, and verification timestamp. Label external options separately from official McNeese information.",medium,2026-08-03
CAT-036,Dual Enrollment,Admissions and Enrollment,CAT-036-S03,application steps forms and status,admissions_finance,"Queries about Dual Enrollment, including its public services, requirements, processes, contacts, dates, policies, troubleshooting, and relevant external sources.",Dual Enrollment | McNeese dual enrollment | high school dual enrollment,https://www.mcneese.edu/admissions/,official McNeese first; authoritative government/partner sources second; verified external discovery when the intent requires it,"Return typed fields, source URL, publication/update date when available, and verification timestamp. Label external options separately from official McNeese information.",medium,2026-08-03
CAT-036,Dual Enrollment,Admissions and Enrollment,CAT-036-S04,deadlines dates and processing times,admissions_finance,"Queries about Dual Enrollment, including its public services, requirements, processes, contacts, dates, policies, troubleshooting, and relevant external sources.",Dual Enrollment | McNeese dual enrollment | high school dual enrollment,https://www.mcneese.edu/admissions/,official McNeese first; authoritative government/partner sources second; verified external discovery when the intent requires it,"Return typed fields, source URL, publication/update date when available, and verification timestamp. Label external options separately from official McNeese information.",medium,2026-08-03
CAT-036,Dual Enrollment,Admissions and Enrollment,CAT-036-S05,tuition fees costs and refunds,admissions_finance,"Queries about Dual Enrollment, including its public services, requirements, processes, contacts, dates, policies, troubleshooting, and relevant external sources.",Dual Enrollment | McNeese dual enrollment | high school dual enrollment,https://www.mcneese.edu/admissions/,official McNeese first; authoritative government/partner sources second; verified external discovery when the intent requires it,"Return typed fields, source URL, publication/update date when available, and verification timestamp. Label external options separately from official McNeese information.",medium,2026-08-03
CAT-036,Dual Enrollment,Admissions and Enrollment,CAT-036-S06,aid scholarships waivers and payment options,admissions_finance,"Queries about Dual Enrollment, including its public services, requirements, processes, contacts, dates, policies, troubleshooting, and relevant external sources.",Dual Enrollment | McNeese dual enrollment | high school dual enrollment,https://www.mcneese.edu/admissions/,official McNeese first; authoritative government/partner sources second; verified external discovery when the intent requires it,"Return typed fields, source URL, publication/update date when available, and verification timestamp. Label external options separately from official McNeese information.",medium,2026-08-03
CAT-036,Dual Enrollment,Admissions and Enrollment,CAT-036-S07,holds appeals exceptions and special circumstances,admissions_finance,"Queries about Dual Enrollment, including its public services, requirements, processes, contacts, dates, policies, troubleshooting, and relevant external sources.",Dual Enrollment | McNeese dual enrollment | high school dual enrollment,https://www.mcneese.edu/admissions/,official McNeese first; authoritative government/partner sources second; verified external discovery when the intent requires it,"Return typed fields, source URL, publication/update date when available, and verification timestamp. Label external options separately from official McNeese information.",medium,2026-08-03
CAT-036,Dual Enrollment,Admissions and Enrollment,CAT-036-S08,contacts official sources and external authorities,admissions_finance,"Queries about Dual Enrollment, including its public services, requirements, processes, contacts, dates, policies, troubleshooting, and relevant external sources.",Dual Enrollment | McNeese dual enrollment | high school dual enrollment,https://www.mcneese.edu/admissions/,official McNeese first; authoritative government/partner sources second; verified external discovery when the intent requires it,"Return typed fields, source URL, publication/update date when available, and verification timestamp. Label external options separately from official McNeese information.",medium,2026-08-03
CAT-037,Department of Education Professions,Academic Departments,CAT-037-S01,degrees concentrations and certificates,academic_department,"Queries about Department of Education Professions, including its public services, requirements, processes, contacts, dates, policies, troubleshooting, and relevant external sources.",Department of Education Professions | McNeese Education Professions | teacher education department,https://www.mcneese.edu/a-to-z/,official McNeese first; authoritative government/partner sources second; verified external discovery when the intent requires it,"Return typed fields, source URL, publication/update date when available, and verification timestamp. Label external options separately from official McNeese information.",low,2026-08-03
CAT-037,Department of Education Professions,Academic Departments,CAT-037-S02,admission and progression requirements,academic_department,"Queries about Department of Education Professions, including its public services, requirements, processes, contacts, dates, policies, troubleshooting, and relevant external sources.",Department of Education Professions | McNeese Education Professions | teacher education department,https://www.mcneese.edu/a-to-z/,official McNeese first; authoritative government/partner sources second; verified external discovery when the intent requires it,"Return typed fields, source URL, publication/update date when available, and verification timestamp. Label external options separately from official McNeese information.",low,2026-08-03
CAT-037,Department of Education Professions,Academic Departments,CAT-037-S03,curriculum prerequisites and degree plans,academic_department,"Queries about Department of Education Professions, including its public services, requirements, processes, contacts, dates, policies, troubleshooting, and relevant external sources.",Department of Education Professions | McNeese Education Professions | teacher education department,https://www.mcneese.edu/a-to-z/,official McNeese first; authoritative government/partner sources second; verified external discovery when the intent requires it,"Return typed fields, source URL, publication/update date when available, and verification timestamp. Label external options separately from official McNeese information.",low,2026-08-03
CAT-037,Department of Education Professions,Academic Departments,CAT-037-S04,courses sections and scheduling,academic_department,"Queries about Department of Education Professions, including its public services, requirements, processes, contacts, dates, policies, troubleshooting, and relevant external sources.",Department of Education Professions | McNeese Education Professions | teacher education department,https://www.mcneese.edu/a-to-z/,official McNeese first; authoritative government/partner sources second; verified external discovery when the intent requires it,"Return typed fields, source URL, publication/update date when available, and verification timestamp. Label external options separately from official McNeese information.",low,2026-08-03
CAT-037,Department of Education Professions,Academic Departments,CAT-037-S05,faculty staff and department contacts,academic_department,"Queries about Department of Education Professions, including its public services, requirements, processes, contacts, dates, policies, troubleshooting, and relevant external sources.",Department of Education Professions | McNeese Education Professions | teacher education department,https://www.mcneese.edu/a-to-z/,official McNeese first; authoritative government/partner sources second; verified external discovery when the intent requires it,"Return typed fields, source URL, publication/update date when available, and verification timestamp. Label external options separately from official McNeese information.",low,2026-08-03
CAT-037,Department of Education Professions,Academic Departments,CAT-037-S06,research laboratories and projects,academic_department,"Queries about Department of Education Professions, including its public services, requirements, processes, contacts, dates, policies, troubleshooting, and relevant external sources.",Department of Education Professions | McNeese Education Professions | teacher education department,https://www.mcneese.edu/a-to-z/,official McNeese first; authoritative government/partner sources second; verified external discovery when the intent requires it,"Return typed fields, source URL, publication/update date when available, and verification timestamp. Label external options separately from official McNeese information.",low,2026-08-03
CAT-037,Department of Education Professions,Academic Departments,CAT-037-S07,student organizations events and opportunities,academic_department,"Queries about Department of Education Professions, including its public services, requirements, processes, contacts, dates, policies, troubleshooting, and relevant external sources.",Department of Education Professions | McNeese Education Professions | teacher education department,https://www.mcneese.edu/a-to-z/,official McNeese first; authoritative government/partner sources second; verified external discovery when the intent requires it,"Return typed fields, source URL, publication/update date when available, and verification timestamp. Label external options separately from official McNeese information.",low,2026-08-03
CAT-037,Department of Education Professions,Academic Departments,CAT-037-S08,careers licensure and professional outcomes,academic_department,"Queries about Department of Education Professions, including its public services, requirements, processes, contacts, dates, policies, troubleshooting, and relevant external sources.",Department of Education Professions | McNeese Education Professions | teacher education department,https://www.mcneese.edu/a-to-z/,official McNeese first; authoritative government/partner sources second; verified external discovery when the intent requires it,"Return typed fields, source URL, publication/update date when available, and verification timestamp. Label external options separately from official McNeese information.",low,2026-08-03
CAT-038,Department of Engineering and Computer Science,Academic Departments,CAT-038-S01,degrees concentrations and certificates,academic_department,"Queries about Department of Engineering and Computer Science, including its public services, requirements, processes, contacts, dates, policies, troubleshooting, and relevant external sources.",Department of Engineering and Computer Science | McNeese Engineering and Computer Science | McNeese computer science,https://www.mcneese.edu/a-to-z/,official McNeese first; authoritative government/partner sources second; verified external discovery when the intent requires it,"Return typed fields, source URL, publication/update date when available, and verification timestamp. Label external options separately from official McNeese information.",low,2026-08-03
CAT-038,Department of Engineering and Computer Science,Academic Departments,CAT-038-S02,admission and progression requirements,academic_department,"Queries about Department of Engineering and Computer Science, including its public services, requirements, processes, contacts, dates, policies, troubleshooting, and relevant external sources.",Department of Engineering and Computer Science | McNeese Engineering and Computer Science | McNeese computer science,https://www.mcneese.edu/a-to-z/,official McNeese first; authoritative government/partner sources second; verified external discovery when the intent requires it,"Return typed fields, source URL, publication/update date when available, and verification timestamp. Label external options separately from official McNeese information.",low,2026-08-03
CAT-038,Department of Engineering and Computer Science,Academic Departments,CAT-038-S03,curriculum prerequisites and degree plans,academic_department,"Queries about Department of Engineering and Computer Science, including its public services, requirements, processes, contacts, dates, policies, troubleshooting, and relevant external sources.",Department of Engineering and Computer Science | McNeese Engineering and Computer Science | McNeese computer science,https://www.mcneese.edu/a-to-z/,official McNeese first; authoritative government/partner sources second; verified external discovery when the intent requires it,"Return typed fields, source URL, publication/update date when available, and verification timestamp. Label external options separately from official McNeese information.",low,2026-08-03
CAT-038,Department of Engineering and Computer Science,Academic Departments,CAT-038-S04,courses sections and scheduling,academic_department,"Queries about Department of Engineering and Computer Science, including its public services, requirements, processes, contacts, dates, policies, troubleshooting, and relevant external sources.",Department of Engineering and Computer Science | McNeese Engineering and Computer Science | McNeese computer science,https://www.mcneese.edu/a-to-z/,official McNeese first; authoritative government/partner sources second; verified external discovery when the intent requires it,"Return typed fields, source URL, publication/update date when available, and verification timestamp. Label external options separately from official McNeese information.",low,2026-08-03
CAT-038,Department of Engineering and Computer Science,Academic Departments,CAT-038-S05,faculty staff and department contacts,academic_department,"Queries about Department of Engineering and Computer Science, including its public services, requirements, processes, contacts, dates, policies, troubleshooting, and relevant external sources.",Department of Engineering and Computer Science | McNeese Engineering and Computer Science | McNeese computer science,https://www.mcneese.edu/a-to-z/,official McNeese first; authoritative government/partner sources second; verified external discovery when the intent requires it,"Return typed fields, source URL, publication/update date when available, and verification timestamp. Label external options separately from official McNeese information.",low,2026-08-03
CAT-038,Department of Engineering and Computer Science,Academic Departments,CAT-038-S06,research laboratories and projects,academic_department,"Queries about Department of Engineering and Computer Science, including its public services, requirements, processes, contacts, dates, policies, troubleshooting, and relevant external sources.",Department of Engineering and Computer Science | McNeese Engineering and Computer Science | McNeese computer science,https://www.mcneese.edu/a-to-z/,official McNeese first; authoritative government/partner sources second; verified external discovery when the intent requires it,"Return typed fields, source URL, publication/update date when available, and verification timestamp. Label external options separately from official McNeese information.",low,2026-08-03
CAT-038,Department of Engineering and Computer Science,Academic Departments,CAT-038-S07,student organizations events and opportunities,academic_department,"Queries about Department of Engineering and Computer Science, including its public services, requirements, processes, contacts, dates, policies, troubleshooting, and relevant external sources.",Department of Engineering and Computer Science | McNeese Engineering and Computer Science | McNeese computer science,https://www.mcneese.edu/a-to-z/,official McNeese first; authoritative government/partner sources second; verified external discovery when the intent requires it,"Return typed fields, source URL, publication/update date when available, and verification timestamp. Label external options separately from official McNeese information.",low,2026-08-03
CAT-038,Department of Engineering and Computer Science,Academic Departments,CAT-038-S08,careers licensure and professional outcomes,academic_department,"Queries about Department of Engineering and Computer Science, including its public services, requirements, processes, contacts, dates, policies, troubleshooting, and relevant external sources.",Department of Engineering and Computer Science | McNeese Engineering and Computer Science | McNeese computer science,https://www.mcneese.edu/a-to-z/,official McNeese first; authoritative government/partner sources second; verified external discovery when the intent requires it,"Return typed fields, source URL, publication/update date when available, and verification timestamp. Label external options separately from official McNeese information.",low,2026-08-03
CAT-039,Department of English and Foreign Languages,Academic Departments,CAT-039-S01,degrees concentrations and certificates,academic_department,"Queries about Department of English and Foreign Languages, including its public services, requirements, processes, contacts, dates, policies, troubleshooting, and relevant external sources.",Department of English and Foreign Languages | McNeese English and Foreign Languages | English department,https://www.mcneese.edu/a-to-z/,official McNeese first; authoritative government/partner sources second; verified external discovery when the intent requires it,"Return typed fields, source URL, publication/update date when available, and verification timestamp. Label external options separately from official McNeese information.",low,2026-08-03
CAT-039,Department of English and Foreign Languages,Academic Departments,CAT-039-S02,admission and progression requirements,academic_department,"Queries about Department of English and Foreign Languages, including its public services, requirements, processes, contacts, dates, policies, troubleshooting, and relevant external sources.",Department of English and Foreign Languages | McNeese English and Foreign Languages | English department,https://www.mcneese.edu/a-to-z/,official McNeese first; authoritative government/partner sources second; verified external discovery when the intent requires it,"Return typed fields, source URL, publication/update date when available, and verification timestamp. Label external options separately from official McNeese information.",low,2026-08-03
CAT-039,Department of English and Foreign Languages,Academic Departments,CAT-039-S03,curriculum prerequisites and degree plans,academic_department,"Queries about Department of English and Foreign Languages, including its public services, requirements, processes, contacts, dates, policies, troubleshooting, and relevant external sources.",Department of English and Foreign Languages | McNeese English and Foreign Languages | English department,https://www.mcneese.edu/a-to-z/,official McNeese first; authoritative government/partner sources second; verified external discovery when the intent requires it,"Return typed fields, source URL, publication/update date when available, and verification timestamp. Label external options separately from official McNeese information.",low,2026-08-03
CAT-039,Department of English and Foreign Languages,Academic Departments,CAT-039-S04,courses sections and scheduling,academic_department,"Queries about Department of English and Foreign Languages, including its public services, requirements, processes, contacts, dates, policies, troubleshooting, and relevant external sources.",Department of English and Foreign Languages | McNeese English and Foreign Languages | English department,https://www.mcneese.edu/a-to-z/,official McNeese first; authoritative government/partner sources second; verified external discovery when the intent requires it,"Return typed fields, source URL, publication/update date when available, and verification timestamp. Label external options separately from official McNeese information.",low,2026-08-03
CAT-039,Department of English and Foreign Languages,Academic Departments,CAT-039-S05,faculty staff and department contacts,academic_department,"Queries about Department of English and Foreign Languages, including its public services, requirements, processes, contacts, dates, policies, troubleshooting, and relevant external sources.",Department of English and Foreign Languages | McNeese English and Foreign Languages | English department,https://www.mcneese.edu/a-to-z/,official McNeese first; authoritative government/partner sources second; verified external discovery when the intent requires it,"Return typed fields, source URL, publication/update date when available, and verification timestamp. Label external options separately from official McNeese information.",low,2026-08-03
CAT-039,Department of English and Foreign Languages,Academic Departments,CAT-039-S06,research laboratories and projects,academic_department,"Queries about Department of English and Foreign Languages, including its public services, requirements, processes, contacts, dates, policies, troubleshooting, and relevant external sources.",Department of English and Foreign Languages | McNeese English and Foreign Languages | English department,https://www.mcneese.edu/a-to-z/,official McNeese first; authoritative government/partner sources second; verified external discovery when the intent requires it,"Return typed fields, source URL, publication/update date when available, and verification timestamp. Label external options separately from official McNeese information.",low,2026-08-03
CAT-039,Department of English and Foreign Languages,Academic Departments,CAT-039-S07,student organizations events and opportunities,academic_department,"Queries about Department of English and Foreign Languages, including its public services, requirements, processes, contacts, dates, policies, troubleshooting, and relevant external sources.",Department of English and Foreign Languages | McNeese English and Foreign Languages | English department,https://www.mcneese.edu/a-to-z/,official McNeese first; authoritative government/partner sources second; verified external discovery when the intent requires it,"Return typed fields, source URL, publication/update date when available, and verification timestamp. Label external options separately from official McNeese information.",low,2026-08-03
CAT-039,Department of English and Foreign Languages,Academic Departments,CAT-039-S08,careers licensure and professional outcomes,academic_department,"Queries about Department of English and Foreign Languages, including its public services, requirements, processes, contacts, dates, policies, troubleshooting, and relevant external sources.",Department of English and Foreign Languages | McNeese English and Foreign Languages | English department,https://www.mcneese.edu/a-to-z/,official McNeese first; authoritative government/partner sources second; verified external discovery when the intent requires it,"Return typed fields, source URL, publication/update date when available, and verification timestamp. Label external options separately from official McNeese information.",low,2026-08-03
CAT-040,Enrollment Management and Student Central,Admissions and Enrollment,CAT-040-S01,eligibility and applicant types,admissions_finance,"Queries about Enrollment Management and Student Central, including its public services, requirements, processes, contacts, dates, policies, troubleshooting, and relevant external sources.",Enrollment Management and Student Central | McNeese Student Central | Enrollment Management,https://www.mcneese.edu/a-to-z/,official McNeese first; authoritative government/partner sources second; verified external discovery when the intent requires it,"Return typed fields, source URL, publication/update date when available, and verification timestamp. Label external options separately from official McNeese information.",medium,2026-08-03
CAT-040,Enrollment Management and Student Central,Admissions and Enrollment,CAT-040-S02,requirements documents and test scores,admissions_finance,"Queries about Enrollment Management and Student Central, including its public services, requirements, processes, contacts, dates, policies, troubleshooting, and relevant external sources.",Enrollment Management and Student Central | McNeese Student Central | Enrollment Management,https://www.mcneese.edu/a-to-z/,official McNeese first; authoritative government/partner sources second; verified external discovery when the intent requires it,"Return typed fields, source URL, publication/update date when available, and verification timestamp. Label external options separately from official McNeese information.",medium,2026-08-03
CAT-040,Enrollment Management and Student Central,Admissions and Enrollment,CAT-040-S03,application steps forms and status,admissions_finance,"Queries about Enrollment Management and Student Central, including its public services, requirements, processes, contacts, dates, policies, troubleshooting, and relevant external sources.",Enrollment Management and Student Central | McNeese Student Central | Enrollment Management,https://www.mcneese.edu/a-to-z/,official McNeese first; authoritative government/partner sources second; verified external discovery when the intent requires it,"Return typed fields, source URL, publication/update date when available, and verification timestamp. Label external options separately from official McNeese information.",medium,2026-08-03
CAT-040,Enrollment Management and Student Central,Admissions and Enrollment,CAT-040-S04,deadlines dates and processing times,admissions_finance,"Queries about Enrollment Management and Student Central, including its public services, requirements, processes, contacts, dates, policies, troubleshooting, and relevant external sources.",Enrollment Management and Student Central | McNeese Student Central | Enrollment Management,https://www.mcneese.edu/a-to-z/,official McNeese first; authoritative government/partner sources second; verified external discovery when the intent requires it,"Return typed fields, source URL, publication/update date when available, and verification timestamp. Label external options separately from official McNeese information.",medium,2026-08-03
CAT-040,Enrollment Management and Student Central,Admissions and Enrollment,CAT-040-S05,tuition fees costs and refunds,admissions_finance,"Queries about Enrollment Management and Student Central, including its public services, requirements, processes, contacts, dates, policies, troubleshooting, and relevant external sources.",Enrollment Management and Student Central | McNeese Student Central | Enrollment Management,https://www.mcneese.edu/a-to-z/,official McNeese first; authoritative government/partner sources second; verified external discovery when the intent requires it,"Return typed fields, source URL, publication/update date when available, and verification timestamp. Label external options separately from official McNeese information.",medium,2026-08-03
CAT-040,Enrollment Management and Student Central,Admissions and Enrollment,CAT-040-S06,aid scholarships waivers and payment options,admissions_finance,"Queries about Enrollment Management and Student Central, including its public services, requirements, processes, contacts, dates, policies, troubleshooting, and relevant external sources.",Enrollment Management and Student Central | McNeese Student Central | Enrollment Management,https://www.mcneese.edu/a-to-z/,official McNeese first; authoritative government/partner sources second; verified external discovery when the intent requires it,"Return typed fields, source URL, publication/update date when available, and verification timestamp. Label external options separately from official McNeese information.",medium,2026-08-03
CAT-040,Enrollment Management and Student Central,Admissions and Enrollment,CAT-040-S07,holds appeals exceptions and special circumstances,admissions_finance,"Queries about Enrollment Management and Student Central, including its public services, requirements, processes, contacts, dates, policies, troubleshooting, and relevant external sources.",Enrollment Management and Student Central | McNeese Student Central | Enrollment Management,https://www.mcneese.edu/a-to-z/,official McNeese first; authoritative government/partner sources second; verified external discovery when the intent requires it,"Return typed fields, source URL, publication/update date when available, and verification timestamp. Label external options separately from official McNeese information.",medium,2026-08-03
CAT-040,Enrollment Management and Student Central,Admissions and Enrollment,CAT-040-S08,contacts official sources and external authorities,admissions_finance,"Queries about Enrollment Management and Student Central, including its public services, requirements, processes, contacts, dates, policies, troubleshooting, and relevant external sources.",Enrollment Management and Student Central | McNeese Student Central | Enrollment Management,https://www.mcneese.edu/a-to-z/,official McNeese first; authoritative government/partner sources second; verified external discovery when the intent requires it,"Return typed fields, source URL, publication/update date when available, and verification timestamp. Label external options separately from official McNeese information.",medium,2026-08-03
CAT-041,Facilities,Campus Operations,CAT-041-S01,mission leadership and organization,administrative_office,"Queries about Facilities, including its public services, requirements, processes, contacts, dates, policies, troubleshooting, and relevant external sources.",Facilities | McNeese Facilities | campus maintenance,https://www.mcneese.edu/a-to-z/,official McNeese first; authoritative government/partner sources second; verified external discovery when the intent requires it,"Return typed fields, source URL, publication/update date when available, and verification timestamp. Label external options separately from official McNeese information.",low,2026-08-03
CAT-041,Facilities,Campus Operations,CAT-041-S02,services responsibilities and procedures,administrative_office,"Queries about Facilities, including its public services, requirements, processes, contacts, dates, policies, troubleshooting, and relevant external sources.",Facilities | McNeese Facilities | campus maintenance,https://www.mcneese.edu/a-to-z/,official McNeese first; authoritative government/partner sources second; verified external discovery when the intent requires it,"Return typed fields, source URL, publication/update date when available, and verification timestamp. Label external options separately from official McNeese information.",low,2026-08-03
CAT-041,Facilities,Campus Operations,CAT-041-S03,forms templates and required documents,administrative_office,"Queries about Facilities, including its public services, requirements, processes, contacts, dates, policies, troubleshooting, and relevant external sources.",Facilities | McNeese Facilities | campus maintenance,https://www.mcneese.edu/a-to-z/,official McNeese first; authoritative government/partner sources second; verified external discovery when the intent requires it,"Return typed fields, source URL, publication/update date when available, and verification timestamp. Label external options separately from official McNeese information.",low,2026-08-03
CAT-041,Facilities,Campus Operations,CAT-041-S04,policies standards and compliance,administrative_office,"Queries about Facilities, including its public services, requirements, processes, contacts, dates, policies, troubleshooting, and relevant external sources.",Facilities | McNeese Facilities | campus maintenance,https://www.mcneese.edu/a-to-z/,official McNeese first; authoritative government/partner sources second; verified external discovery when the intent requires it,"Return typed fields, source URL, publication/update date when available, and verification timestamp. Label external options separately from official McNeese information.",low,2026-08-03
CAT-041,Facilities,Campus Operations,CAT-041-S05,contacts location and office hours,administrative_office,"Queries about Facilities, including its public services, requirements, processes, contacts, dates, policies, troubleshooting, and relevant external sources.",Facilities | McNeese Facilities | campus maintenance,https://www.mcneese.edu/a-to-z/,official McNeese first; authoritative government/partner sources second; verified external discovery when the intent requires it,"Return typed fields, source URL, publication/update date when available, and verification timestamp. Label external options separately from official McNeese information.",low,2026-08-03
CAT-041,Facilities,Campus Operations,CAT-041-S06,deadlines calendars and processing times,administrative_office,"Queries about Facilities, including its public services, requirements, processes, contacts, dates, policies, troubleshooting, and relevant external sources.",Facilities | McNeese Facilities | campus maintenance,https://www.mcneese.edu/a-to-z/,official McNeese first; authoritative government/partner sources second; verified external discovery when the intent requires it,"Return typed fields, source URL, publication/update date when available, and verification timestamp. Label external options separately from official McNeese information.",low,2026-08-03
CAT-041,Facilities,Campus Operations,CAT-041-S07,reports data and public records,administrative_office,"Queries about Facilities, including its public services, requirements, processes, contacts, dates, policies, troubleshooting, and relevant external sources.",Facilities | McNeese Facilities | campus maintenance,https://www.mcneese.edu/a-to-z/,official McNeese first; authoritative government/partner sources second; verified external discovery when the intent requires it,"Return typed fields, source URL, publication/update date when available, and verification timestamp. Label external options separately from official McNeese information.",low,2026-08-03
CAT-041,Facilities,Campus Operations,CAT-041-S08,problems appeals complaints and escalation,administrative_office,"Queries about Facilities, including its public services, requirements, processes, contacts, dates, policies, troubleshooting, and relevant external sources.",Facilities | McNeese Facilities | campus maintenance,https://www.mcneese.edu/a-to-z/,official McNeese first; authoritative government/partner sources second; verified external discovery when the intent requires it,"Return typed fields, source URL, publication/update date when available, and verification timestamp. Label external options separately from official McNeese information.",low,2026-08-03
CAT-042,Facility Reservations,Campus Operations,CAT-042-S01,programs services and participation,cultural_community,"Queries about Facility Reservations, including its public services, requirements, processes, contacts, dates, policies, troubleshooting, and relevant external sources.",Facility Reservations | McNeese facility reservations | reserve a room McNeese,https://www.mcneese.edu/a-to-z/,official McNeese first; authoritative government/partner sources second; verified external discovery when the intent requires it,"Return typed fields, source URL, publication/update date when available, and verification timestamp. Label external options separately from official McNeese information.",low,2026-08-03
CAT-042,Facility Reservations,Campus Operations,CAT-042-S02,events calendar and announcements,cultural_community,"Queries about Facility Reservations, including its public services, requirements, processes, contacts, dates, policies, troubleshooting, and relevant external sources.",Facility Reservations | McNeese facility reservations | reserve a room McNeese,https://www.mcneese.edu/a-to-z/,official McNeese first; authoritative government/partner sources second; verified external discovery when the intent requires it,"Return typed fields, source URL, publication/update date when available, and verification timestamp. Label external options separately from official McNeese information.",low,2026-08-03
CAT-042,Facility Reservations,Campus Operations,CAT-042-S03,registration membership and eligibility,cultural_community,"Queries about Facility Reservations, including its public services, requirements, processes, contacts, dates, policies, troubleshooting, and relevant external sources.",Facility Reservations | McNeese facility reservations | reserve a room McNeese,https://www.mcneese.edu/a-to-z/,official McNeese first; authoritative government/partner sources second; verified external discovery when the intent requires it,"Return typed fields, source URL, publication/update date when available, and verification timestamp. Label external options separately from official McNeese information.",low,2026-08-03
CAT-042,Facility Reservations,Campus Operations,CAT-042-S04,tickets prices sponsorships and funding,cultural_community,"Queries about Facility Reservations, including its public services, requirements, processes, contacts, dates, policies, troubleshooting, and relevant external sources.",Facility Reservations | McNeese facility reservations | reserve a room McNeese,https://www.mcneese.edu/a-to-z/,official McNeese first; authoritative government/partner sources second; verified external discovery when the intent requires it,"Return typed fields, source URL, publication/update date when available, and verification timestamp. Label external options separately from official McNeese information.",low,2026-08-03
CAT-042,Facility Reservations,Campus Operations,CAT-042-S05,venues directions parking and accessibility,cultural_community,"Queries about Facility Reservations, including its public services, requirements, processes, contacts, dates, policies, troubleshooting, and relevant external sources.",Facility Reservations | McNeese facility reservations | reserve a room McNeese,https://www.mcneese.edu/a-to-z/,official McNeese first; authoritative government/partner sources second; verified external discovery when the intent requires it,"Return typed fields, source URL, publication/update date when available, and verification timestamp. Label external options separately from official McNeese information.",low,2026-08-03
CAT-042,Facility Reservations,Campus Operations,CAT-042-S06,contacts organizers and office hours,cultural_community,"Queries about Facility Reservations, including its public services, requirements, processes, contacts, dates, policies, troubleshooting, and relevant external sources.",Facility Reservations | McNeese facility reservations | reserve a room McNeese,https://www.mcneese.edu/a-to-z/,official McNeese first; authoritative government/partner sources second; verified external discovery when the intent requires it,"Return typed fields, source URL, publication/update date when available, and verification timestamp. Label external options separately from official McNeese information.",low,2026-08-03
CAT-042,Facility Reservations,Campus Operations,CAT-042-S07,news media and public information,cultural_community,"Queries about Facility Reservations, including its public services, requirements, processes, contacts, dates, policies, troubleshooting, and relevant external sources.",Facility Reservations | McNeese facility reservations | reserve a room McNeese,https://www.mcneese.edu/a-to-z/,official McNeese first; authoritative government/partner sources second; verified external discovery when the intent requires it,"Return typed fields, source URL, publication/update date when available, and verification timestamp. Label external options separately from official McNeese information.",low,2026-08-03
CAT-042,Facility Reservations,Campus Operations,CAT-042-S08,community partners and external opportunities,cultural_community,"Queries about Facility Reservations, including its public services, requirements, processes, contacts, dates, policies, troubleshooting, and relevant external sources.",Facility Reservations | McNeese facility reservations | reserve a room McNeese,https://www.mcneese.edu/a-to-z/,official McNeese first; authoritative government/partner sources second; verified external discovery when the intent requires it,"Return typed fields, source URL, publication/update date when available, and verification timestamp. Label external options separately from official McNeese information.",low,2026-08-03
CAT-043,Financial Aid,Financial Aid and Scholarships,CAT-043-S01,eligibility and applicant types,admissions_finance,"Queries about Financial Aid, including its public services, requirements, processes, contacts, dates, policies, troubleshooting, and relevant external sources.",Financial Aid | McNeese financial aid | FAFSA McNeese,https://www.mcneese.edu/about-us/leadership-team/administrative-and-student-affairs/division-of-administrative-and-student-affairs/student-central/financial-aid/,official McNeese first; authoritative government/partner sources second; verified external discovery when the intent requires it,"Return typed fields, source URL, publication/update date when available, and verification timestamp. Label external options separately from official McNeese information.",medium,2026-08-03
CAT-043,Financial Aid,Financial Aid and Scholarships,CAT-043-S02,requirements documents and test scores,admissions_finance,"Queries about Financial Aid, including its public services, requirements, processes, contacts, dates, policies, troubleshooting, and relevant external sources.",Financial Aid | McNeese financial aid | FAFSA McNeese,https://www.mcneese.edu/about-us/leadership-team/administrative-and-student-affairs/division-of-administrative-and-student-affairs/student-central/financial-aid/,official McNeese first; authoritative government/partner sources second; verified external discovery when the intent requires it,"Return typed fields, source URL, publication/update date when available, and verification timestamp. Label external options separately from official McNeese information.",medium,2026-08-03
CAT-043,Financial Aid,Financial Aid and Scholarships,CAT-043-S03,application steps forms and status,admissions_finance,"Queries about Financial Aid, including its public services, requirements, processes, contacts, dates, policies, troubleshooting, and relevant external sources.",Financial Aid | McNeese financial aid | FAFSA McNeese,https://www.mcneese.edu/about-us/leadership-team/administrative-and-student-affairs/division-of-administrative-and-student-affairs/student-central/financial-aid/,official McNeese first; authoritative government/partner sources second; verified external discovery when the intent requires it,"Return typed fields, source URL, publication/update date when available, and verification timestamp. Label external options separately from official McNeese information.",medium,2026-08-03
CAT-043,Financial Aid,Financial Aid and Scholarships,CAT-043-S04,deadlines dates and processing times,admissions_finance,"Queries about Financial Aid, including its public services, requirements, processes, contacts, dates, policies, troubleshooting, and relevant external sources.",Financial Aid | McNeese financial aid | FAFSA McNeese,https://www.mcneese.edu/about-us/leadership-team/administrative-and-student-affairs/division-of-administrative-and-student-affairs/student-central/financial-aid/,official McNeese first; authoritative government/partner sources second; verified external discovery when the intent requires it,"Return typed fields, source URL, publication/update date when available, and verification timestamp. Label external options separately from official McNeese information.",medium,2026-08-03
CAT-043,Financial Aid,Financial Aid and Scholarships,CAT-043-S05,tuition fees costs and refunds,admissions_finance,"Queries about Financial Aid, including its public services, requirements, processes, contacts, dates, policies, troubleshooting, and relevant external sources.",Financial Aid | McNeese financial aid | FAFSA McNeese,https://www.mcneese.edu/about-us/leadership-team/administrative-and-student-affairs/division-of-administrative-and-student-affairs/student-central/financial-aid/,official McNeese first; authoritative government/partner sources second; verified external discovery when the intent requires it,"Return typed fields, source URL, publication/update date when available, and verification timestamp. Label external options separately from official McNeese information.",medium,2026-08-03
CAT-043,Financial Aid,Financial Aid and Scholarships,CAT-043-S06,aid scholarships waivers and payment options,admissions_finance,"Queries about Financial Aid, including its public services, requirements, processes, contacts, dates, policies, troubleshooting, and relevant external sources.",Financial Aid | McNeese financial aid | FAFSA McNeese,https://www.mcneese.edu/about-us/leadership-team/administrative-and-student-affairs/division-of-administrative-and-student-affairs/student-central/financial-aid/,official McNeese first; authoritative government/partner sources second; verified external discovery when the intent requires it,"Return typed fields, source URL, publication/update date when available, and verification timestamp. Label external options separately from official McNeese information.",medium,2026-08-03
CAT-043,Financial Aid,Financial Aid and Scholarships,CAT-043-S07,holds appeals exceptions and special circumstances,admissions_finance,"Queries about Financial Aid, including its public services, requirements, processes, contacts, dates, policies, troubleshooting, and relevant external sources.",Financial Aid | McNeese financial aid | FAFSA McNeese,https://www.mcneese.edu/about-us/leadership-team/administrative-and-student-affairs/division-of-administrative-and-student-affairs/student-central/financial-aid/,official McNeese first; authoritative government/partner sources second; verified external discovery when the intent requires it,"Return typed fields, source URL, publication/update date when available, and verification timestamp. Label external options separately from official McNeese information.",medium,2026-08-03
CAT-043,Financial Aid,Financial Aid and Scholarships,CAT-043-S08,contacts official sources and external authorities,admissions_finance,"Queries about Financial Aid, including its public services, requirements, processes, contacts, dates, policies, troubleshooting, and relevant external sources.",Financial Aid | McNeese financial aid | FAFSA McNeese,https://www.mcneese.edu/about-us/leadership-team/administrative-and-student-affairs/division-of-administrative-and-student-affairs/student-central/financial-aid/,official McNeese first; authoritative government/partner sources second; verified external discovery when the intent requires it,"Return typed fields, source URL, publication/update date when available, and verification timestamp. Label external options separately from official McNeese information.",medium,2026-08-03
CAT-044,Freshman Advising,Academic Advising,CAT-044-S01,eligibility and who can use the service,student_service,"Queries about Freshman Advising, including its public services, requirements, processes, contacts, dates, policies, troubleshooting, and relevant external sources.",Freshman Advising | McNeese freshman advising | first year advisor,https://www.mcneese.edu/a-to-z/,official McNeese first; authoritative government/partner sources second; verified external discovery when the intent requires it,"Return typed fields, source URL, publication/update date when available, and verification timestamp. Label external options separately from official McNeese information.",medium,2026-08-03
CAT-044,Freshman Advising,Academic Advising,CAT-044-S02,services programs and available support,student_service,"Queries about Freshman Advising, including its public services, requirements, processes, contacts, dates, policies, troubleshooting, and relevant external sources.",Freshman Advising | McNeese freshman advising | first year advisor,https://www.mcneese.edu/a-to-z/,official McNeese first; authoritative government/partner sources second; verified external discovery when the intent requires it,"Return typed fields, source URL, publication/update date when available, and verification timestamp. Label external options separately from official McNeese information.",medium,2026-08-03
CAT-044,Freshman Advising,Academic Advising,CAT-044-S03,appointments applications and access steps,student_service,"Queries about Freshman Advising, including its public services, requirements, processes, contacts, dates, policies, troubleshooting, and relevant external sources.",Freshman Advising | McNeese freshman advising | first year advisor,https://www.mcneese.edu/a-to-z/,official McNeese first; authoritative government/partner sources second; verified external discovery when the intent requires it,"Return typed fields, source URL, publication/update date when available, and verification timestamp. Label external options separately from official McNeese information.",medium,2026-08-03
CAT-044,Freshman Advising,Academic Advising,CAT-044-S04,forms documents and preparation,student_service,"Queries about Freshman Advising, including its public services, requirements, processes, contacts, dates, policies, troubleshooting, and relevant external sources.",Freshman Advising | McNeese freshman advising | first year advisor,https://www.mcneese.edu/a-to-z/,official McNeese first; authoritative government/partner sources second; verified external discovery when the intent requires it,"Return typed fields, source URL, publication/update date when available, and verification timestamp. Label external options separately from official McNeese information.",medium,2026-08-03
CAT-044,Freshman Advising,Academic Advising,CAT-044-S05,costs fees insurance and funding,student_service,"Queries about Freshman Advising, including its public services, requirements, processes, contacts, dates, policies, troubleshooting, and relevant external sources.",Freshman Advising | McNeese freshman advising | first year advisor,https://www.mcneese.edu/a-to-z/,official McNeese first; authoritative government/partner sources second; verified external discovery when the intent requires it,"Return typed fields, source URL, publication/update date when available, and verification timestamp. Label external options separately from official McNeese information.",medium,2026-08-03
CAT-044,Freshman Advising,Academic Advising,CAT-044-S06,contacts location hours and accessibility,student_service,"Queries about Freshman Advising, including its public services, requirements, processes, contacts, dates, policies, troubleshooting, and relevant external sources.",Freshman Advising | McNeese freshman advising | first year advisor,https://www.mcneese.edu/a-to-z/,official McNeese first; authoritative government/partner sources second; verified external discovery when the intent requires it,"Return typed fields, source URL, publication/update date when available, and verification timestamp. Label external options separately from official McNeese information.",medium,2026-08-03
CAT-044,Freshman Advising,Academic Advising,CAT-044-S07,policies confidentiality and student rights,student_service,"Queries about Freshman Advising, including its public services, requirements, processes, contacts, dates, policies, troubleshooting, and relevant external sources.",Freshman Advising | McNeese freshman advising | first year advisor,https://www.mcneese.edu/a-to-z/,official McNeese first; authoritative government/partner sources second; verified external discovery when the intent requires it,"Return typed fields, source URL, publication/update date when available, and verification timestamp. Label external options separately from official McNeese information.",medium,2026-08-03
CAT-044,Freshman Advising,Academic Advising,CAT-044-S08,urgent help troubleshooting and external alternatives,student_service,"Queries about Freshman Advising, including its public services, requirements, processes, contacts, dates, policies, troubleshooting, and relevant external sources.",Freshman Advising | McNeese freshman advising | first year advisor,https://www.mcneese.edu/a-to-z/,official McNeese first; authoritative government/partner sources second; verified external discovery when the intent requires it,"Return typed fields, source URL, publication/update date when available, and verification timestamp. Label external options separately from official McNeese information.",medium,2026-08-03
CAT-045,Department of Graduate Nursing,Academic Departments,CAT-045-S01,degrees concentrations and certificates,academic_department,"Queries about Department of Graduate Nursing, including its public services, requirements, processes, contacts, dates, policies, troubleshooting, and relevant external sources.",Department of Graduate Nursing | McNeese Graduate Nursing | graduate nursing department,https://www.mcneese.edu/a-to-z/,official McNeese first; authoritative government/partner sources second; verified external discovery when the intent requires it,"Return typed fields, source URL, publication/update date when available, and verification timestamp. Label external options separately from official McNeese information.",low,2026-08-03
CAT-045,Department of Graduate Nursing,Academic Departments,CAT-045-S02,admission and progression requirements,academic_department,"Queries about Department of Graduate Nursing, including its public services, requirements, processes, contacts, dates, policies, troubleshooting, and relevant external sources.",Department of Graduate Nursing | McNeese Graduate Nursing | graduate nursing department,https://www.mcneese.edu/a-to-z/,official McNeese first; authoritative government/partner sources second; verified external discovery when the intent requires it,"Return typed fields, source URL, publication/update date when available, and verification timestamp. Label external options separately from official McNeese information.",low,2026-08-03
CAT-045,Department of Graduate Nursing,Academic Departments,CAT-045-S03,curriculum prerequisites and degree plans,academic_department,"Queries about Department of Graduate Nursing, including its public services, requirements, processes, contacts, dates, policies, troubleshooting, and relevant external sources.",Department of Graduate Nursing | McNeese Graduate Nursing | graduate nursing department,https://www.mcneese.edu/a-to-z/,official McNeese first; authoritative government/partner sources second; verified external discovery when the intent requires it,"Return typed fields, source URL, publication/update date when available, and verification timestamp. Label external options separately from official McNeese information.",low,2026-08-03
CAT-045,Department of Graduate Nursing,Academic Departments,CAT-045-S04,courses sections and scheduling,academic_department,"Queries about Department of Graduate Nursing, including its public services, requirements, processes, contacts, dates, policies, troubleshooting, and relevant external sources.",Department of Graduate Nursing | McNeese Graduate Nursing | graduate nursing department,https://www.mcneese.edu/a-to-z/,official McNeese first; authoritative government/partner sources second; verified external discovery when the intent requires it,"Return typed fields, source URL, publication/update date when available, and verification timestamp. Label external options separately from official McNeese information.",low,2026-08-03
CAT-045,Department of Graduate Nursing,Academic Departments,CAT-045-S05,faculty staff and department contacts,academic_department,"Queries about Department of Graduate Nursing, including its public services, requirements, processes, contacts, dates, policies, troubleshooting, and relevant external sources.",Department of Graduate Nursing | McNeese Graduate Nursing | graduate nursing department,https://www.mcneese.edu/a-to-z/,official McNeese first; authoritative government/partner sources second; verified external discovery when the intent requires it,"Return typed fields, source URL, publication/update date when available, and verification timestamp. Label external options separately from official McNeese information.",low,2026-08-03
CAT-045,Department of Graduate Nursing,Academic Departments,CAT-045-S06,research laboratories and projects,academic_department,"Queries about Department of Graduate Nursing, including its public services, requirements, processes, contacts, dates, policies, troubleshooting, and relevant external sources.",Department of Graduate Nursing | McNeese Graduate Nursing | graduate nursing department,https://www.mcneese.edu/a-to-z/,official McNeese first; authoritative government/partner sources second; verified external discovery when the intent requires it,"Return typed fields, source URL, publication/update date when available, and verification timestamp. Label external options separately from official McNeese information.",low,2026-08-03
CAT-045,Department of Graduate Nursing,Academic Departments,CAT-045-S07,student organizations events and opportunities,academic_department,"Queries about Department of Graduate Nursing, including its public services, requirements, processes, contacts, dates, policies, troubleshooting, and relevant external sources.",Department of Graduate Nursing | McNeese Graduate Nursing | graduate nursing department,https://www.mcneese.edu/a-to-z/,official McNeese first; authoritative government/partner sources second; verified external discovery when the intent requires it,"Return typed fields, source URL, publication/update date when available, and verification timestamp. Label external options separately from official McNeese information.",low,2026-08-03
CAT-045,Department of Graduate Nursing,Academic Departments,CAT-045-S08,careers licensure and professional outcomes,academic_department,"Queries about Department of Graduate Nursing, including its public services, requirements, processes, contacts, dates, policies, troubleshooting, and relevant external sources.",Department of Graduate Nursing | McNeese Graduate Nursing | graduate nursing department,https://www.mcneese.edu/a-to-z/,official McNeese first; authoritative government/partner sources second; verified external discovery when the intent requires it,"Return typed fields, source URL, publication/update date when available, and verification timestamp. Label external options separately from official McNeese information.",low,2026-08-03
CAT-046,Doré Graduate School,Colleges and Schools,CAT-046-S01,programs departments and credentials,college_school,"Queries about Doré Graduate School, including its public services, requirements, processes, contacts, dates, policies, troubleshooting, and relevant external sources.",Doré Graduate School | McNeese Graduate School | Dore School of Graduate Studies,https://www.mcneese.edu/academics/graduate-programs-2/,official McNeese first; authoritative government/partner sources second; verified external discovery when the intent requires it,"Return typed fields, source URL, publication/update date when available, and verification timestamp. Label external options separately from official McNeese information.",low,2026-08-03
CAT-046,Doré Graduate School,Colleges and Schools,CAT-046-S02,admission and progression requirements,college_school,"Queries about Doré Graduate School, including its public services, requirements, processes, contacts, dates, policies, troubleshooting, and relevant external sources.",Doré Graduate School | McNeese Graduate School | Dore School of Graduate Studies,https://www.mcneese.edu/academics/graduate-programs-2/,official McNeese first; authoritative government/partner sources second; verified external discovery when the intent requires it,"Return typed fields, source URL, publication/update date when available, and verification timestamp. Label external options separately from official McNeese information.",low,2026-08-03
CAT-046,Doré Graduate School,Colleges and Schools,CAT-046-S03,academic advising and student support,college_school,"Queries about Doré Graduate School, including its public services, requirements, processes, contacts, dates, policies, troubleshooting, and relevant external sources.",Doré Graduate School | McNeese Graduate School | Dore School of Graduate Studies,https://www.mcneese.edu/academics/graduate-programs-2/,official McNeese first; authoritative government/partner sources second; verified external discovery when the intent requires it,"Return typed fields, source URL, publication/update date when available, and verification timestamp. Label external options separately from official McNeese information.",low,2026-08-03
CAT-046,Doré Graduate School,Colleges and Schools,CAT-046-S04,curriculum degree plans and catalog rules,college_school,"Queries about Doré Graduate School, including its public services, requirements, processes, contacts, dates, policies, troubleshooting, and relevant external sources.",Doré Graduate School | McNeese Graduate School | Dore School of Graduate Studies,https://www.mcneese.edu/academics/graduate-programs-2/,official McNeese first; authoritative government/partner sources second; verified external discovery when the intent requires it,"Return typed fields, source URL, publication/update date when available, and verification timestamp. Label external options separately from official McNeese information.",low,2026-08-03
CAT-046,Doré Graduate School,Colleges and Schools,CAT-046-S05,faculty leadership and contacts,college_school,"Queries about Doré Graduate School, including its public services, requirements, processes, contacts, dates, policies, troubleshooting, and relevant external sources.",Doré Graduate School | McNeese Graduate School | Dore School of Graduate Studies,https://www.mcneese.edu/academics/graduate-programs-2/,official McNeese first; authoritative government/partner sources second; verified external discovery when the intent requires it,"Return typed fields, source URL, publication/update date when available, and verification timestamp. Label external options separately from official McNeese information.",low,2026-08-03
CAT-046,Doré Graduate School,Colleges and Schools,CAT-046-S06,research centers and facilities,college_school,"Queries about Doré Graduate School, including its public services, requirements, processes, contacts, dates, policies, troubleshooting, and relevant external sources.",Doré Graduate School | McNeese Graduate School | Dore School of Graduate Studies,https://www.mcneese.edu/academics/graduate-programs-2/,official McNeese first; authoritative government/partner sources second; verified external discovery when the intent requires it,"Return typed fields, source URL, publication/update date when available, and verification timestamp. Label external options separately from official McNeese information.",low,2026-08-03
CAT-046,Doré Graduate School,Colleges and Schools,CAT-046-S07,accreditation outcomes and disclosures,college_school,"Queries about Doré Graduate School, including its public services, requirements, processes, contacts, dates, policies, troubleshooting, and relevant external sources.",Doré Graduate School | McNeese Graduate School | Dore School of Graduate Studies,https://www.mcneese.edu/academics/graduate-programs-2/,official McNeese first; authoritative government/partner sources second; verified external discovery when the intent requires it,"Return typed fields, source URL, publication/update date when available, and verification timestamp. Label external options separately from official McNeese information.",low,2026-08-03
CAT-046,Doré Graduate School,Colleges and Schools,CAT-046-S08,scholarships events and student opportunities,college_school,"Queries about Doré Graduate School, including its public services, requirements, processes, contacts, dates, policies, troubleshooting, and relevant external sources.",Doré Graduate School | McNeese Graduate School | Dore School of Graduate Studies,https://www.mcneese.edu/academics/graduate-programs-2/,official McNeese first; authoritative government/partner sources second; verified external discovery when the intent requires it,"Return typed fields, source URL, publication/update date when available, and verification timestamp. Label external options separately from official McNeese information.",low,2026-08-03
CAT-047,Department of Health Professions,Academic Departments,CAT-047-S01,degrees concentrations and certificates,academic_department,"Queries about Department of Health Professions, including its public services, requirements, processes, contacts, dates, policies, troubleshooting, and relevant external sources.",Department of Health Professions | McNeese Health Professions | health professions department,https://www.mcneese.edu/a-to-z/,official McNeese first; authoritative government/partner sources second; verified external discovery when the intent requires it,"Return typed fields, source URL, publication/update date when available, and verification timestamp. Label external options separately from official McNeese information.",low,2026-08-03
CAT-047,Department of Health Professions,Academic Departments,CAT-047-S02,admission and progression requirements,academic_department,"Queries about Department of Health Professions, including its public services, requirements, processes, contacts, dates, policies, troubleshooting, and relevant external sources.",Department of Health Professions | McNeese Health Professions | health professions department,https://www.mcneese.edu/a-to-z/,official McNeese first; authoritative government/partner sources second; verified external discovery when the intent requires it,"Return typed fields, source URL, publication/update date when available, and verification timestamp. Label external options separately from official McNeese information.",low,2026-08-03
CAT-047,Department of Health Professions,Academic Departments,CAT-047-S03,curriculum prerequisites and degree plans,academic_department,"Queries about Department of Health Professions, including its public services, requirements, processes, contacts, dates, policies, troubleshooting, and relevant external sources.",Department of Health Professions | McNeese Health Professions | health professions department,https://www.mcneese.edu/a-to-z/,official McNeese first; authoritative government/partner sources second; verified external discovery when the intent requires it,"Return typed fields, source URL, publication/update date when available, and verification timestamp. Label external options separately from official McNeese information.",low,2026-08-03
CAT-047,Department of Health Professions,Academic Departments,CAT-047-S04,courses sections and scheduling,academic_department,"Queries about Department of Health Professions, including its public services, requirements, processes, contacts, dates, policies, troubleshooting, and relevant external sources.",Department of Health Professions | McNeese Health Professions | health professions department,https://www.mcneese.edu/a-to-z/,official McNeese first; authoritative government/partner sources second; verified external discovery when the intent requires it,"Return typed fields, source URL, publication/update date when available, and verification timestamp. Label external options separately from official McNeese information.",low,2026-08-03
CAT-047,Department of Health Professions,Academic Departments,CAT-047-S05,faculty staff and department contacts,academic_department,"Queries about Department of Health Professions, including its public services, requirements, processes, contacts, dates, policies, troubleshooting, and relevant external sources.",Department of Health Professions | McNeese Health Professions | health professions department,https://www.mcneese.edu/a-to-z/,official McNeese first; authoritative government/partner sources second; verified external discovery when the intent requires it,"Return typed fields, source URL, publication/update date when available, and verification timestamp. Label external options separately from official McNeese information.",low,2026-08-03
CAT-047,Department of Health Professions,Academic Departments,CAT-047-S06,research laboratories and projects,academic_department,"Queries about Department of Health Professions, including its public services, requirements, processes, contacts, dates, policies, troubleshooting, and relevant external sources.",Department of Health Professions | McNeese Health Professions | health professions department,https://www.mcneese.edu/a-to-z/,official McNeese first; authoritative government/partner sources second; verified external discovery when the intent requires it,"Return typed fields, source URL, publication/update date when available, and verification timestamp. Label external options separately from official McNeese information.",low,2026-08-03
CAT-047,Department of Health Professions,Academic Departments,CAT-047-S07,student organizations events and opportunities,academic_department,"Queries about Department of Health Professions, including its public services, requirements, processes, contacts, dates, policies, troubleshooting, and relevant external sources.",Department of Health Professions | McNeese Health Professions | health professions department,https://www.mcneese.edu/a-to-z/,official McNeese first; authoritative government/partner sources second; verified external discovery when the intent requires it,"Return typed fields, source URL, publication/update date when available, and verification timestamp. Label external options separately from official McNeese information.",low,2026-08-03
CAT-047,Department of Health Professions,Academic Departments,CAT-047-S08,careers licensure and professional outcomes,academic_department,"Queries about Department of Health Professions, including its public services, requirements, processes, contacts, dates, policies, troubleshooting, and relevant external sources.",Department of Health Professions | McNeese Health Professions | health professions department,https://www.mcneese.edu/a-to-z/,official McNeese first; authoritative government/partner sources second; verified external discovery when the intent requires it,"Return typed fields, source URL, publication/update date when available, and verification timestamp. Label external options separately from official McNeese information.",low,2026-08-03
CAT-048,HC Drew Center for Business and Economic Development,Research and Industry,CAT-048-S01,programs services and participation,cultural_community,"Queries about HC Drew Center for Business and Economic Development, including its public services, requirements, processes, contacts, dates, policies, troubleshooting, and relevant external sources.",HC Drew Center for Business and Economic Development | McNeese Drew Center | HC Drew economic development,https://www.mcneese.edu/a-to-z/,official McNeese first; authoritative government/partner sources second; verified external discovery when the intent requires it,"Return typed fields, source URL, publication/update date when available, and verification timestamp. Label external options separately from official McNeese information.",low,2026-08-03
CAT-048,HC Drew Center for Business and Economic Development,Research and Industry,CAT-048-S02,events calendar and announcements,cultural_community,"Queries about HC Drew Center for Business and Economic Development, including its public services, requirements, processes, contacts, dates, policies, troubleshooting, and relevant external sources.",HC Drew Center for Business and Economic Development | McNeese Drew Center | HC Drew economic development,https://www.mcneese.edu/a-to-z/,official McNeese first; authoritative government/partner sources second; verified external discovery when the intent requires it,"Return typed fields, source URL, publication/update date when available, and verification timestamp. Label external options separately from official McNeese information.",low,2026-08-03
CAT-048,HC Drew Center for Business and Economic Development,Research and Industry,CAT-048-S03,registration membership and eligibility,cultural_community,"Queries about HC Drew Center for Business and Economic Development, including its public services, requirements, processes, contacts, dates, policies, troubleshooting, and relevant external sources.",HC Drew Center for Business and Economic Development | McNeese Drew Center | HC Drew economic development,https://www.mcneese.edu/a-to-z/,official McNeese first; authoritative government/partner sources second; verified external discovery when the intent requires it,"Return typed fields, source URL, publication/update date when available, and verification timestamp. Label external options separately from official McNeese information.",low,2026-08-03
CAT-048,HC Drew Center for Business and Economic Development,Research and Industry,CAT-048-S04,tickets prices sponsorships and funding,cultural_community,"Queries about HC Drew Center for Business and Economic Development, including its public services, requirements, processes, contacts, dates, policies, troubleshooting, and relevant external sources.",HC Drew Center for Business and Economic Development | McNeese Drew Center | HC Drew economic development,https://www.mcneese.edu/a-to-z/,official McNeese first; authoritative government/partner sources second; verified external discovery when the intent requires it,"Return typed fields, source URL, publication/update date when available, and verification timestamp. Label external options separately from official McNeese information.",low,2026-08-03
CAT-048,HC Drew Center for Business and Economic Development,Research and Industry,CAT-048-S05,venues directions parking and accessibility,cultural_community,"Queries about HC Drew Center for Business and Economic Development, including its public services, requirements, processes, contacts, dates, policies, troubleshooting, and relevant external sources.",HC Drew Center for Business and Economic Development | McNeese Drew Center | HC Drew economic development,https://www.mcneese.edu/a-to-z/,official McNeese first; authoritative government/partner sources second; verified external discovery when the intent requires it,"Return typed fields, source URL, publication/update date when available, and verification timestamp. Label external options separately from official McNeese information.",low,2026-08-03
CAT-048,HC Drew Center for Business and Economic Development,Research and Industry,CAT-048-S06,contacts organizers and office hours,cultural_community,"Queries about HC Drew Center for Business and Economic Development, including its public services, requirements, processes, contacts, dates, policies, troubleshooting, and relevant external sources.",HC Drew Center for Business and Economic Development | McNeese Drew Center | HC Drew economic development,https://www.mcneese.edu/a-to-z/,official McNeese first; authoritative government/partner sources second; verified external discovery when the intent requires it,"Return typed fields, source URL, publication/update date when available, and verification timestamp. Label external options separately from official McNeese information.",low,2026-08-03
CAT-048,HC Drew Center for Business and Economic Development,Research and Industry,CAT-048-S07,news media and public information,cultural_community,"Queries about HC Drew Center for Business and Economic Development, including its public services, requirements, processes, contacts, dates, policies, troubleshooting, and relevant external sources.",HC Drew Center for Business and Economic Development | McNeese Drew Center | HC Drew economic development,https://www.mcneese.edu/a-to-z/,official McNeese first; authoritative government/partner sources second; verified external discovery when the intent requires it,"Return typed fields, source URL, publication/update date when available, and verification timestamp. Label external options separately from official McNeese information.",low,2026-08-03
CAT-048,HC Drew Center for Business and Economic Development,Research and Industry,CAT-048-S08,community partners and external opportunities,cultural_community,"Queries about HC Drew Center for Business and Economic Development, including its public services, requirements, processes, contacts, dates, policies, troubleshooting, and relevant external sources.",HC Drew Center for Business and Economic Development | McNeese Drew Center | HC Drew economic development,https://www.mcneese.edu/a-to-z/,official McNeese first; authoritative government/partner sources second; verified external discovery when the intent requires it,"Return typed fields, source URL, publication/update date when available, and verification timestamp. Label external options separately from official McNeese information.",low,2026-08-03
CAT-049,Department of History,Academic Departments,CAT-049-S01,degrees concentrations and certificates,academic_department,"Queries about Department of History, including its public services, requirements, processes, contacts, dates, policies, troubleshooting, and relevant external sources.",Department of History | McNeese History | History department,https://www.mcneese.edu/a-to-z/,official McNeese first; authoritative government/partner sources second; verified external discovery when the intent requires it,"Return typed fields, source URL, publication/update date when available, and verification timestamp. Label external options separately from official McNeese information.",low,2026-08-03
CAT-049,Department of History,Academic Departments,CAT-049-S02,admission and progression requirements,academic_department,"Queries about Department of History, including its public services, requirements, processes, contacts, dates, policies, troubleshooting, and relevant external sources.",Department of History | McNeese History | History department,https://www.mcneese.edu/a-to-z/,official McNeese first; authoritative government/partner sources second; verified external discovery when the intent requires it,"Return typed fields, source URL, publication/update date when available, and verification timestamp. Label external options separately from official McNeese information.",low,2026-08-03
CAT-049,Department of History,Academic Departments,CAT-049-S03,curriculum prerequisites and degree plans,academic_department,"Queries about Department of History, including its public services, requirements, processes, contacts, dates, policies, troubleshooting, and relevant external sources.",Department of History | McNeese History | History department,https://www.mcneese.edu/a-to-z/,official McNeese first; authoritative government/partner sources second; verified external discovery when the intent requires it,"Return typed fields, source URL, publication/update date when available, and verification timestamp. Label external options separately from official McNeese information.",low,2026-08-03
CAT-049,Department of History,Academic Departments,CAT-049-S04,courses sections and scheduling,academic_department,"Queries about Department of History, including its public services, requirements, processes, contacts, dates, policies, troubleshooting, and relevant external sources.",Department of History | McNeese History | History department,https://www.mcneese.edu/a-to-z/,official McNeese first; authoritative government/partner sources second; verified external discovery when the intent requires it,"Return typed fields, source URL, publication/update date when available, and verification timestamp. Label external options separately from official McNeese information.",low,2026-08-03
CAT-049,Department of History,Academic Departments,CAT-049-S05,faculty staff and department contacts,academic_department,"Queries about Department of History, including its public services, requirements, processes, contacts, dates, policies, troubleshooting, and relevant external sources.",Department of History | McNeese History | History department,https://www.mcneese.edu/a-to-z/,official McNeese first; authoritative government/partner sources second; verified external discovery when the intent requires it,"Return typed fields, source URL, publication/update date when available, and verification timestamp. Label external options separately from official McNeese information.",low,2026-08-03
CAT-049,Department of History,Academic Departments,CAT-049-S06,research laboratories and projects,academic_department,"Queries about Department of History, including its public services, requirements, processes, contacts, dates, policies, troubleshooting, and relevant external sources.",Department of History | McNeese History | History department,https://www.mcneese.edu/a-to-z/,official McNeese first; authoritative government/partner sources second; verified external discovery when the intent requires it,"Return typed fields, source URL, publication/update date when available, and verification timestamp. Label external options separately from official McNeese information.",low,2026-08-03
CAT-049,Department of History,Academic Departments,CAT-049-S07,student organizations events and opportunities,academic_department,"Queries about Department of History, including its public services, requirements, processes, contacts, dates, policies, troubleshooting, and relevant external sources.",Department of History | McNeese History | History department,https://www.mcneese.edu/a-to-z/,official McNeese first; authoritative government/partner sources second; verified external discovery when the intent requires it,"Return typed fields, source URL, publication/update date when available, and verification timestamp. Label external options separately from official McNeese information.",low,2026-08-03
CAT-049,Department of History,Academic Departments,CAT-049-S08,careers licensure and professional outcomes,academic_department,"Queries about Department of History, including its public services, requirements, processes, contacts, dates, policies, troubleshooting, and relevant external sources.",Department of History | McNeese History | History department,https://www.mcneese.edu/a-to-z/,official McNeese first; authoritative government/partner sources second; verified external discovery when the intent requires it,"Return typed fields, source URL, publication/update date when available, and verification timestamp. Label external options separately from official McNeese information.",low,2026-08-03
CAT-050,Honors College,Colleges and Schools,CAT-050-S01,programs departments and credentials,college_school,"Queries about Honors College, including its public services, requirements, processes, contacts, dates, policies, troubleshooting, and relevant external sources.",Honors College | McNeese Honors College | Honors program,https://www.mcneese.edu/a-to-z/,official McNeese first; authoritative government/partner sources second; verified external discovery when the intent requires it,"Return typed fields, source URL, publication/update date when available, and verification timestamp. Label external options separately from official McNeese information.",low,2026-08-03
CAT-050,Honors College,Colleges and Schools,CAT-050-S02,admission and progression requirements,college_school,"Queries about Honors College, including its public services, requirements, processes, contacts, dates, policies, troubleshooting, and relevant external sources.",Honors College | McNeese Honors College | Honors program,https://www.mcneese.edu/a-to-z/,official McNeese first; authoritative government/partner sources second; verified external discovery when the intent requires it,"Return typed fields, source URL, publication/update date when available, and verification timestamp. Label external options separately from official McNeese information.",low,2026-08-03
CAT-050,Honors College,Colleges and Schools,CAT-050-S03,academic advising and student support,college_school,"Queries about Honors College, including its public services, requirements, processes, contacts, dates, policies, troubleshooting, and relevant external sources.",Honors College | McNeese Honors College | Honors program,https://www.mcneese.edu/a-to-z/,official McNeese first; authoritative government/partner sources second; verified external discovery when the intent requires it,"Return typed fields, source URL, publication/update date when available, and verification timestamp. Label external options separately from official McNeese information.",low,2026-08-03
CAT-050,Honors College,Colleges and Schools,CAT-050-S04,curriculum degree plans and catalog rules,college_school,"Queries about Honors College, including its public services, requirements, processes, contacts, dates, policies, troubleshooting, and relevant external sources.",Honors College | McNeese Honors College | Honors program,https://www.mcneese.edu/a-to-z/,official McNeese first; authoritative government/partner sources second; verified external discovery when the intent requires it,"Return typed fields, source URL, publication/update date when available, and verification timestamp. Label external options separately from official McNeese information.",low,2026-08-03
CAT-050,Honors College,Colleges and Schools,CAT-050-S05,faculty leadership and contacts,college_school,"Queries about Honors College, including its public services, requirements, processes, contacts, dates, policies, troubleshooting, and relevant external sources.",Honors College | McNeese Honors College | Honors program,https://www.mcneese.edu/a-to-z/,official McNeese first; authoritative government/partner sources second; verified external discovery when the intent requires it,"Return typed fields, source URL, publication/update date when available, and verification timestamp. Label external options separately from official McNeese information.",low,2026-08-03
CAT-050,Honors College,Colleges and Schools,CAT-050-S06,research centers and facilities,college_school,"Queries about Honors College, including its public services, requirements, processes, contacts, dates, policies, troubleshooting, and relevant external sources.",Honors College | McNeese Honors College | Honors program,https://www.mcneese.edu/a-to-z/,official McNeese first; authoritative government/partner sources second; verified external discovery when the intent requires it,"Return typed fields, source URL, publication/update date when available, and verification timestamp. Label external options separately from official McNeese information.",low,2026-08-03
CAT-050,Honors College,Colleges and Schools,CAT-050-S07,accreditation outcomes and disclosures,college_school,"Queries about Honors College, including its public services, requirements, processes, contacts, dates, policies, troubleshooting, and relevant external sources.",Honors College | McNeese Honors College | Honors program,https://www.mcneese.edu/a-to-z/,official McNeese first; authoritative government/partner sources second; verified external discovery when the intent requires it,"Return typed fields, source URL, publication/update date when available, and verification timestamp. Label external options separately from official McNeese information.",low,2026-08-03
CAT-050,Honors College,Colleges and Schools,CAT-050-S08,scholarships events and student opportunities,college_school,"Queries about Honors College, including its public services, requirements, processes, contacts, dates, policies, troubleshooting, and relevant external sources.",Honors College | McNeese Honors College | Honors program,https://www.mcneese.edu/a-to-z/,official McNeese first; authoritative government/partner sources second; verified external discovery when the intent requires it,"Return typed fields, source URL, publication/update date when available, and verification timestamp. Label external options separately from official McNeese information.",low,2026-08-03
CAT-051,Human Resources,Careers and Employment,CAT-051-S01,job listings and open positions,employment,"Queries about Human Resources, including its public services, requirements, processes, contacts, dates, policies, troubleshooting, and relevant external sources.",Human Resources | McNeese HR | McNeese employment,https://www.mcneese.edu/a-to-z/,official McNeese first; authoritative government/partner sources second; verified external discovery when the intent requires it,"Return typed fields, source URL, publication/update date when available, and verification timestamp. Label external options separately from official McNeese information.",medium,2026-08-03
CAT-051,Human Resources,Careers and Employment,CAT-051-S02,student employment and work study,employment,"Queries about Human Resources, including its public services, requirements, processes, contacts, dates, policies, troubleshooting, and relevant external sources.",Human Resources | McNeese HR | McNeese employment,https://www.mcneese.edu/a-to-z/,official McNeese first; authoritative government/partner sources second; verified external discovery when the intent requires it,"Return typed fields, source URL, publication/update date when available, and verification timestamp. Label external options separately from official McNeese information.",medium,2026-08-03
CAT-051,Human Resources,Careers and Employment,CAT-051-S03,internships co-ops and experiential learning,employment,"Queries about Human Resources, including its public services, requirements, processes, contacts, dates, policies, troubleshooting, and relevant external sources.",Human Resources | McNeese HR | McNeese employment,https://www.mcneese.edu/a-to-z/,official McNeese first; authoritative government/partner sources second; verified external discovery when the intent requires it,"Return typed fields, source URL, publication/update date when available, and verification timestamp. Label external options separately from official McNeese information.",medium,2026-08-03
CAT-051,Human Resources,Careers and Employment,CAT-051-S04,faculty staff and graduate assistant roles,employment,"Queries about Human Resources, including its public services, requirements, processes, contacts, dates, policies, troubleshooting, and relevant external sources.",Human Resources | McNeese HR | McNeese employment,https://www.mcneese.edu/a-to-z/,official McNeese first; authoritative government/partner sources second; verified external discovery when the intent requires it,"Return typed fields, source URL, publication/update date when available, and verification timestamp. Label external options separately from official McNeese information.",medium,2026-08-03
CAT-051,Human Resources,Careers and Employment,CAT-051-S05,application resumes interviews and hiring steps,employment,"Queries about Human Resources, including its public services, requirements, processes, contacts, dates, policies, troubleshooting, and relevant external sources.",Human Resources | McNeese HR | McNeese employment,https://www.mcneese.edu/a-to-z/,official McNeese first; authoritative government/partner sources second; verified external discovery when the intent requires it,"Return typed fields, source URL, publication/update date when available, and verification timestamp. Label external options separately from official McNeese information.",medium,2026-08-03
CAT-051,Human Resources,Careers and Employment,CAT-051-S06,eligibility authorization and international student rules,employment,"Queries about Human Resources, including its public services, requirements, processes, contacts, dates, policies, troubleshooting, and relevant external sources.",Human Resources | McNeese HR | McNeese employment,https://www.mcneese.edu/a-to-z/,official McNeese first; authoritative government/partner sources second; verified external discovery when the intent requires it,"Return typed fields, source URL, publication/update date when available, and verification timestamp. Label external options separately from official McNeese information.",medium,2026-08-03
CAT-051,Human Resources,Careers and Employment,CAT-051-S07,pay benefits schedules and workplace policies,employment,"Queries about Human Resources, including its public services, requirements, processes, contacts, dates, policies, troubleshooting, and relevant external sources.",Human Resources | McNeese HR | McNeese employment,https://www.mcneese.edu/a-to-z/,official McNeese first; authoritative government/partner sources second; verified external discovery when the intent requires it,"Return typed fields, source URL, publication/update date when available, and verification timestamp. Label external options separately from official McNeese information.",medium,2026-08-03
CAT-051,Human Resources,Careers and Employment,CAT-051-S08,external job boards employers and career research,employment,"Queries about Human Resources, including its public services, requirements, processes, contacts, dates, policies, troubleshooting, and relevant external sources.",Human Resources | McNeese HR | McNeese employment,https://www.mcneese.edu/a-to-z/,official McNeese first; authoritative government/partner sources second; verified external discovery when the intent requires it,"Return typed fields, source URL, publication/update date when available, and verification timestamp. Label external options separately from official McNeese information.",medium,2026-08-03
CAT-052,Institute for Industry-Education Collaboration,Research and Industry,CAT-052-S01,programs services and participation,cultural_community,"Queries about Institute for Industry-Education Collaboration, including its public services, requirements, processes, contacts, dates, policies, troubleshooting, and relevant external sources.",Institute for Industry-Education Collaboration | McNeese IIEC | Industry Education Collaboration,https://www.mcneese.edu/a-to-z/,official McNeese first; authoritative government/partner sources second; verified external discovery when the intent requires it,"Return typed fields, source URL, publication/update date when available, and verification timestamp. Label external options separately from official McNeese information.",low,2026-08-03
CAT-052,Institute for Industry-Education Collaboration,Research and Industry,CAT-052-S02,events calendar and announcements,cultural_community,"Queries about Institute for Industry-Education Collaboration, including its public services, requirements, processes, contacts, dates, policies, troubleshooting, and relevant external sources.",Institute for Industry-Education Collaboration | McNeese IIEC | Industry Education Collaboration,https://www.mcneese.edu/a-to-z/,official McNeese first; authoritative government/partner sources second; verified external discovery when the intent requires it,"Return typed fields, source URL, publication/update date when available, and verification timestamp. Label external options separately from official McNeese information.",low,2026-08-03
CAT-052,Institute for Industry-Education Collaboration,Research and Industry,CAT-052-S03,registration membership and eligibility,cultural_community,"Queries about Institute for Industry-Education Collaboration, including its public services, requirements, processes, contacts, dates, policies, troubleshooting, and relevant external sources.",Institute for Industry-Education Collaboration | McNeese IIEC | Industry Education Collaboration,https://www.mcneese.edu/a-to-z/,official McNeese first; authoritative government/partner sources second; verified external discovery when the intent requires it,"Return typed fields, source URL, publication/update date when available, and verification timestamp. Label external options separately from official McNeese information.",low,2026-08-03
CAT-052,Institute for Industry-Education Collaboration,Research and Industry,CAT-052-S04,tickets prices sponsorships and funding,cultural_community,"Queries about Institute for Industry-Education Collaboration, including its public services, requirements, processes, contacts, dates, policies, troubleshooting, and relevant external sources.",Institute for Industry-Education Collaboration | McNeese IIEC | Industry Education Collaboration,https://www.mcneese.edu/a-to-z/,official McNeese first; authoritative government/partner sources second; verified external discovery when the intent requires it,"Return typed fields, source URL, publication/update date when available, and verification timestamp. Label external options separately from official McNeese information.",low,2026-08-03
CAT-052,Institute for Industry-Education Collaboration,Research and Industry,CAT-052-S05,venues directions parking and accessibility,cultural_community,"Queries about Institute for Industry-Education Collaboration, including its public services, requirements, processes, contacts, dates, policies, troubleshooting, and relevant external sources.",Institute for Industry-Education Collaboration | McNeese IIEC | Industry Education Collaboration,https://www.mcneese.edu/a-to-z/,official McNeese first; authoritative government/partner sources second; verified external discovery when the intent requires it,"Return typed fields, source URL, publication/update date when available, and verification timestamp. Label external options separately from official McNeese information.",low,2026-08-03
CAT-052,Institute for Industry-Education Collaboration,Research and Industry,CAT-052-S06,contacts organizers and office hours,cultural_community,"Queries about Institute for Industry-Education Collaboration, including its public services, requirements, processes, contacts, dates, policies, troubleshooting, and relevant external sources.",Institute for Industry-Education Collaboration | McNeese IIEC | Industry Education Collaboration,https://www.mcneese.edu/a-to-z/,official McNeese first; authoritative government/partner sources second; verified external discovery when the intent requires it,"Return typed fields, source URL, publication/update date when available, and verification timestamp. Label external options separately from official McNeese information.",low,2026-08-03
CAT-052,Institute for Industry-Education Collaboration,Research and Industry,CAT-052-S07,news media and public information,cultural_community,"Queries about Institute for Industry-Education Collaboration, including its public services, requirements, processes, contacts, dates, policies, troubleshooting, and relevant external sources.",Institute for Industry-Education Collaboration | McNeese IIEC | Industry Education Collaboration,https://www.mcneese.edu/a-to-z/,official McNeese first; authoritative government/partner sources second; verified external discovery when the intent requires it,"Return typed fields, source URL, publication/update date when available, and verification timestamp. Label external options separately from official McNeese information.",low,2026-08-03
CAT-052,Institute for Industry-Education Collaboration,Research and Industry,CAT-052-S08,community partners and external opportunities,cultural_community,"Queries about Institute for Industry-Education Collaboration, including its public services, requirements, processes, contacts, dates, policies, troubleshooting, and relevant external sources.",Institute for Industry-Education Collaboration | McNeese IIEC | Industry Education Collaboration,https://www.mcneese.edu/a-to-z/,official McNeese first; authoritative government/partner sources second; verified external discovery when the intent requires it,"Return typed fields, source URL, publication/update date when available, and verification timestamp. Label external options separately from official McNeese information.",low,2026-08-03
CAT-053,Institutional Research,"Data, Assessment, and Accreditation",CAT-053-S01,mission leadership and organization,administrative_office,"Queries about Institutional Research, including its public services, requirements, processes, contacts, dates, policies, troubleshooting, and relevant external sources.",Institutional Research | McNeese Institutional Research | university data office,https://www.mcneese.edu/a-to-z/,official McNeese first; authoritative government/partner sources second; verified external discovery when the intent requires it,"Return typed fields, source URL, publication/update date when available, and verification timestamp. Label external options separately from official McNeese information.",low,2026-08-03
CAT-053,Institutional Research,"Data, Assessment, and Accreditation",CAT-053-S02,services responsibilities and procedures,administrative_office,"Queries about Institutional Research, including its public services, requirements, processes, contacts, dates, policies, troubleshooting, and relevant external sources.",Institutional Research | McNeese Institutional Research | university data office,https://www.mcneese.edu/a-to-z/,official McNeese first; authoritative government/partner sources second; verified external discovery when the intent requires it,"Return typed fields, source URL, publication/update date when available, and verification timestamp. Label external options separately from official McNeese information.",low,2026-08-03
CAT-053,Institutional Research,"Data, Assessment, and Accreditation",CAT-053-S03,forms templates and required documents,administrative_office,"Queries about Institutional Research, including its public services, requirements, processes, contacts, dates, policies, troubleshooting, and relevant external sources.",Institutional Research | McNeese Institutional Research | university data office,https://www.mcneese.edu/a-to-z/,official McNeese first; authoritative government/partner sources second; verified external discovery when the intent requires it,"Return typed fields, source URL, publication/update date when available, and verification timestamp. Label external options separately from official McNeese information.",low,2026-08-03
CAT-053,Institutional Research,"Data, Assessment, and Accreditation",CAT-053-S04,policies standards and compliance,administrative_office,"Queries about Institutional Research, including its public services, requirements, processes, contacts, dates, policies, troubleshooting, and relevant external sources.",Institutional Research | McNeese Institutional Research | university data office,https://www.mcneese.edu/a-to-z/,official McNeese first; authoritative government/partner sources second; verified external discovery when the intent requires it,"Return typed fields, source URL, publication/update date when available, and verification timestamp. Label external options separately from official McNeese information.",low,2026-08-03
CAT-053,Institutional Research,"Data, Assessment, and Accreditation",CAT-053-S05,contacts location and office hours,administrative_office,"Queries about Institutional Research, including its public services, requirements, processes, contacts, dates, policies, troubleshooting, and relevant external sources.",Institutional Research | McNeese Institutional Research | university data office,https://www.mcneese.edu/a-to-z/,official McNeese first; authoritative government/partner sources second; verified external discovery when the intent requires it,"Return typed fields, source URL, publication/update date when available, and verification timestamp. Label external options separately from official McNeese information.",low,2026-08-03
CAT-053,Institutional Research,"Data, Assessment, and Accreditation",CAT-053-S06,deadlines calendars and processing times,administrative_office,"Queries about Institutional Research, including its public services, requirements, processes, contacts, dates, policies, troubleshooting, and relevant external sources.",Institutional Research | McNeese Institutional Research | university data office,https://www.mcneese.edu/a-to-z/,official McNeese first; authoritative government/partner sources second; verified external discovery when the intent requires it,"Return typed fields, source URL, publication/update date when available, and verification timestamp. Label external options separately from official McNeese information.",low,2026-08-03
CAT-053,Institutional Research,"Data, Assessment, and Accreditation",CAT-053-S07,reports data and public records,administrative_office,"Queries about Institutional Research, including its public services, requirements, processes, contacts, dates, policies, troubleshooting, and relevant external sources.",Institutional Research | McNeese Institutional Research | university data office,https://www.mcneese.edu/a-to-z/,official McNeese first; authoritative government/partner sources second; verified external discovery when the intent requires it,"Return typed fields, source URL, publication/update date when available, and verification timestamp. Label external options separately from official McNeese information.",low,2026-08-03
CAT-053,Institutional Research,"Data, Assessment, and Accreditation",CAT-053-S08,problems appeals complaints and escalation,administrative_office,"Queries about Institutional Research, including its public services, requirements, processes, contacts, dates, policies, troubleshooting, and relevant external sources.",Institutional Research | McNeese Institutional Research | university data office,https://www.mcneese.edu/a-to-z/,official McNeese first; authoritative government/partner sources second; verified external discovery when the intent requires it,"Return typed fields, source URL, publication/update date when available, and verification timestamp. Label external options separately from official McNeese information.",low,2026-08-03
CAT-054,Department of Interdisciplinary Studies,Academic Departments,CAT-054-S01,degrees concentrations and certificates,academic_department,"Queries about Department of Interdisciplinary Studies, including its public services, requirements, processes, contacts, dates, policies, troubleshooting, and relevant external sources.",Department of Interdisciplinary Studies | McNeese Interdisciplinary Studies | interdisciplinary department,https://www.mcneese.edu/a-to-z/,official McNeese first; authoritative government/partner sources second; verified external discovery when the intent requires it,"Return typed fields, source URL, publication/update date when available, and verification timestamp. Label external options separately from official McNeese information.",low,2026-08-03
CAT-054,Department of Interdisciplinary Studies,Academic Departments,CAT-054-S02,admission and progression requirements,academic_department,"Queries about Department of Interdisciplinary Studies, including its public services, requirements, processes, contacts, dates, policies, troubleshooting, and relevant external sources.",Department of Interdisciplinary Studies | McNeese Interdisciplinary Studies | interdisciplinary department,https://www.mcneese.edu/a-to-z/,official McNeese first; authoritative government/partner sources second; verified external discovery when the intent requires it,"Return typed fields, source URL, publication/update date when available, and verification timestamp. Label external options separately from official McNeese information.",low,2026-08-03
CAT-054,Department of Interdisciplinary Studies,Academic Departments,CAT-054-S03,curriculum prerequisites and degree plans,academic_department,"Queries about Department of Interdisciplinary Studies, including its public services, requirements, processes, contacts, dates, policies, troubleshooting, and relevant external sources.",Department of Interdisciplinary Studies | McNeese Interdisciplinary Studies | interdisciplinary department,https://www.mcneese.edu/a-to-z/,official McNeese first; authoritative government/partner sources second; verified external discovery when the intent requires it,"Return typed fields, source URL, publication/update date when available, and verification timestamp. Label external options separately from official McNeese information.",low,2026-08-03
CAT-054,Department of Interdisciplinary Studies,Academic Departments,CAT-054-S04,courses sections and scheduling,academic_department,"Queries about Department of Interdisciplinary Studies, including its public services, requirements, processes, contacts, dates, policies, troubleshooting, and relevant external sources.",Department of Interdisciplinary Studies | McNeese Interdisciplinary Studies | interdisciplinary department,https://www.mcneese.edu/a-to-z/,official McNeese first; authoritative government/partner sources second; verified external discovery when the intent requires it,"Return typed fields, source URL, publication/update date when available, and verification timestamp. Label external options separately from official McNeese information.",low,2026-08-03
CAT-054,Department of Interdisciplinary Studies,Academic Departments,CAT-054-S05,faculty staff and department contacts,academic_department,"Queries about Department of Interdisciplinary Studies, including its public services, requirements, processes, contacts, dates, policies, troubleshooting, and relevant external sources.",Department of Interdisciplinary Studies | McNeese Interdisciplinary Studies | interdisciplinary department,https://www.mcneese.edu/a-to-z/,official McNeese first; authoritative government/partner sources second; verified external discovery when the intent requires it,"Return typed fields, source URL, publication/update date when available, and verification timestamp. Label external options separately from official McNeese information.",low,2026-08-03
CAT-054,Department of Interdisciplinary Studies,Academic Departments,CAT-054-S06,research laboratories and projects,academic_department,"Queries about Department of Interdisciplinary Studies, including its public services, requirements, processes, contacts, dates, policies, troubleshooting, and relevant external sources.",Department of Interdisciplinary Studies | McNeese Interdisciplinary Studies | interdisciplinary department,https://www.mcneese.edu/a-to-z/,official McNeese first; authoritative government/partner sources second; verified external discovery when the intent requires it,"Return typed fields, source URL, publication/update date when available, and verification timestamp. Label external options separately from official McNeese information.",low,2026-08-03
CAT-054,Department of Interdisciplinary Studies,Academic Departments,CAT-054-S07,student organizations events and opportunities,academic_department,"Queries about Department of Interdisciplinary Studies, including its public services, requirements, processes, contacts, dates, policies, troubleshooting, and relevant external sources.",Department of Interdisciplinary Studies | McNeese Interdisciplinary Studies | interdisciplinary department,https://www.mcneese.edu/a-to-z/,official McNeese first; authoritative government/partner sources second; verified external discovery when the intent requires it,"Return typed fields, source URL, publication/update date when available, and verification timestamp. Label external options separately from official McNeese information.",low,2026-08-03
CAT-054,Department of Interdisciplinary Studies,Academic Departments,CAT-054-S08,careers licensure and professional outcomes,academic_department,"Queries about Department of Interdisciplinary Studies, including its public services, requirements, processes, contacts, dates, policies, troubleshooting, and relevant external sources.",Department of Interdisciplinary Studies | McNeese Interdisciplinary Studies | interdisciplinary department,https://www.mcneese.edu/a-to-z/,official McNeese first; authoritative government/partner sources second; verified external discovery when the intent requires it,"Return typed fields, source URL, publication/update date when available, and verification timestamp. Label external options separately from official McNeese information.",low,2026-08-03
CAT-055,International Student Services,International Students,CAT-055-S01,eligibility and who can use the service,student_service,"Queries about International Student Services, including its public services, requirements, processes, contacts, dates, policies, troubleshooting, and relevant external sources.",International Student Services | McNeese international office | International Student Services,https://www.mcneese.edu/admissions/international/,official McNeese first; authoritative government/partner sources second; verified external discovery when the intent requires it,"Return typed fields, source URL, publication/update date when available, and verification timestamp. Label external options separately from official McNeese information.",medium,2026-08-03
CAT-055,International Student Services,International Students,CAT-055-S02,services programs and available support,student_service,"Queries about International Student Services, including its public services, requirements, processes, contacts, dates, policies, troubleshooting, and relevant external sources.",International Student Services | McNeese international office | International Student Services,https://www.mcneese.edu/admissions/international/,official McNeese first; authoritative government/partner sources second; verified external discovery when the intent requires it,"Return typed fields, source URL, publication/update date when available, and verification timestamp. Label external options separately from official McNeese information.",medium,2026-08-03
CAT-055,International Student Services,International Students,CAT-055-S03,appointments applications and access steps,student_service,"Queries about International Student Services, including its public services, requirements, processes, contacts, dates, policies, troubleshooting, and relevant external sources.",International Student Services | McNeese international office | International Student Services,https://www.mcneese.edu/admissions/international/,official McNeese first; authoritative government/partner sources second; verified external discovery when the intent requires it,"Return typed fields, source URL, publication/update date when available, and verification timestamp. Label external options separately from official McNeese information.",medium,2026-08-03
CAT-055,International Student Services,International Students,CAT-055-S04,forms documents and preparation,student_service,"Queries about International Student Services, including its public services, requirements, processes, contacts, dates, policies, troubleshooting, and relevant external sources.",International Student Services | McNeese international office | International Student Services,https://www.mcneese.edu/admissions/international/,official McNeese first; authoritative government/partner sources second; verified external discovery when the intent requires it,"Return typed fields, source URL, publication/update date when available, and verification timestamp. Label external options separately from official McNeese information.",medium,2026-08-03
CAT-055,International Student Services,International Students,CAT-055-S05,costs fees insurance and funding,student_service,"Queries about International Student Services, including its public services, requirements, processes, contacts, dates, policies, troubleshooting, and relevant external sources.",International Student Services | McNeese international office | International Student Services,https://www.mcneese.edu/admissions/international/,official McNeese first; authoritative government/partner sources second; verified external discovery when the intent requires it,"Return typed fields, source URL, publication/update date when available, and verification timestamp. Label external options separately from official McNeese information.",medium,2026-08-03
CAT-055,International Student Services,International Students,CAT-055-S06,contacts location hours and accessibility,student_service,"Queries about International Student Services, including its public services, requirements, processes, contacts, dates, policies, troubleshooting, and relevant external sources.",International Student Services | McNeese international office | International Student Services,https://www.mcneese.edu/admissions/international/,official McNeese first; authoritative government/partner sources second; verified external discovery when the intent requires it,"Return typed fields, source URL, publication/update date when available, and verification timestamp. Label external options separately from official McNeese information.",medium,2026-08-03
CAT-055,International Student Services,International Students,CAT-055-S07,policies confidentiality and student rights,student_service,"Queries about International Student Services, including its public services, requirements, processes, contacts, dates, policies, troubleshooting, and relevant external sources.",International Student Services | McNeese international office | International Student Services,https://www.mcneese.edu/admissions/international/,official McNeese first; authoritative government/partner sources second; verified external discovery when the intent requires it,"Return typed fields, source URL, publication/update date when available, and verification timestamp. Label external options separately from official McNeese information.",medium,2026-08-03
CAT-055,International Student Services,International Students,CAT-055-S08,urgent help troubleshooting and external alternatives,student_service,"Queries about International Student Services, including its public services, requirements, processes, contacts, dates, policies, troubleshooting, and relevant external sources.",International Student Services | McNeese international office | International Student Services,https://www.mcneese.edu/admissions/international/,official McNeese first; authoritative government/partner sources second; verified external discovery when the intent requires it,"Return typed fields, source URL, publication/update date when available, and verification timestamp. Label external options separately from official McNeese information.",medium,2026-08-03
CAT-056,IT Help Desk,Technology and Systems,CAT-056-S01,access login and authentication,academic_system,"Queries about IT Help Desk, including its public services, requirements, processes, contacts, dates, policies, troubleshooting, and relevant external sources.",IT Help Desk | McNeese Help Desk | McNeese IT support,https://www.mcneese.edu/a-to-z/,official McNeese first; authoritative government/partner sources second; verified external discovery when the intent requires it,"Return typed fields, source URL, publication/update date when available, and verification timestamp. Label external options separately from official McNeese information.",medium,2026-08-03
CAT-056,IT Help Desk,Technology and Systems,CAT-056-S02,search browse and navigation,academic_system,"Queries about IT Help Desk, including its public services, requirements, processes, contacts, dates, policies, troubleshooting, and relevant external sources.",IT Help Desk | McNeese Help Desk | McNeese IT support,https://www.mcneese.edu/a-to-z/,official McNeese first; authoritative government/partner sources second; verified external discovery when the intent requires it,"Return typed fields, source URL, publication/update date when available, and verification timestamp. Label external options separately from official McNeese information.",medium,2026-08-03
CAT-056,IT Help Desk,Technology and Systems,CAT-056-S03,dates deadlines and term availability,academic_system,"Queries about IT Help Desk, including its public services, requirements, processes, contacts, dates, policies, troubleshooting, and relevant external sources.",IT Help Desk | McNeese Help Desk | McNeese IT support,https://www.mcneese.edu/a-to-z/,official McNeese first; authoritative government/partner sources second; verified external discovery when the intent requires it,"Return typed fields, source URL, publication/update date when available, and verification timestamp. Label external options separately from official McNeese information.",medium,2026-08-03
CAT-056,IT Help Desk,Technology and Systems,CAT-056-S04,requirements restrictions and holds,academic_system,"Queries about IT Help Desk, including its public services, requirements, processes, contacts, dates, policies, troubleshooting, and relevant external sources.",IT Help Desk | McNeese Help Desk | McNeese IT support,https://www.mcneese.edu/a-to-z/,official McNeese first; authoritative government/partner sources second; verified external discovery when the intent requires it,"Return typed fields, source URL, publication/update date when available, and verification timestamp. Label external options separately from official McNeese information.",medium,2026-08-03
CAT-056,IT Help Desk,Technology and Systems,CAT-056-S05,records forms exports and confirmations,academic_system,"Queries about IT Help Desk, including its public services, requirements, processes, contacts, dates, policies, troubleshooting, and relevant external sources.",IT Help Desk | McNeese Help Desk | McNeese IT support,https://www.mcneese.edu/a-to-z/,official McNeese first; authoritative government/partner sources second; verified external discovery when the intent requires it,"Return typed fields, source URL, publication/update date when available, and verification timestamp. Label external options separately from official McNeese information.",medium,2026-08-03
CAT-056,IT Help Desk,Technology and Systems,CAT-056-S06,errors troubleshooting and support,academic_system,"Queries about IT Help Desk, including its public services, requirements, processes, contacts, dates, policies, troubleshooting, and relevant external sources.",IT Help Desk | McNeese Help Desk | McNeese IT support,https://www.mcneese.edu/a-to-z/,official McNeese first; authoritative government/partner sources second; verified external discovery when the intent requires it,"Return typed fields, source URL, publication/update date when available, and verification timestamp. Label external options separately from official McNeese information.",medium,2026-08-03
CAT-056,IT Help Desk,Technology and Systems,CAT-056-S07,data fields status meanings and interpretation,academic_system,"Queries about IT Help Desk, including its public services, requirements, processes, contacts, dates, policies, troubleshooting, and relevant external sources.",IT Help Desk | McNeese Help Desk | McNeese IT support,https://www.mcneese.edu/a-to-z/,official McNeese first; authoritative government/partner sources second; verified external discovery when the intent requires it,"Return typed fields, source URL, publication/update date when available, and verification timestamp. Label external options separately from official McNeese information.",medium,2026-08-03
CAT-056,IT Help Desk,Technology and Systems,CAT-056-S08,privacy security and authorized access,academic_system,"Queries about IT Help Desk, including its public services, requirements, processes, contacts, dates, policies, troubleshooting, and relevant external sources.",IT Help Desk | McNeese Help Desk | McNeese IT support,https://www.mcneese.edu/a-to-z/,official McNeese first; authoritative government/partner sources second; verified external discovery when the intent requires it,"Return typed fields, source URL, publication/update date when available, and verification timestamp. Label external options separately from official McNeese information.",medium,2026-08-03
CAT-057,Kay Doré Counseling Clinic,Health and Wellness,CAT-057-S01,eligibility and who can use the service,student_service,"Queries about Kay Doré Counseling Clinic, including its public services, requirements, processes, contacts, dates, policies, troubleshooting, and relevant external sources.",Kay Doré Counseling Clinic | Kay Dore Clinic | McNeese counseling clinic,https://www.mcneese.edu/a-to-z/,official McNeese first; authoritative government/partner sources second; verified external discovery when the intent requires it,"Return typed fields, source URL, publication/update date when available, and verification timestamp. Label external options separately from official McNeese information.",medium,2026-08-03
CAT-057,Kay Doré Counseling Clinic,Health and Wellness,CAT-057-S02,services programs and available support,student_service,"Queries about Kay Doré Counseling Clinic, including its public services, requirements, processes, contacts, dates, policies, troubleshooting, and relevant external sources.",Kay Doré Counseling Clinic | Kay Dore Clinic | McNeese counseling clinic,https://www.mcneese.edu/a-to-z/,official McNeese first; authoritative government/partner sources second; verified external discovery when the intent requires it,"Return typed fields, source URL, publication/update date when available, and verification timestamp. Label external options separately from official McNeese information.",medium,2026-08-03
CAT-057,Kay Doré Counseling Clinic,Health and Wellness,CAT-057-S03,appointments applications and access steps,student_service,"Queries about Kay Doré Counseling Clinic, including its public services, requirements, processes, contacts, dates, policies, troubleshooting, and relevant external sources.",Kay Doré Counseling Clinic | Kay Dore Clinic | McNeese counseling clinic,https://www.mcneese.edu/a-to-z/,official McNeese first; authoritative government/partner sources second; verified external discovery when the intent requires it,"Return typed fields, source URL, publication/update date when available, and verification timestamp. Label external options separately from official McNeese information.",medium,2026-08-03
CAT-057,Kay Doré Counseling Clinic,Health and Wellness,CAT-057-S04,forms documents and preparation,student_service,"Queries about Kay Doré Counseling Clinic, including its public services, requirements, processes, contacts, dates, policies, troubleshooting, and relevant external sources.",Kay Doré Counseling Clinic | Kay Dore Clinic | McNeese counseling clinic,https://www.mcneese.edu/a-to-z/,official McNeese first; authoritative government/partner sources second; verified external discovery when the intent requires it,"Return typed fields, source URL, publication/update date when available, and verification timestamp. Label external options separately from official McNeese information.",medium,2026-08-03
CAT-057,Kay Doré Counseling Clinic,Health and Wellness,CAT-057-S05,costs fees insurance and funding,student_service,"Queries about Kay Doré Counseling Clinic, including its public services, requirements, processes, contacts, dates, policies, troubleshooting, and relevant external sources.",Kay Doré Counseling Clinic | Kay Dore Clinic | McNeese counseling clinic,https://www.mcneese.edu/a-to-z/,official McNeese first; authoritative government/partner sources second; verified external discovery when the intent requires it,"Return typed fields, source URL, publication/update date when available, and verification timestamp. Label external options separately from official McNeese information.",medium,2026-08-03
CAT-057,Kay Doré Counseling Clinic,Health and Wellness,CAT-057-S06,contacts location hours and accessibility,student_service,"Queries about Kay Doré Counseling Clinic, including its public services, requirements, processes, contacts, dates, policies, troubleshooting, and relevant external sources.",Kay Doré Counseling Clinic | Kay Dore Clinic | McNeese counseling clinic,https://www.mcneese.edu/a-to-z/,official McNeese first; authoritative government/partner sources second; verified external discovery when the intent requires it,"Return typed fields, source URL, publication/update date when available, and verification timestamp. Label external options separately from official McNeese information.",medium,2026-08-03
CAT-057,Kay Doré Counseling Clinic,Health and Wellness,CAT-057-S07,policies confidentiality and student rights,student_service,"Queries about Kay Doré Counseling Clinic, including its public services, requirements, processes, contacts, dates, policies, troubleshooting, and relevant external sources.",Kay Doré Counseling Clinic | Kay Dore Clinic | McNeese counseling clinic,https://www.mcneese.edu/a-to-z/,official McNeese first; authoritative government/partner sources second; verified external discovery when the intent requires it,"Return typed fields, source URL, publication/update date when available, and verification timestamp. Label external options separately from official McNeese information.",medium,2026-08-03
CAT-057,Kay Doré Counseling Clinic,Health and Wellness,CAT-057-S08,urgent help troubleshooting and external alternatives,student_service,"Queries about Kay Doré Counseling Clinic, including its public services, requirements, processes, contacts, dates, policies, troubleshooting, and relevant external sources.",Kay Doré Counseling Clinic | Kay Dore Clinic | McNeese counseling clinic,https://www.mcneese.edu/a-to-z/,official McNeese first; authoritative government/partner sources second; verified external discovery when the intent requires it,"Return typed fields, source URL, publication/update date when available, and verification timestamp. Label external options separately from official McNeese information.",medium,2026-08-03
CAT-058,KBYS Radio,Media and Publications,CAT-058-S01,programs services and participation,cultural_community,"Queries about KBYS Radio, including its public services, requirements, processes, contacts, dates, policies, troubleshooting, and relevant external sources.",KBYS Radio | KBYS 88.3 | McNeese radio,https://www.kbys.fm/,official McNeese first; authoritative government/partner sources second; verified external discovery when the intent requires it,"Return typed fields, source URL, publication/update date when available, and verification timestamp. Label external options separately from official McNeese information.",low,2026-08-03
CAT-058,KBYS Radio,Media and Publications,CAT-058-S02,events calendar and announcements,cultural_community,"Queries about KBYS Radio, including its public services, requirements, processes, contacts, dates, policies, troubleshooting, and relevant external sources.",KBYS Radio | KBYS 88.3 | McNeese radio,https://www.kbys.fm/,official McNeese first; authoritative government/partner sources second; verified external discovery when the intent requires it,"Return typed fields, source URL, publication/update date when available, and verification timestamp. Label external options separately from official McNeese information.",low,2026-08-03
CAT-058,KBYS Radio,Media and Publications,CAT-058-S03,registration membership and eligibility,cultural_community,"Queries about KBYS Radio, including its public services, requirements, processes, contacts, dates, policies, troubleshooting, and relevant external sources.",KBYS Radio | KBYS 88.3 | McNeese radio,https://www.kbys.fm/,official McNeese first; authoritative government/partner sources second; verified external discovery when the intent requires it,"Return typed fields, source URL, publication/update date when available, and verification timestamp. Label external options separately from official McNeese information.",low,2026-08-03
CAT-058,KBYS Radio,Media and Publications,CAT-058-S04,tickets prices sponsorships and funding,cultural_community,"Queries about KBYS Radio, including its public services, requirements, processes, contacts, dates, policies, troubleshooting, and relevant external sources.",KBYS Radio | KBYS 88.3 | McNeese radio,https://www.kbys.fm/,official McNeese first; authoritative government/partner sources second; verified external discovery when the intent requires it,"Return typed fields, source URL, publication/update date when available, and verification timestamp. Label external options separately from official McNeese information.",low,2026-08-03
CAT-058,KBYS Radio,Media and Publications,CAT-058-S05,venues directions parking and accessibility,cultural_community,"Queries about KBYS Radio, including its public services, requirements, processes, contacts, dates, policies, troubleshooting, and relevant external sources.",KBYS Radio | KBYS 88.3 | McNeese radio,https://www.kbys.fm/,official McNeese first; authoritative government/partner sources second; verified external discovery when the intent requires it,"Return typed fields, source URL, publication/update date when available, and verification timestamp. Label external options separately from official McNeese information.",low,2026-08-03
CAT-058,KBYS Radio,Media and Publications,CAT-058-S06,contacts organizers and office hours,cultural_community,"Queries about KBYS Radio, including its public services, requirements, processes, contacts, dates, policies, troubleshooting, and relevant external sources.",KBYS Radio | KBYS 88.3 | McNeese radio,https://www.kbys.fm/,official McNeese first; authoritative government/partner sources second; verified external discovery when the intent requires it,"Return typed fields, source URL, publication/update date when available, and verification timestamp. Label external options separately from official McNeese information.",low,2026-08-03
CAT-058,KBYS Radio,Media and Publications,CAT-058-S07,news media and public information,cultural_community,"Queries about KBYS Radio, including its public services, requirements, processes, contacts, dates, policies, troubleshooting, and relevant external sources.",KBYS Radio | KBYS 88.3 | McNeese radio,https://www.kbys.fm/,official McNeese first; authoritative government/partner sources second; verified external discovery when the intent requires it,"Return typed fields, source URL, publication/update date when available, and verification timestamp. Label external options separately from official McNeese information.",low,2026-08-03
CAT-058,KBYS Radio,Media and Publications,CAT-058-S08,community partners and external opportunities,cultural_community,"Queries about KBYS Radio, including its public services, requirements, processes, contacts, dates, policies, troubleshooting, and relevant external sources.",KBYS Radio | KBYS 88.3 | McNeese radio,https://www.kbys.fm/,official McNeese first; authoritative government/partner sources second; verified external discovery when the intent requires it,"Return typed fields, source URL, publication/update date when available, and verification timestamp. Label external options separately from official McNeese information.",low,2026-08-03
CAT-059,H.C. Drew School of Kinesiology,Academic Departments,CAT-059-S01,degrees concentrations and certificates,academic_department,"Queries about H.C. Drew School of Kinesiology, including its public services, requirements, processes, contacts, dates, policies, troubleshooting, and relevant external sources.",H.C. Drew School of Kinesiology | McNeese Kinesiology | Drew School of Kinesiology,https://www.mcneese.edu/a-to-z/,official McNeese first; authoritative government/partner sources second; verified external discovery when the intent requires it,"Return typed fields, source URL, publication/update date when available, and verification timestamp. Label external options separately from official McNeese information.",low,2026-08-03
CAT-059,H.C. Drew School of Kinesiology,Academic Departments,CAT-059-S02,admission and progression requirements,academic_department,"Queries about H.C. Drew School of Kinesiology, including its public services, requirements, processes, contacts, dates, policies, troubleshooting, and relevant external sources.",H.C. Drew School of Kinesiology | McNeese Kinesiology | Drew School of Kinesiology,https://www.mcneese.edu/a-to-z/,official McNeese first; authoritative government/partner sources second; verified external discovery when the intent requires it,"Return typed fields, source URL, publication/update date when available, and verification timestamp. Label external options separately from official McNeese information.",low,2026-08-03
CAT-059,H.C. Drew School of Kinesiology,Academic Departments,CAT-059-S03,curriculum prerequisites and degree plans,academic_department,"Queries about H.C. Drew School of Kinesiology, including its public services, requirements, processes, contacts, dates, policies, troubleshooting, and relevant external sources.",H.C. Drew School of Kinesiology | McNeese Kinesiology | Drew School of Kinesiology,https://www.mcneese.edu/a-to-z/,official McNeese first; authoritative government/partner sources second; verified external discovery when the intent requires it,"Return typed fields, source URL, publication/update date when available, and verification timestamp. Label external options separately from official McNeese information.",low,2026-08-03
CAT-059,H.C. Drew School of Kinesiology,Academic Departments,CAT-059-S04,courses sections and scheduling,academic_department,"Queries about H.C. Drew School of Kinesiology, including its public services, requirements, processes, contacts, dates, policies, troubleshooting, and relevant external sources.",H.C. Drew School of Kinesiology | McNeese Kinesiology | Drew School of Kinesiology,https://www.mcneese.edu/a-to-z/,official McNeese first; authoritative government/partner sources second; verified external discovery when the intent requires it,"Return typed fields, source URL, publication/update date when available, and verification timestamp. Label external options separately from official McNeese information.",low,2026-08-03
CAT-059,H.C. Drew School of Kinesiology,Academic Departments,CAT-059-S05,faculty staff and department contacts,academic_department,"Queries about H.C. Drew School of Kinesiology, including its public services, requirements, processes, contacts, dates, policies, troubleshooting, and relevant external sources.",H.C. Drew School of Kinesiology | McNeese Kinesiology | Drew School of Kinesiology,https://www.mcneese.edu/a-to-z/,official McNeese first; authoritative government/partner sources second; verified external discovery when the intent requires it,"Return typed fields, source URL, publication/update date when available, and verification timestamp. Label external options separately from official McNeese information.",low,2026-08-03
CAT-059,H.C. Drew School of Kinesiology,Academic Departments,CAT-059-S06,research laboratories and projects,academic_department,"Queries about H.C. Drew School of Kinesiology, including its public services, requirements, processes, contacts, dates, policies, troubleshooting, and relevant external sources.",H.C. Drew School of Kinesiology | McNeese Kinesiology | Drew School of Kinesiology,https://www.mcneese.edu/a-to-z/,official McNeese first; authoritative government/partner sources second; verified external discovery when the intent requires it,"Return typed fields, source URL, publication/update date when available, and verification timestamp. Label external options separately from official McNeese information.",low,2026-08-03
CAT-059,H.C. Drew School of Kinesiology,Academic Departments,CAT-059-S07,student organizations events and opportunities,academic_department,"Queries about H.C. Drew School of Kinesiology, including its public services, requirements, processes, contacts, dates, policies, troubleshooting, and relevant external sources.",H.C. Drew School of Kinesiology | McNeese Kinesiology | Drew School of Kinesiology,https://www.mcneese.edu/a-to-z/,official McNeese first; authoritative government/partner sources second; verified external discovery when the intent requires it,"Return typed fields, source URL, publication/update date when available, and verification timestamp. Label external options separately from official McNeese information.",low,2026-08-03
CAT-059,H.C. Drew School of Kinesiology,Academic Departments,CAT-059-S08,careers licensure and professional outcomes,academic_department,"Queries about H.C. Drew School of Kinesiology, including its public services, requirements, processes, contacts, dates, policies, troubleshooting, and relevant external sources.",H.C. Drew School of Kinesiology | McNeese Kinesiology | Drew School of Kinesiology,https://www.mcneese.edu/a-to-z/,official McNeese first; authoritative government/partner sources second; verified external discovery when the intent requires it,"Return typed fields, source URL, publication/update date when available, and verification timestamp. Label external options separately from official McNeese information.",low,2026-08-03
CAT-060,Frazar Memorial Library,Library and Research Support,CAT-060-S01,eligibility and who can use the service,student_service,"Queries about Frazar Memorial Library, including its public services, requirements, processes, contacts, dates, policies, troubleshooting, and relevant external sources.",Frazar Memorial Library | McNeese Library | Frazar Library,https://libguides.mcneese.edu/,official McNeese first; authoritative government/partner sources second; verified external discovery when the intent requires it,"Return typed fields, source URL, publication/update date when available, and verification timestamp. Label external options separately from official McNeese information.",medium,2026-08-03
CAT-060,Frazar Memorial Library,Library and Research Support,CAT-060-S02,services programs and available support,student_service,"Queries about Frazar Memorial Library, including its public services, requirements, processes, contacts, dates, policies, troubleshooting, and relevant external sources.",Frazar Memorial Library | McNeese Library | Frazar Library,https://libguides.mcneese.edu/,official McNeese first; authoritative government/partner sources second; verified external discovery when the intent requires it,"Return typed fields, source URL, publication/update date when available, and verification timestamp. Label external options separately from official McNeese information.",medium,2026-08-03
CAT-060,Frazar Memorial Library,Library and Research Support,CAT-060-S03,appointments applications and access steps,student_service,"Queries about Frazar Memorial Library, including its public services, requirements, processes, contacts, dates, policies, troubleshooting, and relevant external sources.",Frazar Memorial Library | McNeese Library | Frazar Library,https://libguides.mcneese.edu/,official McNeese first; authoritative government/partner sources second; verified external discovery when the intent requires it,"Return typed fields, source URL, publication/update date when available, and verification timestamp. Label external options separately from official McNeese information.",medium,2026-08-03
CAT-060,Frazar Memorial Library,Library and Research Support,CAT-060-S04,forms documents and preparation,student_service,"Queries about Frazar Memorial Library, including its public services, requirements, processes, contacts, dates, policies, troubleshooting, and relevant external sources.",Frazar Memorial Library | McNeese Library | Frazar Library,https://libguides.mcneese.edu/,official McNeese first; authoritative government/partner sources second; verified external discovery when the intent requires it,"Return typed fields, source URL, publication/update date when available, and verification timestamp. Label external options separately from official McNeese information.",medium,2026-08-03
CAT-060,Frazar Memorial Library,Library and Research Support,CAT-060-S05,costs fees insurance and funding,student_service,"Queries about Frazar Memorial Library, including its public services, requirements, processes, contacts, dates, policies, troubleshooting, and relevant external sources.",Frazar Memorial Library | McNeese Library | Frazar Library,https://libguides.mcneese.edu/,official McNeese first; authoritative government/partner sources second; verified external discovery when the intent requires it,"Return typed fields, source URL, publication/update date when available, and verification timestamp. Label external options separately from official McNeese information.",medium,2026-08-03
CAT-060,Frazar Memorial Library,Library and Research Support,CAT-060-S06,contacts location hours and accessibility,student_service,"Queries about Frazar Memorial Library, including its public services, requirements, processes, contacts, dates, policies, troubleshooting, and relevant external sources.",Frazar Memorial Library | McNeese Library | Frazar Library,https://libguides.mcneese.edu/,official McNeese first; authoritative government/partner sources second; verified external discovery when the intent requires it,"Return typed fields, source URL, publication/update date when available, and verification timestamp. Label external options separately from official McNeese information.",medium,2026-08-03
CAT-060,Frazar Memorial Library,Library and Research Support,CAT-060-S07,policies confidentiality and student rights,student_service,"Queries about Frazar Memorial Library, including its public services, requirements, processes, contacts, dates, policies, troubleshooting, and relevant external sources.",Frazar Memorial Library | McNeese Library | Frazar Library,https://libguides.mcneese.edu/,official McNeese first; authoritative government/partner sources second; verified external discovery when the intent requires it,"Return typed fields, source URL, publication/update date when available, and verification timestamp. Label external options separately from official McNeese information.",medium,2026-08-03
CAT-060,Frazar Memorial Library,Library and Research Support,CAT-060-S08,urgent help troubleshooting and external alternatives,student_service,"Queries about Frazar Memorial Library, including its public services, requirements, processes, contacts, dates, policies, troubleshooting, and relevant external sources.",Frazar Memorial Library | McNeese Library | Frazar Library,https://libguides.mcneese.edu/,official McNeese first; authoritative government/partner sources second; verified external discovery when the intent requires it,"Return typed fields, source URL, publication/update date when available, and verification timestamp. Label external options separately from official McNeese information.",medium,2026-08-03
CAT-061,LNG Center of Excellence,Research and Industry,CAT-061-S01,programs services and participation,cultural_community,"Queries about LNG Center of Excellence, including its public services, requirements, processes, contacts, dates, policies, troubleshooting, and relevant external sources.",LNG Center of Excellence | McNeese LNG Center | LNG Center of Excellence,https://www.mcneese.edu/a-to-z/,official McNeese first; authoritative government/partner sources second; verified external discovery when the intent requires it,"Return typed fields, source URL, publication/update date when available, and verification timestamp. Label external options separately from official McNeese information.",low,2026-08-03
CAT-061,LNG Center of Excellence,Research and Industry,CAT-061-S02,events calendar and announcements,cultural_community,"Queries about LNG Center of Excellence, including its public services, requirements, processes, contacts, dates, policies, troubleshooting, and relevant external sources.",LNG Center of Excellence | McNeese LNG Center | LNG Center of Excellence,https://www.mcneese.edu/a-to-z/,official McNeese first; authoritative government/partner sources second; verified external discovery when the intent requires it,"Return typed fields, source URL, publication/update date when available, and verification timestamp. Label external options separately from official McNeese information.",low,2026-08-03
CAT-061,LNG Center of Excellence,Research and Industry,CAT-061-S03,registration membership and eligibility,cultural_community,"Queries about LNG Center of Excellence, including its public services, requirements, processes, contacts, dates, policies, troubleshooting, and relevant external sources.",LNG Center of Excellence | McNeese LNG Center | LNG Center of Excellence,https://www.mcneese.edu/a-to-z/,official McNeese first; authoritative government/partner sources second; verified external discovery when the intent requires it,"Return typed fields, source URL, publication/update date when available, and verification timestamp. Label external options separately from official McNeese information.",low,2026-08-03
CAT-061,LNG Center of Excellence,Research and Industry,CAT-061-S04,tickets prices sponsorships and funding,cultural_community,"Queries about LNG Center of Excellence, including its public services, requirements, processes, contacts, dates, policies, troubleshooting, and relevant external sources.",LNG Center of Excellence | McNeese LNG Center | LNG Center of Excellence,https://www.mcneese.edu/a-to-z/,official McNeese first; authoritative government/partner sources second; verified external discovery when the intent requires it,"Return typed fields, source URL, publication/update date when available, and verification timestamp. Label external options separately from official McNeese information.",low,2026-08-03
CAT-061,LNG Center of Excellence,Research and Industry,CAT-061-S05,venues directions parking and accessibility,cultural_community,"Queries about LNG Center of Excellence, including its public services, requirements, processes, contacts, dates, policies, troubleshooting, and relevant external sources.",LNG Center of Excellence | McNeese LNG Center | LNG Center of Excellence,https://www.mcneese.edu/a-to-z/,official McNeese first; authoritative government/partner sources second; verified external discovery when the intent requires it,"Return typed fields, source URL, publication/update date when available, and verification timestamp. Label external options separately from official McNeese information.",low,2026-08-03
CAT-061,LNG Center of Excellence,Research and Industry,CAT-061-S06,contacts organizers and office hours,cultural_community,"Queries about LNG Center of Excellence, including its public services, requirements, processes, contacts, dates, policies, troubleshooting, and relevant external sources.",LNG Center of Excellence | McNeese LNG Center | LNG Center of Excellence,https://www.mcneese.edu/a-to-z/,official McNeese first; authoritative government/partner sources second; verified external discovery when the intent requires it,"Return typed fields, source URL, publication/update date when available, and verification timestamp. Label external options separately from official McNeese information.",low,2026-08-03
CAT-061,LNG Center of Excellence,Research and Industry,CAT-061-S07,news media and public information,cultural_community,"Queries about LNG Center of Excellence, including its public services, requirements, processes, contacts, dates, policies, troubleshooting, and relevant external sources.",LNG Center of Excellence | McNeese LNG Center | LNG Center of Excellence,https://www.mcneese.edu/a-to-z/,official McNeese first; authoritative government/partner sources second; verified external discovery when the intent requires it,"Return typed fields, source URL, publication/update date when available, and verification timestamp. Label external options separately from official McNeese information.",low,2026-08-03
CAT-061,LNG Center of Excellence,Research and Industry,CAT-061-S08,community partners and external opportunities,cultural_community,"Queries about LNG Center of Excellence, including its public services, requirements, processes, contacts, dates, policies, troubleshooting, and relevant external sources.",LNG Center of Excellence | McNeese LNG Center | LNG Center of Excellence,https://www.mcneese.edu/a-to-z/,official McNeese first; authoritative government/partner sources second; verified external discovery when the intent requires it,"Return typed fields, source URL, publication/update date when available, and verification timestamp. Label external options separately from official McNeese information.",low,2026-08-03
CAT-062,University Marketing and Communications,Administration and Governance,CAT-062-S01,mission leadership and organization,administrative_office,"Queries about University Marketing and Communications, including its public services, requirements, processes, contacts, dates, policies, troubleshooting, and relevant external sources.",University Marketing and Communications | McNeese Marketing | University Communications,https://www.mcneese.edu/a-to-z/,official McNeese first; authoritative government/partner sources second; verified external discovery when the intent requires it,"Return typed fields, source URL, publication/update date when available, and verification timestamp. Label external options separately from official McNeese information.",low,2026-08-03
CAT-062,University Marketing and Communications,Administration and Governance,CAT-062-S02,services responsibilities and procedures,administrative_office,"Queries about University Marketing and Communications, including its public services, requirements, processes, contacts, dates, policies, troubleshooting, and relevant external sources.",University Marketing and Communications | McNeese Marketing | University Communications,https://www.mcneese.edu/a-to-z/,official McNeese first; authoritative government/partner sources second; verified external discovery when the intent requires it,"Return typed fields, source URL, publication/update date when available, and verification timestamp. Label external options separately from official McNeese information.",low,2026-08-03
CAT-062,University Marketing and Communications,Administration and Governance,CAT-062-S03,forms templates and required documents,administrative_office,"Queries about University Marketing and Communications, including its public services, requirements, processes, contacts, dates, policies, troubleshooting, and relevant external sources.",University Marketing and Communications | McNeese Marketing | University Communications,https://www.mcneese.edu/a-to-z/,official McNeese first; authoritative government/partner sources second; verified external discovery when the intent requires it,"Return typed fields, source URL, publication/update date when available, and verification timestamp. Label external options separately from official McNeese information.",low,2026-08-03
CAT-062,University Marketing and Communications,Administration and Governance,CAT-062-S04,policies standards and compliance,administrative_office,"Queries about University Marketing and Communications, including its public services, requirements, processes, contacts, dates, policies, troubleshooting, and relevant external sources.",University Marketing and Communications | McNeese Marketing | University Communications,https://www.mcneese.edu/a-to-z/,official McNeese first; authoritative government/partner sources second; verified external discovery when the intent requires it,"Return typed fields, source URL, publication/update date when available, and verification timestamp. Label external options separately from official McNeese information.",low,2026-08-03
CAT-062,University Marketing and Communications,Administration and Governance,CAT-062-S05,contacts location and office hours,administrative_office,"Queries about University Marketing and Communications, including its public services, requirements, processes, contacts, dates, policies, troubleshooting, and relevant external sources.",University Marketing and Communications | McNeese Marketing | University Communications,https://www.mcneese.edu/a-to-z/,official McNeese first; authoritative government/partner sources second; verified external discovery when the intent requires it,"Return typed fields, source URL, publication/update date when available, and verification timestamp. Label external options separately from official McNeese information.",low,2026-08-03
CAT-062,University Marketing and Communications,Administration and Governance,CAT-062-S06,deadlines calendars and processing times,administrative_office,"Queries about University Marketing and Communications, including its public services, requirements, processes, contacts, dates, policies, troubleshooting, and relevant external sources.",University Marketing and Communications | McNeese Marketing | University Communications,https://www.mcneese.edu/a-to-z/,official McNeese first; authoritative government/partner sources second; verified external discovery when the intent requires it,"Return typed fields, source URL, publication/update date when available, and verification timestamp. Label external options separately from official McNeese information.",low,2026-08-03
CAT-062,University Marketing and Communications,Administration and Governance,CAT-062-S07,reports data and public records,administrative_office,"Queries about University Marketing and Communications, including its public services, requirements, processes, contacts, dates, policies, troubleshooting, and relevant external sources.",University Marketing and Communications | McNeese Marketing | University Communications,https://www.mcneese.edu/a-to-z/,official McNeese first; authoritative government/partner sources second; verified external discovery when the intent requires it,"Return typed fields, source URL, publication/update date when available, and verification timestamp. Label external options separately from official McNeese information.",low,2026-08-03
CAT-062,University Marketing and Communications,Administration and Governance,CAT-062-S08,problems appeals complaints and escalation,administrative_office,"Queries about University Marketing and Communications, including its public services, requirements, processes, contacts, dates, policies, troubleshooting, and relevant external sources.",University Marketing and Communications | McNeese Marketing | University Communications,https://www.mcneese.edu/a-to-z/,official McNeese first; authoritative government/partner sources second; verified external discovery when the intent requires it,"Return typed fields, source URL, publication/update date when available, and verification timestamp. Label external options separately from official McNeese information.",low,2026-08-03
CAT-063,Department of Mass Communication,Academic Departments,CAT-063-S01,degrees concentrations and certificates,academic_department,"Queries about Department of Mass Communication, including its public services, requirements, processes, contacts, dates, policies, troubleshooting, and relevant external sources.",Department of Mass Communication | McNeese Mass Communication | Mass Comm department,https://www.mcneese.edu/a-to-z/,official McNeese first; authoritative government/partner sources second; verified external discovery when the intent requires it,"Return typed fields, source URL, publication/update date when available, and verification timestamp. Label external options separately from official McNeese information.",low,2026-08-03
CAT-063,Department of Mass Communication,Academic Departments,CAT-063-S02,admission and progression requirements,academic_department,"Queries about Department of Mass Communication, including its public services, requirements, processes, contacts, dates, policies, troubleshooting, and relevant external sources.",Department of Mass Communication | McNeese Mass Communication | Mass Comm department,https://www.mcneese.edu/a-to-z/,official McNeese first; authoritative government/partner sources second; verified external discovery when the intent requires it,"Return typed fields, source URL, publication/update date when available, and verification timestamp. Label external options separately from official McNeese information.",low,2026-08-03
CAT-063,Department of Mass Communication,Academic Departments,CAT-063-S03,curriculum prerequisites and degree plans,academic_department,"Queries about Department of Mass Communication, including its public services, requirements, processes, contacts, dates, policies, troubleshooting, and relevant external sources.",Department of Mass Communication | McNeese Mass Communication | Mass Comm department,https://www.mcneese.edu/a-to-z/,official McNeese first; authoritative government/partner sources second; verified external discovery when the intent requires it,"Return typed fields, source URL, publication/update date when available, and verification timestamp. Label external options separately from official McNeese information.",low,2026-08-03
CAT-063,Department of Mass Communication,Academic Departments,CAT-063-S04,courses sections and scheduling,academic_department,"Queries about Department of Mass Communication, including its public services, requirements, processes, contacts, dates, policies, troubleshooting, and relevant external sources.",Department of Mass Communication | McNeese Mass Communication | Mass Comm department,https://www.mcneese.edu/a-to-z/,official McNeese first; authoritative government/partner sources second; verified external discovery when the intent requires it,"Return typed fields, source URL, publication/update date when available, and verification timestamp. Label external options separately from official McNeese information.",low,2026-08-03
CAT-063,Department of Mass Communication,Academic Departments,CAT-063-S05,faculty staff and department contacts,academic_department,"Queries about Department of Mass Communication, including its public services, requirements, processes, contacts, dates, policies, troubleshooting, and relevant external sources.",Department of Mass Communication | McNeese Mass Communication | Mass Comm department,https://www.mcneese.edu/a-to-z/,official McNeese first; authoritative government/partner sources second; verified external discovery when the intent requires it,"Return typed fields, source URL, publication/update date when available, and verification timestamp. Label external options separately from official McNeese information.",low,2026-08-03
CAT-063,Department of Mass Communication,Academic Departments,CAT-063-S06,research laboratories and projects,academic_department,"Queries about Department of Mass Communication, including its public services, requirements, processes, contacts, dates, policies, troubleshooting, and relevant external sources.",Department of Mass Communication | McNeese Mass Communication | Mass Comm department,https://www.mcneese.edu/a-to-z/,official McNeese first; authoritative government/partner sources second; verified external discovery when the intent requires it,"Return typed fields, source URL, publication/update date when available, and verification timestamp. Label external options separately from official McNeese information.",low,2026-08-03
CAT-063,Department of Mass Communication,Academic Departments,CAT-063-S07,student organizations events and opportunities,academic_department,"Queries about Department of Mass Communication, including its public services, requirements, processes, contacts, dates, policies, troubleshooting, and relevant external sources.",Department of Mass Communication | McNeese Mass Communication | Mass Comm department,https://www.mcneese.edu/a-to-z/,official McNeese first; authoritative government/partner sources second; verified external discovery when the intent requires it,"Return typed fields, source URL, publication/update date when available, and verification timestamp. Label external options separately from official McNeese information.",low,2026-08-03
CAT-063,Department of Mass Communication,Academic Departments,CAT-063-S08,careers licensure and professional outcomes,academic_department,"Queries about Department of Mass Communication, including its public services, requirements, processes, contacts, dates, policies, troubleshooting, and relevant external sources.",Department of Mass Communication | McNeese Mass Communication | Mass Comm department,https://www.mcneese.edu/a-to-z/,official McNeese first; authoritative government/partner sources second; verified external discovery when the intent requires it,"Return typed fields, source URL, publication/update date when available, and verification timestamp. Label external options separately from official McNeese information.",low,2026-08-03
CAT-064,Department of Mathematical Sciences,Academic Departments,CAT-064-S01,degrees concentrations and certificates,academic_department,"Queries about Department of Mathematical Sciences, including its public services, requirements, processes, contacts, dates, policies, troubleshooting, and relevant external sources.",Department of Mathematical Sciences | McNeese Mathematics | Mathematical Sciences department,https://www.mcneese.edu/a-to-z/,official McNeese first; authoritative government/partner sources second; verified external discovery when the intent requires it,"Return typed fields, source URL, publication/update date when available, and verification timestamp. Label external options separately from official McNeese information.",low,2026-08-03
CAT-064,Department of Mathematical Sciences,Academic Departments,CAT-064-S02,admission and progression requirements,academic_department,"Queries about Department of Mathematical Sciences, including its public services, requirements, processes, contacts, dates, policies, troubleshooting, and relevant external sources.",Department of Mathematical Sciences | McNeese Mathematics | Mathematical Sciences department,https://www.mcneese.edu/a-to-z/,official McNeese first; authoritative government/partner sources second; verified external discovery when the intent requires it,"Return typed fields, source URL, publication/update date when available, and verification timestamp. Label external options separately from official McNeese information.",low,2026-08-03
CAT-064,Department of Mathematical Sciences,Academic Departments,CAT-064-S03,curriculum prerequisites and degree plans,academic_department,"Queries about Department of Mathematical Sciences, including its public services, requirements, processes, contacts, dates, policies, troubleshooting, and relevant external sources.",Department of Mathematical Sciences | McNeese Mathematics | Mathematical Sciences department,https://www.mcneese.edu/a-to-z/,official McNeese first; authoritative government/partner sources second; verified external discovery when the intent requires it,"Return typed fields, source URL, publication/update date when available, and verification timestamp. Label external options separately from official McNeese information.",low,2026-08-03
CAT-064,Department of Mathematical Sciences,Academic Departments,CAT-064-S04,courses sections and scheduling,academic_department,"Queries about Department of Mathematical Sciences, including its public services, requirements, processes, contacts, dates, policies, troubleshooting, and relevant external sources.",Department of Mathematical Sciences | McNeese Mathematics | Mathematical Sciences department,https://www.mcneese.edu/a-to-z/,official McNeese first; authoritative government/partner sources second; verified external discovery when the intent requires it,"Return typed fields, source URL, publication/update date when available, and verification timestamp. Label external options separately from official McNeese information.",low,2026-08-03
CAT-064,Department of Mathematical Sciences,Academic Departments,CAT-064-S05,faculty staff and department contacts,academic_department,"Queries about Department of Mathematical Sciences, including its public services, requirements, processes, contacts, dates, policies, troubleshooting, and relevant external sources.",Department of Mathematical Sciences | McNeese Mathematics | Mathematical Sciences department,https://www.mcneese.edu/a-to-z/,official McNeese first; authoritative government/partner sources second; verified external discovery when the intent requires it,"Return typed fields, source URL, publication/update date when available, and verification timestamp. Label external options separately from official McNeese information.",low,2026-08-03
CAT-064,Department of Mathematical Sciences,Academic Departments,CAT-064-S06,research laboratories and projects,academic_department,"Queries about Department of Mathematical Sciences, including its public services, requirements, processes, contacts, dates, policies, troubleshooting, and relevant external sources.",Department of Mathematical Sciences | McNeese Mathematics | Mathematical Sciences department,https://www.mcneese.edu/a-to-z/,official McNeese first; authoritative government/partner sources second; verified external discovery when the intent requires it,"Return typed fields, source URL, publication/update date when available, and verification timestamp. Label external options separately from official McNeese information.",low,2026-08-03
CAT-064,Department of Mathematical Sciences,Academic Departments,CAT-064-S07,student organizations events and opportunities,academic_department,"Queries about Department of Mathematical Sciences, including its public services, requirements, processes, contacts, dates, policies, troubleshooting, and relevant external sources.",Department of Mathematical Sciences | McNeese Mathematics | Mathematical Sciences department,https://www.mcneese.edu/a-to-z/,official McNeese first; authoritative government/partner sources second; verified external discovery when the intent requires it,"Return typed fields, source URL, publication/update date when available, and verification timestamp. Label external options separately from official McNeese information.",low,2026-08-03
CAT-064,Department of Mathematical Sciences,Academic Departments,CAT-064-S08,careers licensure and professional outcomes,academic_department,"Queries about Department of Mathematical Sciences, including its public services, requirements, processes, contacts, dates, policies, troubleshooting, and relevant external sources.",Department of Mathematical Sciences | McNeese Mathematics | Mathematical Sciences department,https://www.mcneese.edu/a-to-z/,official McNeese first; authoritative government/partner sources second; verified external discovery when the intent requires it,"Return typed fields, source URL, publication/update date when available, and verification timestamp. Label external options separately from official McNeese information.",low,2026-08-03
CAT-065,Math and Science Tutoring Center,Student Support,CAT-065-S01,eligibility and who can use the service,student_service,"Queries about Math and Science Tutoring Center, including its public services, requirements, processes, contacts, dates, policies, troubleshooting, and relevant external sources.",Math and Science Tutoring Center | McNeese MAST | Math Science Tutoring,https://www.mcneese.edu/a-to-z/,official McNeese first; authoritative government/partner sources second; verified external discovery when the intent requires it,"Return typed fields, source URL, publication/update date when available, and verification timestamp. Label external options separately from official McNeese information.",medium,2026-08-03
CAT-065,Math and Science Tutoring Center,Student Support,CAT-065-S02,services programs and available support,student_service,"Queries about Math and Science Tutoring Center, including its public services, requirements, processes, contacts, dates, policies, troubleshooting, and relevant external sources.",Math and Science Tutoring Center | McNeese MAST | Math Science Tutoring,https://www.mcneese.edu/a-to-z/,official McNeese first; authoritative government/partner sources second; verified external discovery when the intent requires it,"Return typed fields, source URL, publication/update date when available, and verification timestamp. Label external options separately from official McNeese information.",medium,2026-08-03
CAT-065,Math and Science Tutoring Center,Student Support,CAT-065-S03,appointments applications and access steps,student_service,"Queries about Math and Science Tutoring Center, including its public services, requirements, processes, contacts, dates, policies, troubleshooting, and relevant external sources.",Math and Science Tutoring Center | McNeese MAST | Math Science Tutoring,https://www.mcneese.edu/a-to-z/,official McNeese first; authoritative government/partner sources second; verified external discovery when the intent requires it,"Return typed fields, source URL, publication/update date when available, and verification timestamp. Label external options separately from official McNeese information.",medium,2026-08-03
CAT-065,Math and Science Tutoring Center,Student Support,CAT-065-S04,forms documents and preparation,student_service,"Queries about Math and Science Tutoring Center, including its public services, requirements, processes, contacts, dates, policies, troubleshooting, and relevant external sources.",Math and Science Tutoring Center | McNeese MAST | Math Science Tutoring,https://www.mcneese.edu/a-to-z/,official McNeese first; authoritative government/partner sources second; verified external discovery when the intent requires it,"Return typed fields, source URL, publication/update date when available, and verification timestamp. Label external options separately from official McNeese information.",medium,2026-08-03
CAT-065,Math and Science Tutoring Center,Student Support,CAT-065-S05,costs fees insurance and funding,student_service,"Queries about Math and Science Tutoring Center, including its public services, requirements, processes, contacts, dates, policies, troubleshooting, and relevant external sources.",Math and Science Tutoring Center | McNeese MAST | Math Science Tutoring,https://www.mcneese.edu/a-to-z/,official McNeese first; authoritative government/partner sources second; verified external discovery when the intent requires it,"Return typed fields, source URL, publication/update date when available, and verification timestamp. Label external options separately from official McNeese information.",medium,2026-08-03
CAT-065,Math and Science Tutoring Center,Student Support,CAT-065-S06,contacts location hours and accessibility,student_service,"Queries about Math and Science Tutoring Center, including its public services, requirements, processes, contacts, dates, policies, troubleshooting, and relevant external sources.",Math and Science Tutoring Center | McNeese MAST | Math Science Tutoring,https://www.mcneese.edu/a-to-z/,official McNeese first; authoritative government/partner sources second; verified external discovery when the intent requires it,"Return typed fields, source URL, publication/update date when available, and verification timestamp. Label external options separately from official McNeese information.",medium,2026-08-03
CAT-065,Math and Science Tutoring Center,Student Support,CAT-065-S07,policies confidentiality and student rights,student_service,"Queries about Math and Science Tutoring Center, including its public services, requirements, processes, contacts, dates, policies, troubleshooting, and relevant external sources.",Math and Science Tutoring Center | McNeese MAST | Math Science Tutoring,https://www.mcneese.edu/a-to-z/,official McNeese first; authoritative government/partner sources second; verified external discovery when the intent requires it,"Return typed fields, source URL, publication/update date when available, and verification timestamp. Label external options separately from official McNeese information.",medium,2026-08-03
CAT-065,Math and Science Tutoring Center,Student Support,CAT-065-S08,urgent help troubleshooting and external alternatives,student_service,"Queries about Math and Science Tutoring Center, including its public services, requirements, processes, contacts, dates, policies, troubleshooting, and relevant external sources.",Math and Science Tutoring Center | McNeese MAST | Math Science Tutoring,https://www.mcneese.edu/a-to-z/,official McNeese first; authoritative government/partner sources second; verified external discovery when the intent requires it,"Return typed fields, source URL, publication/update date when available, and verification timestamp. Label external options separately from official McNeese information.",medium,2026-08-03
CAT-066,McNeese Alumni Association,Advancement and Partnerships,CAT-066-S01,programs services and participation,cultural_community,"Queries about McNeese Alumni Association, including its public services, requirements, processes, contacts, dates, policies, troubleshooting, and relevant external sources.",McNeese Alumni Association | McNeese Alumni | Alumni Association,https://www.mcneesealumni.com/,official McNeese first; authoritative government/partner sources second; verified external discovery when the intent requires it,"Return typed fields, source URL, publication/update date when available, and verification timestamp. Label external options separately from official McNeese information.",low,2026-08-03
CAT-066,McNeese Alumni Association,Advancement and Partnerships,CAT-066-S02,events calendar and announcements,cultural_community,"Queries about McNeese Alumni Association, including its public services, requirements, processes, contacts, dates, policies, troubleshooting, and relevant external sources.",McNeese Alumni Association | McNeese Alumni | Alumni Association,https://www.mcneesealumni.com/,official McNeese first; authoritative government/partner sources second; verified external discovery when the intent requires it,"Return typed fields, source URL, publication/update date when available, and verification timestamp. Label external options separately from official McNeese information.",low,2026-08-03
CAT-066,McNeese Alumni Association,Advancement and Partnerships,CAT-066-S03,registration membership and eligibility,cultural_community,"Queries about McNeese Alumni Association, including its public services, requirements, processes, contacts, dates, policies, troubleshooting, and relevant external sources.",McNeese Alumni Association | McNeese Alumni | Alumni Association,https://www.mcneesealumni.com/,official McNeese first; authoritative government/partner sources second; verified external discovery when the intent requires it,"Return typed fields, source URL, publication/update date when available, and verification timestamp. Label external options separately from official McNeese information.",low,2026-08-03
CAT-066,McNeese Alumni Association,Advancement and Partnerships,CAT-066-S04,tickets prices sponsorships and funding,cultural_community,"Queries about McNeese Alumni Association, including its public services, requirements, processes, contacts, dates, policies, troubleshooting, and relevant external sources.",McNeese Alumni Association | McNeese Alumni | Alumni Association,https://www.mcneesealumni.com/,official McNeese first; authoritative government/partner sources second; verified external discovery when the intent requires it,"Return typed fields, source URL, publication/update date when available, and verification timestamp. Label external options separately from official McNeese information.",low,2026-08-03
CAT-066,McNeese Alumni Association,Advancement and Partnerships,CAT-066-S05,venues directions parking and accessibility,cultural_community,"Queries about McNeese Alumni Association, including its public services, requirements, processes, contacts, dates, policies, troubleshooting, and relevant external sources.",McNeese Alumni Association | McNeese Alumni | Alumni Association,https://www.mcneesealumni.com/,official McNeese first; authoritative government/partner sources second; verified external discovery when the intent requires it,"Return typed fields, source URL, publication/update date when available, and verification timestamp. Label external options separately from official McNeese information.",low,2026-08-03
CAT-066,McNeese Alumni Association,Advancement and Partnerships,CAT-066-S06,contacts organizers and office hours,cultural_community,"Queries about McNeese Alumni Association, including its public services, requirements, processes, contacts, dates, policies, troubleshooting, and relevant external sources.",McNeese Alumni Association | McNeese Alumni | Alumni Association,https://www.mcneesealumni.com/,official McNeese first; authoritative government/partner sources second; verified external discovery when the intent requires it,"Return typed fields, source URL, publication/update date when available, and verification timestamp. Label external options separately from official McNeese information.",low,2026-08-03
CAT-066,McNeese Alumni Association,Advancement and Partnerships,CAT-066-S07,news media and public information,cultural_community,"Queries about McNeese Alumni Association, including its public services, requirements, processes, contacts, dates, policies, troubleshooting, and relevant external sources.",McNeese Alumni Association | McNeese Alumni | Alumni Association,https://www.mcneesealumni.com/,official McNeese first; authoritative government/partner sources second; verified external discovery when the intent requires it,"Return typed fields, source URL, publication/update date when available, and verification timestamp. Label external options separately from official McNeese information.",low,2026-08-03
CAT-066,McNeese Alumni Association,Advancement and Partnerships,CAT-066-S08,community partners and external opportunities,cultural_community,"Queries about McNeese Alumni Association, including its public services, requirements, processes, contacts, dates, policies, troubleshooting, and relevant external sources.",McNeese Alumni Association | McNeese Alumni | Alumni Association,https://www.mcneesealumni.com/,official McNeese first; authoritative government/partner sources second; verified external discovery when the intent requires it,"Return typed fields, source URL, publication/update date when available, and verification timestamp. Label external options separately from official McNeese information.",low,2026-08-03
CAT-067,McNeese Autism Program,Health and Wellness,CAT-067-S01,eligibility and who can use the service,student_service,"Queries about McNeese Autism Program, including its public services, requirements, processes, contacts, dates, policies, troubleshooting, and relevant external sources.",McNeese Autism Program | McNeese Autism Program | autism services McNeese,https://www.mcneese.edu/a-to-z/,official McNeese first; authoritative government/partner sources second; verified external discovery when the intent requires it,"Return typed fields, source URL, publication/update date when available, and verification timestamp. Label external options separately from official McNeese information.",medium,2026-08-03
CAT-067,McNeese Autism Program,Health and Wellness,CAT-067-S02,services programs and available support,student_service,"Queries about McNeese Autism Program, including its public services, requirements, processes, contacts, dates, policies, troubleshooting, and relevant external sources.",McNeese Autism Program | McNeese Autism Program | autism services McNeese,https://www.mcneese.edu/a-to-z/,official McNeese first; authoritative government/partner sources second; verified external discovery when the intent requires it,"Return typed fields, source URL, publication/update date when available, and verification timestamp. Label external options separately from official McNeese information.",medium,2026-08-03
CAT-067,McNeese Autism Program,Health and Wellness,CAT-067-S03,appointments applications and access steps,student_service,"Queries about McNeese Autism Program, including its public services, requirements, processes, contacts, dates, policies, troubleshooting, and relevant external sources.",McNeese Autism Program | McNeese Autism Program | autism services McNeese,https://www.mcneese.edu/a-to-z/,official McNeese first; authoritative government/partner sources second; verified external discovery when the intent requires it,"Return typed fields, source URL, publication/update date when available, and verification timestamp. Label external options separately from official McNeese information.",medium,2026-08-03
CAT-067,McNeese Autism Program,Health and Wellness,CAT-067-S04,forms documents and preparation,student_service,"Queries about McNeese Autism Program, including its public services, requirements, processes, contacts, dates, policies, troubleshooting, and relevant external sources.",McNeese Autism Program | McNeese Autism Program | autism services McNeese,https://www.mcneese.edu/a-to-z/,official McNeese first; authoritative government/partner sources second; verified external discovery when the intent requires it,"Return typed fields, source URL, publication/update date when available, and verification timestamp. Label external options separately from official McNeese information.",medium,2026-08-03
CAT-067,McNeese Autism Program,Health and Wellness,CAT-067-S05,costs fees insurance and funding,student_service,"Queries about McNeese Autism Program, including its public services, requirements, processes, contacts, dates, policies, troubleshooting, and relevant external sources.",McNeese Autism Program | McNeese Autism Program | autism services McNeese,https://www.mcneese.edu/a-to-z/,official McNeese first; authoritative government/partner sources second; verified external discovery when the intent requires it,"Return typed fields, source URL, publication/update date when available, and verification timestamp. Label external options separately from official McNeese information.",medium,2026-08-03
CAT-067,McNeese Autism Program,Health and Wellness,CAT-067-S06,contacts location hours and accessibility,student_service,"Queries about McNeese Autism Program, including its public services, requirements, processes, contacts, dates, policies, troubleshooting, and relevant external sources.",McNeese Autism Program | McNeese Autism Program | autism services McNeese,https://www.mcneese.edu/a-to-z/,official McNeese first; authoritative government/partner sources second; verified external discovery when the intent requires it,"Return typed fields, source URL, publication/update date when available, and verification timestamp. Label external options separately from official McNeese information.",medium,2026-08-03
CAT-067,McNeese Autism Program,Health and Wellness,CAT-067-S07,policies confidentiality and student rights,student_service,"Queries about McNeese Autism Program, including its public services, requirements, processes, contacts, dates, policies, troubleshooting, and relevant external sources.",McNeese Autism Program | McNeese Autism Program | autism services McNeese,https://www.mcneese.edu/a-to-z/,official McNeese first; authoritative government/partner sources second; verified external discovery when the intent requires it,"Return typed fields, source URL, publication/update date when available, and verification timestamp. Label external options separately from official McNeese information.",medium,2026-08-03
CAT-067,McNeese Autism Program,Health and Wellness,CAT-067-S08,urgent help troubleshooting and external alternatives,student_service,"Queries about McNeese Autism Program, including its public services, requirements, processes, contacts, dates, policies, troubleshooting, and relevant external sources.",McNeese Autism Program | McNeese Autism Program | autism services McNeese,https://www.mcneese.edu/a-to-z/,official McNeese first; authoritative government/partner sources second; verified external discovery when the intent requires it,"Return typed fields, source URL, publication/update date when available, and verification timestamp. Label external options separately from official McNeese information.",medium,2026-08-03
CAT-068,McNeese Foundation and Giving,Advancement and Partnerships,CAT-068-S01,programs services and participation,cultural_community,"Queries about McNeese Foundation and Giving, including its public services, requirements, processes, contacts, dates, policies, troubleshooting, and relevant external sources.",McNeese Foundation and Giving | McNeese Foundation | give to McNeese,https://mcneesefoundation.org/,official McNeese first; authoritative government/partner sources second; verified external discovery when the intent requires it,"Return typed fields, source URL, publication/update date when available, and verification timestamp. Label external options separately from official McNeese information.",low,2026-08-03
CAT-068,McNeese Foundation and Giving,Advancement and Partnerships,CAT-068-S02,events calendar and announcements,cultural_community,"Queries about McNeese Foundation and Giving, including its public services, requirements, processes, contacts, dates, policies, troubleshooting, and relevant external sources.",McNeese Foundation and Giving | McNeese Foundation | give to McNeese,https://mcneesefoundation.org/,official McNeese first; authoritative government/partner sources second; verified external discovery when the intent requires it,"Return typed fields, source URL, publication/update date when available, and verification timestamp. Label external options separately from official McNeese information.",low,2026-08-03
CAT-068,McNeese Foundation and Giving,Advancement and Partnerships,CAT-068-S03,registration membership and eligibility,cultural_community,"Queries about McNeese Foundation and Giving, including its public services, requirements, processes, contacts, dates, policies, troubleshooting, and relevant external sources.",McNeese Foundation and Giving | McNeese Foundation | give to McNeese,https://mcneesefoundation.org/,official McNeese first; authoritative government/partner sources second; verified external discovery when the intent requires it,"Return typed fields, source URL, publication/update date when available, and verification timestamp. Label external options separately from official McNeese information.",low,2026-08-03
CAT-068,McNeese Foundation and Giving,Advancement and Partnerships,CAT-068-S04,tickets prices sponsorships and funding,cultural_community,"Queries about McNeese Foundation and Giving, including its public services, requirements, processes, contacts, dates, policies, troubleshooting, and relevant external sources.",McNeese Foundation and Giving | McNeese Foundation | give to McNeese,https://mcneesefoundation.org/,official McNeese first; authoritative government/partner sources second; verified external discovery when the intent requires it,"Return typed fields, source URL, publication/update date when available, and verification timestamp. Label external options separately from official McNeese information.",low,2026-08-03
CAT-068,McNeese Foundation and Giving,Advancement and Partnerships,CAT-068-S05,venues directions parking and accessibility,cultural_community,"Queries about McNeese Foundation and Giving, including its public services, requirements, processes, contacts, dates, policies, troubleshooting, and relevant external sources.",McNeese Foundation and Giving | McNeese Foundation | give to McNeese,https://mcneesefoundation.org/,official McNeese first; authoritative government/partner sources second; verified external discovery when the intent requires it,"Return typed fields, source URL, publication/update date when available, and verification timestamp. Label external options separately from official McNeese information.",low,2026-08-03
CAT-068,McNeese Foundation and Giving,Advancement and Partnerships,CAT-068-S06,contacts organizers and office hours,cultural_community,"Queries about McNeese Foundation and Giving, including its public services, requirements, processes, contacts, dates, policies, troubleshooting, and relevant external sources.",McNeese Foundation and Giving | McNeese Foundation | give to McNeese,https://mcneesefoundation.org/,official McNeese first; authoritative government/partner sources second; verified external discovery when the intent requires it,"Return typed fields, source URL, publication/update date when available, and verification timestamp. Label external options separately from official McNeese information.",low,2026-08-03
CAT-068,McNeese Foundation and Giving,Advancement and Partnerships,CAT-068-S07,news media and public information,cultural_community,"Queries about McNeese Foundation and Giving, including its public services, requirements, processes, contacts, dates, policies, troubleshooting, and relevant external sources.",McNeese Foundation and Giving | McNeese Foundation | give to McNeese,https://mcneesefoundation.org/,official McNeese first; authoritative government/partner sources second; verified external discovery when the intent requires it,"Return typed fields, source URL, publication/update date when available, and verification timestamp. Label external options separately from official McNeese information.",low,2026-08-03
CAT-068,McNeese Foundation and Giving,Advancement and Partnerships,CAT-068-S08,community partners and external opportunities,cultural_community,"Queries about McNeese Foundation and Giving, including its public services, requirements, processes, contacts, dates, policies, troubleshooting, and relevant external sources.",McNeese Foundation and Giving | McNeese Foundation | give to McNeese,https://mcneesefoundation.org/,official McNeese first; authoritative government/partner sources second; verified external discovery when the intent requires it,"Return typed fields, source URL, publication/update date when available, and verification timestamp. Label external options separately from official McNeese information.",low,2026-08-03
CAT-069,McNeese Rodeo,Athletics and Recreation,CAT-069-S01,teams programs and participation,athletics,"Queries about McNeese Rodeo, including its public services, requirements, processes, contacts, dates, policies, troubleshooting, and relevant external sources.",McNeese Rodeo | McNeese rodeo | Cowboy rodeo,https://www.mcneese.edu/a-to-z/,official McNeese first; authoritative government/partner sources second; verified external discovery when the intent requires it,"Return typed fields, source URL, publication/update date when available, and verification timestamp. Label external options separately from official McNeese information.",low,2026-08-03
CAT-069,McNeese Rodeo,Athletics and Recreation,CAT-069-S02,schedules calendars and results,athletics,"Queries about McNeese Rodeo, including its public services, requirements, processes, contacts, dates, policies, troubleshooting, and relevant external sources.",McNeese Rodeo | McNeese rodeo | Cowboy rodeo,https://www.mcneese.edu/a-to-z/,official McNeese first; authoritative government/partner sources second; verified external discovery when the intent requires it,"Return typed fields, source URL, publication/update date when available, and verification timestamp. Label external options separately from official McNeese information.",low,2026-08-03
CAT-069,McNeese Rodeo,Athletics and Recreation,CAT-069-S03,rosters coaches and staff contacts,athletics,"Queries about McNeese Rodeo, including its public services, requirements, processes, contacts, dates, policies, troubleshooting, and relevant external sources.",McNeese Rodeo | McNeese rodeo | Cowboy rodeo,https://www.mcneese.edu/a-to-z/,official McNeese first; authoritative government/partner sources second; verified external discovery when the intent requires it,"Return typed fields, source URL, publication/update date when available, and verification timestamp. Label external options separately from official McNeese information.",low,2026-08-03
CAT-069,McNeese Rodeo,Athletics and Recreation,CAT-069-S04,tickets prices seating and attendance,athletics,"Queries about McNeese Rodeo, including its public services, requirements, processes, contacts, dates, policies, troubleshooting, and relevant external sources.",McNeese Rodeo | McNeese rodeo | Cowboy rodeo,https://www.mcneese.edu/a-to-z/,official McNeese first; authoritative government/partner sources second; verified external discovery when the intent requires it,"Return typed fields, source URL, publication/update date when available, and verification timestamp. Label external options separately from official McNeese information.",low,2026-08-03
CAT-069,McNeese Rodeo,Athletics and Recreation,CAT-069-S05,venues directions parking and accessibility,athletics,"Queries about McNeese Rodeo, including its public services, requirements, processes, contacts, dates, policies, troubleshooting, and relevant external sources.",McNeese Rodeo | McNeese rodeo | Cowboy rodeo,https://www.mcneese.edu/a-to-z/,official McNeese first; authoritative government/partner sources second; verified external discovery when the intent requires it,"Return typed fields, source URL, publication/update date when available, and verification timestamp. Label external options separately from official McNeese information.",low,2026-08-03
CAT-069,McNeese Rodeo,Athletics and Recreation,CAT-069-S06,news media statistics and broadcasts,athletics,"Queries about McNeese Rodeo, including its public services, requirements, processes, contacts, dates, policies, troubleshooting, and relevant external sources.",McNeese Rodeo | McNeese rodeo | Cowboy rodeo,https://www.mcneese.edu/a-to-z/,official McNeese first; authoritative government/partner sources second; verified external discovery when the intent requires it,"Return typed fields, source URL, publication/update date when available, and verification timestamp. Label external options separately from official McNeese information.",low,2026-08-03
CAT-069,McNeese Rodeo,Athletics and Recreation,CAT-069-S07,student athlete eligibility compliance and support,athletics,"Queries about McNeese Rodeo, including its public services, requirements, processes, contacts, dates, policies, troubleshooting, and relevant external sources.",McNeese Rodeo | McNeese rodeo | Cowboy rodeo,https://www.mcneese.edu/a-to-z/,official McNeese first; authoritative government/partner sources second; verified external discovery when the intent requires it,"Return typed fields, source URL, publication/update date when available, and verification timestamp. Label external options separately from official McNeese information.",low,2026-08-03
CAT-069,McNeese Rodeo,Athletics and Recreation,CAT-069-S08,camps community events and external governing sources,athletics,"Queries about McNeese Rodeo, including its public services, requirements, processes, contacts, dates, policies, troubleshooting, and relevant external sources.",McNeese Rodeo | McNeese rodeo | Cowboy rodeo,https://www.mcneese.edu/a-to-z/,official McNeese first; authoritative government/partner sources second; verified external discovery when the intent requires it,"Return typed fields, source URL, publication/update date when available, and verification timestamp. Label external options separately from official McNeese information.",low,2026-08-03
CAT-070,Department of Undergraduate Nursing,Academic Departments,CAT-070-S01,degrees concentrations and certificates,academic_department,"Queries about Department of Undergraduate Nursing, including its public services, requirements, processes, contacts, dates, policies, troubleshooting, and relevant external sources.",Department of Undergraduate Nursing | McNeese Undergraduate Nursing | BSN department,https://www.mcneese.edu/a-to-z/,official McNeese first; authoritative government/partner sources second; verified external discovery when the intent requires it,"Return typed fields, source URL, publication/update date when available, and verification timestamp. Label external options separately from official McNeese information.",low,2026-08-03
CAT-070,Department of Undergraduate Nursing,Academic Departments,CAT-070-S02,admission and progression requirements,academic_department,"Queries about Department of Undergraduate Nursing, including its public services, requirements, processes, contacts, dates, policies, troubleshooting, and relevant external sources.",Department of Undergraduate Nursing | McNeese Undergraduate Nursing | BSN department,https://www.mcneese.edu/a-to-z/,official McNeese first; authoritative government/partner sources second; verified external discovery when the intent requires it,"Return typed fields, source URL, publication/update date when available, and verification timestamp. Label external options separately from official McNeese information.",low,2026-08-03
CAT-070,Department of Undergraduate Nursing,Academic Departments,CAT-070-S03,curriculum prerequisites and degree plans,academic_department,"Queries about Department of Undergraduate Nursing, including its public services, requirements, processes, contacts, dates, policies, troubleshooting, and relevant external sources.",Department of Undergraduate Nursing | McNeese Undergraduate Nursing | BSN department,https://www.mcneese.edu/a-to-z/,official McNeese first; authoritative government/partner sources second; verified external discovery when the intent requires it,"Return typed fields, source URL, publication/update date when available, and verification timestamp. Label external options separately from official McNeese information.",low,2026-08-03
CAT-070,Department of Undergraduate Nursing,Academic Departments,CAT-070-S04,courses sections and scheduling,academic_department,"Queries about Department of Undergraduate Nursing, including its public services, requirements, processes, contacts, dates, policies, troubleshooting, and relevant external sources.",Department of Undergraduate Nursing | McNeese Undergraduate Nursing | BSN department,https://www.mcneese.edu/a-to-z/,official McNeese first; authoritative government/partner sources second; verified external discovery when the intent requires it,"Return typed fields, source URL, publication/update date when available, and verification timestamp. Label external options separately from official McNeese information.",low,2026-08-03
CAT-070,Department of Undergraduate Nursing,Academic Departments,CAT-070-S05,faculty staff and department contacts,academic_department,"Queries about Department of Undergraduate Nursing, including its public services, requirements, processes, contacts, dates, policies, troubleshooting, and relevant external sources.",Department of Undergraduate Nursing | McNeese Undergraduate Nursing | BSN department,https://www.mcneese.edu/a-to-z/,official McNeese first; authoritative government/partner sources second; verified external discovery when the intent requires it,"Return typed fields, source URL, publication/update date when available, and verification timestamp. Label external options separately from official McNeese information.",low,2026-08-03
CAT-070,Department of Undergraduate Nursing,Academic Departments,CAT-070-S06,research laboratories and projects,academic_department,"Queries about Department of Undergraduate Nursing, including its public services, requirements, processes, contacts, dates, policies, troubleshooting, and relevant external sources.",Department of Undergraduate Nursing | McNeese Undergraduate Nursing | BSN department,https://www.mcneese.edu/a-to-z/,official McNeese first; authoritative government/partner sources second; verified external discovery when the intent requires it,"Return typed fields, source URL, publication/update date when available, and verification timestamp. Label external options separately from official McNeese information.",low,2026-08-03
CAT-070,Department of Undergraduate Nursing,Academic Departments,CAT-070-S07,student organizations events and opportunities,academic_department,"Queries about Department of Undergraduate Nursing, including its public services, requirements, processes, contacts, dates, policies, troubleshooting, and relevant external sources.",Department of Undergraduate Nursing | McNeese Undergraduate Nursing | BSN department,https://www.mcneese.edu/a-to-z/,official McNeese first; authoritative government/partner sources second; verified external discovery when the intent requires it,"Return typed fields, source URL, publication/update date when available, and verification timestamp. Label external options separately from official McNeese information.",low,2026-08-03
CAT-070,Department of Undergraduate Nursing,Academic Departments,CAT-070-S08,careers licensure and professional outcomes,academic_department,"Queries about Department of Undergraduate Nursing, including its public services, requirements, processes, contacts, dates, policies, troubleshooting, and relevant external sources.",Department of Undergraduate Nursing | McNeese Undergraduate Nursing | BSN department,https://www.mcneese.edu/a-to-z/,official McNeese first; authoritative government/partner sources second; verified external discovery when the intent requires it,"Return typed fields, source URL, publication/update date when available, and verification timestamp. Label external options separately from official McNeese information.",low,2026-08-03
CAT-071,Online Programs,Academics and Curriculum,CAT-071-S01,programs departments and credentials,college_school,"Queries about Online Programs, including its public services, requirements, processes, contacts, dates, policies, troubleshooting, and relevant external sources.",Online Programs | McNeese Online | online degrees McNeese,https://www.mcneese.edu/academics__trashed/online-programs/,official McNeese first; authoritative government/partner sources second; verified external discovery when the intent requires it,"Return typed fields, source URL, publication/update date when available, and verification timestamp. Label external options separately from official McNeese information.",low,2026-08-03
CAT-071,Online Programs,Academics and Curriculum,CAT-071-S02,admission and progression requirements,college_school,"Queries about Online Programs, including its public services, requirements, processes, contacts, dates, policies, troubleshooting, and relevant external sources.",Online Programs | McNeese Online | online degrees McNeese,https://www.mcneese.edu/academics__trashed/online-programs/,official McNeese first; authoritative government/partner sources second; verified external discovery when the intent requires it,"Return typed fields, source URL, publication/update date when available, and verification timestamp. Label external options separately from official McNeese information.",low,2026-08-03
CAT-071,Online Programs,Academics and Curriculum,CAT-071-S03,academic advising and student support,college_school,"Queries about Online Programs, including its public services, requirements, processes, contacts, dates, policies, troubleshooting, and relevant external sources.",Online Programs | McNeese Online | online degrees McNeese,https://www.mcneese.edu/academics__trashed/online-programs/,official McNeese first; authoritative government/partner sources second; verified external discovery when the intent requires it,"Return typed fields, source URL, publication/update date when available, and verification timestamp. Label external options separately from official McNeese information.",low,2026-08-03
CAT-071,Online Programs,Academics and Curriculum,CAT-071-S04,curriculum degree plans and catalog rules,college_school,"Queries about Online Programs, including its public services, requirements, processes, contacts, dates, policies, troubleshooting, and relevant external sources.",Online Programs | McNeese Online | online degrees McNeese,https://www.mcneese.edu/academics__trashed/online-programs/,official McNeese first; authoritative government/partner sources second; verified external discovery when the intent requires it,"Return typed fields, source URL, publication/update date when available, and verification timestamp. Label external options separately from official McNeese information.",low,2026-08-03
CAT-071,Online Programs,Academics and Curriculum,CAT-071-S05,faculty leadership and contacts,college_school,"Queries about Online Programs, including its public services, requirements, processes, contacts, dates, policies, troubleshooting, and relevant external sources.",Online Programs | McNeese Online | online degrees McNeese,https://www.mcneese.edu/academics__trashed/online-programs/,official McNeese first; authoritative government/partner sources second; verified external discovery when the intent requires it,"Return typed fields, source URL, publication/update date when available, and verification timestamp. Label external options separately from official McNeese information.",low,2026-08-03
CAT-071,Online Programs,Academics and Curriculum,CAT-071-S06,research centers and facilities,college_school,"Queries about Online Programs, including its public services, requirements, processes, contacts, dates, policies, troubleshooting, and relevant external sources.",Online Programs | McNeese Online | online degrees McNeese,https://www.mcneese.edu/academics__trashed/online-programs/,official McNeese first; authoritative government/partner sources second; verified external discovery when the intent requires it,"Return typed fields, source URL, publication/update date when available, and verification timestamp. Label external options separately from official McNeese information.",low,2026-08-03
CAT-071,Online Programs,Academics and Curriculum,CAT-071-S07,accreditation outcomes and disclosures,college_school,"Queries about Online Programs, including its public services, requirements, processes, contacts, dates, policies, troubleshooting, and relevant external sources.",Online Programs | McNeese Online | online degrees McNeese,https://www.mcneese.edu/academics__trashed/online-programs/,official McNeese first; authoritative government/partner sources second; verified external discovery when the intent requires it,"Return typed fields, source URL, publication/update date when available, and verification timestamp. Label external options separately from official McNeese information.",low,2026-08-03
CAT-071,Online Programs,Academics and Curriculum,CAT-071-S08,scholarships events and student opportunities,college_school,"Queries about Online Programs, including its public services, requirements, processes, contacts, dates, policies, troubleshooting, and relevant external sources.",Online Programs | McNeese Online | online degrees McNeese,https://www.mcneese.edu/academics__trashed/online-programs/,official McNeese first; authoritative government/partner sources second; verified external discovery when the intent requires it,"Return typed fields, source URL, publication/update date when available, and verification timestamp. Label external options separately from official McNeese information.",low,2026-08-03
CAT-072,Department of Performing Arts,Academic Departments,CAT-072-S01,degrees concentrations and certificates,academic_department,"Queries about Department of Performing Arts, including its public services, requirements, processes, contacts, dates, policies, troubleshooting, and relevant external sources.",Department of Performing Arts | McNeese Performing Arts | Hanna Performing Arts,https://www.mcneese.edu/a-to-z/,official McNeese first; authoritative government/partner sources second; verified external discovery when the intent requires it,"Return typed fields, source URL, publication/update date when available, and verification timestamp. Label external options separately from official McNeese information.",low,2026-08-03
CAT-072,Department of Performing Arts,Academic Departments,CAT-072-S02,admission and progression requirements,academic_department,"Queries about Department of Performing Arts, including its public services, requirements, processes, contacts, dates, policies, troubleshooting, and relevant external sources.",Department of Performing Arts | McNeese Performing Arts | Hanna Performing Arts,https://www.mcneese.edu/a-to-z/,official McNeese first; authoritative government/partner sources second; verified external discovery when the intent requires it,"Return typed fields, source URL, publication/update date when available, and verification timestamp. Label external options separately from official McNeese information.",low,2026-08-03
CAT-072,Department of Performing Arts,Academic Departments,CAT-072-S03,curriculum prerequisites and degree plans,academic_department,"Queries about Department of Performing Arts, including its public services, requirements, processes, contacts, dates, policies, troubleshooting, and relevant external sources.",Department of Performing Arts | McNeese Performing Arts | Hanna Performing Arts,https://www.mcneese.edu/a-to-z/,official McNeese first; authoritative government/partner sources second; verified external discovery when the intent requires it,"Return typed fields, source URL, publication/update date when available, and verification timestamp. Label external options separately from official McNeese information.",low,2026-08-03
CAT-072,Department of Performing Arts,Academic Departments,CAT-072-S04,courses sections and scheduling,academic_department,"Queries about Department of Performing Arts, including its public services, requirements, processes, contacts, dates, policies, troubleshooting, and relevant external sources.",Department of Performing Arts | McNeese Performing Arts | Hanna Performing Arts,https://www.mcneese.edu/a-to-z/,official McNeese first; authoritative government/partner sources second; verified external discovery when the intent requires it,"Return typed fields, source URL, publication/update date when available, and verification timestamp. Label external options separately from official McNeese information.",low,2026-08-03
CAT-072,Department of Performing Arts,Academic Departments,CAT-072-S05,faculty staff and department contacts,academic_department,"Queries about Department of Performing Arts, including its public services, requirements, processes, contacts, dates, policies, troubleshooting, and relevant external sources.",Department of Performing Arts | McNeese Performing Arts | Hanna Performing Arts,https://www.mcneese.edu/a-to-z/,official McNeese first; authoritative government/partner sources second; verified external discovery when the intent requires it,"Return typed fields, source URL, publication/update date when available, and verification timestamp. Label external options separately from official McNeese information.",low,2026-08-03
CAT-072,Department of Performing Arts,Academic Departments,CAT-072-S06,research laboratories and projects,academic_department,"Queries about Department of Performing Arts, including its public services, requirements, processes, contacts, dates, policies, troubleshooting, and relevant external sources.",Department of Performing Arts | McNeese Performing Arts | Hanna Performing Arts,https://www.mcneese.edu/a-to-z/,official McNeese first; authoritative government/partner sources second; verified external discovery when the intent requires it,"Return typed fields, source URL, publication/update date when available, and verification timestamp. Label external options separately from official McNeese information.",low,2026-08-03
CAT-072,Department of Performing Arts,Academic Departments,CAT-072-S07,student organizations events and opportunities,academic_department,"Queries about Department of Performing Arts, including its public services, requirements, processes, contacts, dates, policies, troubleshooting, and relevant external sources.",Department of Performing Arts | McNeese Performing Arts | Hanna Performing Arts,https://www.mcneese.edu/a-to-z/,official McNeese first; authoritative government/partner sources second; verified external discovery when the intent requires it,"Return typed fields, source URL, publication/update date when available, and verification timestamp. Label external options separately from official McNeese information.",low,2026-08-03
CAT-072,Department of Performing Arts,Academic Departments,CAT-072-S08,careers licensure and professional outcomes,academic_department,"Queries about Department of Performing Arts, including its public services, requirements, processes, contacts, dates, policies, troubleshooting, and relevant external sources.",Department of Performing Arts | McNeese Performing Arts | Hanna Performing Arts,https://www.mcneese.edu/a-to-z/,official McNeese first; authoritative government/partner sources second; verified external discovery when the intent requires it,"Return typed fields, source URL, publication/update date when available, and verification timestamp. Label external options separately from official McNeese information.",low,2026-08-03
CAT-073,Poke Pantry,Student Support,CAT-073-S01,eligibility and who can use the service,student_service,"Queries about Poke Pantry, including its public services, requirements, processes, contacts, dates, policies, troubleshooting, and relevant external sources.",Poke Pantry | McNeese Poke Pantry | campus food pantry,https://www.mcneese.edu/a-to-z/,official McNeese first; authoritative government/partner sources second; verified external discovery when the intent requires it,"Return typed fields, source URL, publication/update date when available, and verification timestamp. Label external options separately from official McNeese information.",medium,2026-08-03
CAT-073,Poke Pantry,Student Support,CAT-073-S02,services programs and available support,student_service,"Queries about Poke Pantry, including its public services, requirements, processes, contacts, dates, policies, troubleshooting, and relevant external sources.",Poke Pantry | McNeese Poke Pantry | campus food pantry,https://www.mcneese.edu/a-to-z/,official McNeese first; authoritative government/partner sources second; verified external discovery when the intent requires it,"Return typed fields, source URL, publication/update date when available, and verification timestamp. Label external options separately from official McNeese information.",medium,2026-08-03
CAT-073,Poke Pantry,Student Support,CAT-073-S03,appointments applications and access steps,student_service,"Queries about Poke Pantry, including its public services, requirements, processes, contacts, dates, policies, troubleshooting, and relevant external sources.",Poke Pantry | McNeese Poke Pantry | campus food pantry,https://www.mcneese.edu/a-to-z/,official McNeese first; authoritative government/partner sources second; verified external discovery when the intent requires it,"Return typed fields, source URL, publication/update date when available, and verification timestamp. Label external options separately from official McNeese information.",medium,2026-08-03
CAT-073,Poke Pantry,Student Support,CAT-073-S04,forms documents and preparation,student_service,"Queries about Poke Pantry, including its public services, requirements, processes, contacts, dates, policies, troubleshooting, and relevant external sources.",Poke Pantry | McNeese Poke Pantry | campus food pantry,https://www.mcneese.edu/a-to-z/,official McNeese first; authoritative government/partner sources second; verified external discovery when the intent requires it,"Return typed fields, source URL, publication/update date when available, and verification timestamp. Label external options separately from official McNeese information.",medium,2026-08-03
CAT-073,Poke Pantry,Student Support,CAT-073-S05,costs fees insurance and funding,student_service,"Queries about Poke Pantry, including its public services, requirements, processes, contacts, dates, policies, troubleshooting, and relevant external sources.",Poke Pantry | McNeese Poke Pantry | campus food pantry,https://www.mcneese.edu/a-to-z/,official McNeese first; authoritative government/partner sources second; verified external discovery when the intent requires it,"Return typed fields, source URL, publication/update date when available, and verification timestamp. Label external options separately from official McNeese information.",medium,2026-08-03
CAT-073,Poke Pantry,Student Support,CAT-073-S06,contacts location hours and accessibility,student_service,"Queries about Poke Pantry, including its public services, requirements, processes, contacts, dates, policies, troubleshooting, and relevant external sources.",Poke Pantry | McNeese Poke Pantry | campus food pantry,https://www.mcneese.edu/a-to-z/,official McNeese first; authoritative government/partner sources second; verified external discovery when the intent requires it,"Return typed fields, source URL, publication/update date when available, and verification timestamp. Label external options separately from official McNeese information.",medium,2026-08-03
CAT-073,Poke Pantry,Student Support,CAT-073-S07,policies confidentiality and student rights,student_service,"Queries about Poke Pantry, including its public services, requirements, processes, contacts, dates, policies, troubleshooting, and relevant external sources.",Poke Pantry | McNeese Poke Pantry | campus food pantry,https://www.mcneese.edu/a-to-z/,official McNeese first; authoritative government/partner sources second; verified external discovery when the intent requires it,"Return typed fields, source URL, publication/update date when available, and verification timestamp. Label external options separately from official McNeese information.",medium,2026-08-03
CAT-073,Poke Pantry,Student Support,CAT-073-S08,urgent help troubleshooting and external alternatives,student_service,"Queries about Poke Pantry, including its public services, requirements, processes, contacts, dates, policies, troubleshooting, and relevant external sources.",Poke Pantry | McNeese Poke Pantry | campus food pantry,https://www.mcneese.edu/a-to-z/,official McNeese first; authoritative government/partner sources second; verified external discovery when the intent requires it,"Return typed fields, source URL, publication/update date when available, and verification timestamp. Label external options separately from official McNeese information.",medium,2026-08-03
CAT-074,"University Police, Parking, and IDs","Safety, Rights, and Compliance",CAT-074-S01,emergency contacts and immediate assistance,safety_compliance,"Queries about University Police, Parking, and IDs, including its public services, requirements, processes, contacts, dates, policies, troubleshooting, and relevant external sources.","University Police, Parking, and IDs | McNeese Police | McNeese parking",https://www.mcneese.edu/a-to-z/,official McNeese first; authoritative government/partner sources second; verified external discovery when the intent requires it,"Return typed fields, source URL, publication/update date when available, and verification timestamp. Label external options separately from official McNeese information.",high,2026-08-03
CAT-074,"University Police, Parking, and IDs","Safety, Rights, and Compliance",CAT-074-S02,reporting incidents concerns and crimes,safety_compliance,"Queries about University Police, Parking, and IDs, including its public services, requirements, processes, contacts, dates, policies, troubleshooting, and relevant external sources.","University Police, Parking, and IDs | McNeese Police | McNeese parking",https://www.mcneese.edu/a-to-z/,official McNeese first; authoritative government/partner sources second; verified external discovery when the intent requires it,"Return typed fields, source URL, publication/update date when available, and verification timestamp. Label external options separately from official McNeese information.",high,2026-08-03
CAT-074,"University Police, Parking, and IDs","Safety, Rights, and Compliance",CAT-074-S03,policies rights and responsibilities,safety_compliance,"Queries about University Police, Parking, and IDs, including its public services, requirements, processes, contacts, dates, policies, troubleshooting, and relevant external sources.","University Police, Parking, and IDs | McNeese Police | McNeese parking",https://www.mcneese.edu/a-to-z/,official McNeese first; authoritative government/partner sources second; verified external discovery when the intent requires it,"Return typed fields, source URL, publication/update date when available, and verification timestamp. Label external options separately from official McNeese information.",high,2026-08-03
CAT-074,"University Police, Parking, and IDs","Safety, Rights, and Compliance",CAT-074-S04,prevention training and safety resources,safety_compliance,"Queries about University Police, Parking, and IDs, including its public services, requirements, processes, contacts, dates, policies, troubleshooting, and relevant external sources.","University Police, Parking, and IDs | McNeese Police | McNeese parking",https://www.mcneese.edu/a-to-z/,official McNeese first; authoritative government/partner sources second; verified external discovery when the intent requires it,"Return typed fields, source URL, publication/update date when available, and verification timestamp. Label external options separately from official McNeese information.",high,2026-08-03
CAT-074,"University Police, Parking, and IDs","Safety, Rights, and Compliance",CAT-074-S05,office location contacts and hours,safety_compliance,"Queries about University Police, Parking, and IDs, including its public services, requirements, processes, contacts, dates, policies, troubleshooting, and relevant external sources.","University Police, Parking, and IDs | McNeese Police | McNeese parking",https://www.mcneese.edu/a-to-z/,official McNeese first; authoritative government/partner sources second; verified external discovery when the intent requires it,"Return typed fields, source URL, publication/update date when available, and verification timestamp. Label external options separately from official McNeese information.",high,2026-08-03
CAT-074,"University Police, Parking, and IDs","Safety, Rights, and Compliance",CAT-074-S06,alerts closures and current status,safety_compliance,"Queries about University Police, Parking, and IDs, including its public services, requirements, processes, contacts, dates, policies, troubleshooting, and relevant external sources.","University Police, Parking, and IDs | McNeese Police | McNeese parking",https://www.mcneese.edu/a-to-z/,official McNeese first; authoritative government/partner sources second; verified external discovery when the intent requires it,"Return typed fields, source URL, publication/update date when available, and verification timestamp. Label external options separately from official McNeese information.",high,2026-08-03
CAT-074,"University Police, Parking, and IDs","Safety, Rights, and Compliance",CAT-074-S07,complaints investigations appeals and records,safety_compliance,"Queries about University Police, Parking, and IDs, including its public services, requirements, processes, contacts, dates, policies, troubleshooting, and relevant external sources.","University Police, Parking, and IDs | McNeese Police | McNeese parking",https://www.mcneese.edu/a-to-z/,official McNeese first; authoritative government/partner sources second; verified external discovery when the intent requires it,"Return typed fields, source URL, publication/update date when available, and verification timestamp. Label external options separately from official McNeese information.",high,2026-08-03
CAT-074,"University Police, Parking, and IDs","Safety, Rights, and Compliance",CAT-074-S08,external police emergency and regulatory agencies,safety_compliance,"Queries about University Police, Parking, and IDs, including its public services, requirements, processes, contacts, dates, policies, troubleshooting, and relevant external sources.","University Police, Parking, and IDs | McNeese Police | McNeese parking",https://www.mcneese.edu/a-to-z/,official McNeese first; authoritative government/partner sources second; verified external discovery when the intent requires it,"Return typed fields, source URL, publication/update date when available, and verification timestamp. Label external options separately from official McNeese information.",high,2026-08-03
CAT-075,Office of the President,Administration and Governance,CAT-075-S01,mission leadership and organization,administrative_office,"Queries about Office of the President, including its public services, requirements, processes, contacts, dates, policies, troubleshooting, and relevant external sources.",Office of the President | McNeese President | President office,https://www.mcneese.edu/a-to-z/,official McNeese first; authoritative government/partner sources second; verified external discovery when the intent requires it,"Return typed fields, source URL, publication/update date when available, and verification timestamp. Label external options separately from official McNeese information.",low,2026-08-03
CAT-075,Office of the President,Administration and Governance,CAT-075-S02,services responsibilities and procedures,administrative_office,"Queries about Office of the President, including its public services, requirements, processes, contacts, dates, policies, troubleshooting, and relevant external sources.",Office of the President | McNeese President | President office,https://www.mcneese.edu/a-to-z/,official McNeese first; authoritative government/partner sources second; verified external discovery when the intent requires it,"Return typed fields, source URL, publication/update date when available, and verification timestamp. Label external options separately from official McNeese information.",low,2026-08-03
CAT-075,Office of the President,Administration and Governance,CAT-075-S03,forms templates and required documents,administrative_office,"Queries about Office of the President, including its public services, requirements, processes, contacts, dates, policies, troubleshooting, and relevant external sources.",Office of the President | McNeese President | President office,https://www.mcneese.edu/a-to-z/,official McNeese first; authoritative government/partner sources second; verified external discovery when the intent requires it,"Return typed fields, source URL, publication/update date when available, and verification timestamp. Label external options separately from official McNeese information.",low,2026-08-03
CAT-075,Office of the President,Administration and Governance,CAT-075-S04,policies standards and compliance,administrative_office,"Queries about Office of the President, including its public services, requirements, processes, contacts, dates, policies, troubleshooting, and relevant external sources.",Office of the President | McNeese President | President office,https://www.mcneese.edu/a-to-z/,official McNeese first; authoritative government/partner sources second; verified external discovery when the intent requires it,"Return typed fields, source URL, publication/update date when available, and verification timestamp. Label external options separately from official McNeese information.",low,2026-08-03
CAT-075,Office of the President,Administration and Governance,CAT-075-S05,contacts location and office hours,administrative_office,"Queries about Office of the President, including its public services, requirements, processes, contacts, dates, policies, troubleshooting, and relevant external sources.",Office of the President | McNeese President | President office,https://www.mcneese.edu/a-to-z/,official McNeese first; authoritative government/partner sources second; verified external discovery when the intent requires it,"Return typed fields, source URL, publication/update date when available, and verification timestamp. Label external options separately from official McNeese information.",low,2026-08-03
CAT-075,Office of the President,Administration and Governance,CAT-075-S06,deadlines calendars and processing times,administrative_office,"Queries about Office of the President, including its public services, requirements, processes, contacts, dates, policies, troubleshooting, and relevant external sources.",Office of the President | McNeese President | President office,https://www.mcneese.edu/a-to-z/,official McNeese first; authoritative government/partner sources second; verified external discovery when the intent requires it,"Return typed fields, source URL, publication/update date when available, and verification timestamp. Label external options separately from official McNeese information.",low,2026-08-03
CAT-075,Office of the President,Administration and Governance,CAT-075-S07,reports data and public records,administrative_office,"Queries about Office of the President, including its public services, requirements, processes, contacts, dates, policies, troubleshooting, and relevant external sources.",Office of the President | McNeese President | President office,https://www.mcneese.edu/a-to-z/,official McNeese first; authoritative government/partner sources second; verified external discovery when the intent requires it,"Return typed fields, source URL, publication/update date when available, and verification timestamp. Label external options separately from official McNeese information.",low,2026-08-03
CAT-075,Office of the President,Administration and Governance,CAT-075-S08,problems appeals complaints and escalation,administrative_office,"Queries about Office of the President, including its public services, requirements, processes, contacts, dates, policies, troubleshooting, and relevant external sources.",Office of the President | McNeese President | President office,https://www.mcneese.edu/a-to-z/,official McNeese first; authoritative government/partner sources second; verified external discovery when the intent requires it,"Return typed fields, source URL, publication/update date when available, and verification timestamp. Label external options separately from official McNeese information.",low,2026-08-03
CAT-076,PRIME,Community Programs,CAT-076-S01,programs services and participation,cultural_community,"Queries about PRIME, including its public services, requirements, processes, contacts, dates, policies, troubleshooting, and relevant external sources.",PRIME | McNeese PRIME | PRIME program,https://www.mcneese.edu/a-to-z/,official McNeese first; authoritative government/partner sources second; verified external discovery when the intent requires it,"Return typed fields, source URL, publication/update date when available, and verification timestamp. Label external options separately from official McNeese information.",low,2026-08-03
CAT-076,PRIME,Community Programs,CAT-076-S02,events calendar and announcements,cultural_community,"Queries about PRIME, including its public services, requirements, processes, contacts, dates, policies, troubleshooting, and relevant external sources.",PRIME | McNeese PRIME | PRIME program,https://www.mcneese.edu/a-to-z/,official McNeese first; authoritative government/partner sources second; verified external discovery when the intent requires it,"Return typed fields, source URL, publication/update date when available, and verification timestamp. Label external options separately from official McNeese information.",low,2026-08-03
CAT-076,PRIME,Community Programs,CAT-076-S03,registration membership and eligibility,cultural_community,"Queries about PRIME, including its public services, requirements, processes, contacts, dates, policies, troubleshooting, and relevant external sources.",PRIME | McNeese PRIME | PRIME program,https://www.mcneese.edu/a-to-z/,official McNeese first; authoritative government/partner sources second; verified external discovery when the intent requires it,"Return typed fields, source URL, publication/update date when available, and verification timestamp. Label external options separately from official McNeese information.",low,2026-08-03
CAT-076,PRIME,Community Programs,CAT-076-S04,tickets prices sponsorships and funding,cultural_community,"Queries about PRIME, including its public services, requirements, processes, contacts, dates, policies, troubleshooting, and relevant external sources.",PRIME | McNeese PRIME | PRIME program,https://www.mcneese.edu/a-to-z/,official McNeese first; authoritative government/partner sources second; verified external discovery when the intent requires it,"Return typed fields, source URL, publication/update date when available, and verification timestamp. Label external options separately from official McNeese information.",low,2026-08-03
CAT-076,PRIME,Community Programs,CAT-076-S05,venues directions parking and accessibility,cultural_community,"Queries about PRIME, including its public services, requirements, processes, contacts, dates, policies, troubleshooting, and relevant external sources.",PRIME | McNeese PRIME | PRIME program,https://www.mcneese.edu/a-to-z/,official McNeese first; authoritative government/partner sources second; verified external discovery when the intent requires it,"Return typed fields, source URL, publication/update date when available, and verification timestamp. Label external options separately from official McNeese information.",low,2026-08-03
CAT-076,PRIME,Community Programs,CAT-076-S06,contacts organizers and office hours,cultural_community,"Queries about PRIME, including its public services, requirements, processes, contacts, dates, policies, troubleshooting, and relevant external sources.",PRIME | McNeese PRIME | PRIME program,https://www.mcneese.edu/a-to-z/,official McNeese first; authoritative government/partner sources second; verified external discovery when the intent requires it,"Return typed fields, source URL, publication/update date when available, and verification timestamp. Label external options separately from official McNeese information.",low,2026-08-03
CAT-076,PRIME,Community Programs,CAT-076-S07,news media and public information,cultural_community,"Queries about PRIME, including its public services, requirements, processes, contacts, dates, policies, troubleshooting, and relevant external sources.",PRIME | McNeese PRIME | PRIME program,https://www.mcneese.edu/a-to-z/,official McNeese first; authoritative government/partner sources second; verified external discovery when the intent requires it,"Return typed fields, source URL, publication/update date when available, and verification timestamp. Label external options separately from official McNeese information.",low,2026-08-03
CAT-076,PRIME,Community Programs,CAT-076-S08,community partners and external opportunities,cultural_community,"Queries about PRIME, including its public services, requirements, processes, contacts, dates, policies, troubleshooting, and relevant external sources.",PRIME | McNeese PRIME | PRIME program,https://www.mcneese.edu/a-to-z/,official McNeese first; authoritative government/partner sources second; verified external discovery when the intent requires it,"Return typed fields, source URL, publication/update date when available, and verification timestamp. Label external options separately from official McNeese information.",low,2026-08-03
CAT-077,Department of Psychology and Counseling,Academic Departments,CAT-077-S01,degrees concentrations and certificates,academic_department,"Queries about Department of Psychology and Counseling, including its public services, requirements, processes, contacts, dates, policies, troubleshooting, and relevant external sources.",Department of Psychology and Counseling | McNeese Psychology and Counseling | Psychology department,https://www.mcneese.edu/a-to-z/,official McNeese first; authoritative government/partner sources second; verified external discovery when the intent requires it,"Return typed fields, source URL, publication/update date when available, and verification timestamp. Label external options separately from official McNeese information.",low,2026-08-03
CAT-077,Department of Psychology and Counseling,Academic Departments,CAT-077-S02,admission and progression requirements,academic_department,"Queries about Department of Psychology and Counseling, including its public services, requirements, processes, contacts, dates, policies, troubleshooting, and relevant external sources.",Department of Psychology and Counseling | McNeese Psychology and Counseling | Psychology department,https://www.mcneese.edu/a-to-z/,official McNeese first; authoritative government/partner sources second; verified external discovery when the intent requires it,"Return typed fields, source URL, publication/update date when available, and verification timestamp. Label external options separately from official McNeese information.",low,2026-08-03
CAT-077,Department of Psychology and Counseling,Academic Departments,CAT-077-S03,curriculum prerequisites and degree plans,academic_department,"Queries about Department of Psychology and Counseling, including its public services, requirements, processes, contacts, dates, policies, troubleshooting, and relevant external sources.",Department of Psychology and Counseling | McNeese Psychology and Counseling | Psychology department,https://www.mcneese.edu/a-to-z/,official McNeese first; authoritative government/partner sources second; verified external discovery when the intent requires it,"Return typed fields, source URL, publication/update date when available, and verification timestamp. Label external options separately from official McNeese information.",low,2026-08-03
CAT-077,Department of Psychology and Counseling,Academic Departments,CAT-077-S04,courses sections and scheduling,academic_department,"Queries about Department of Psychology and Counseling, including its public services, requirements, processes, contacts, dates, policies, troubleshooting, and relevant external sources.",Department of Psychology and Counseling | McNeese Psychology and Counseling | Psychology department,https://www.mcneese.edu/a-to-z/,official McNeese first; authoritative government/partner sources second; verified external discovery when the intent requires it,"Return typed fields, source URL, publication/update date when available, and verification timestamp. Label external options separately from official McNeese information.",low,2026-08-03
CAT-077,Department of Psychology and Counseling,Academic Departments,CAT-077-S05,faculty staff and department contacts,academic_department,"Queries about Department of Psychology and Counseling, including its public services, requirements, processes, contacts, dates, policies, troubleshooting, and relevant external sources.",Department of Psychology and Counseling | McNeese Psychology and Counseling | Psychology department,https://www.mcneese.edu/a-to-z/,official McNeese first; authoritative government/partner sources second; verified external discovery when the intent requires it,"Return typed fields, source URL, publication/update date when available, and verification timestamp. Label external options separately from official McNeese information.",low,2026-08-03
CAT-077,Department of Psychology and Counseling,Academic Departments,CAT-077-S06,research laboratories and projects,academic_department,"Queries about Department of Psychology and Counseling, including its public services, requirements, processes, contacts, dates, policies, troubleshooting, and relevant external sources.",Department of Psychology and Counseling | McNeese Psychology and Counseling | Psychology department,https://www.mcneese.edu/a-to-z/,official McNeese first; authoritative government/partner sources second; verified external discovery when the intent requires it,"Return typed fields, source URL, publication/update date when available, and verification timestamp. Label external options separately from official McNeese information.",low,2026-08-03
CAT-077,Department of Psychology and Counseling,Academic Departments,CAT-077-S07,student organizations events and opportunities,academic_department,"Queries about Department of Psychology and Counseling, including its public services, requirements, processes, contacts, dates, policies, troubleshooting, and relevant external sources.",Department of Psychology and Counseling | McNeese Psychology and Counseling | Psychology department,https://www.mcneese.edu/a-to-z/,official McNeese first; authoritative government/partner sources second; verified external discovery when the intent requires it,"Return typed fields, source URL, publication/update date when available, and verification timestamp. Label external options separately from official McNeese information.",low,2026-08-03
CAT-077,Department of Psychology and Counseling,Academic Departments,CAT-077-S08,careers licensure and professional outcomes,academic_department,"Queries about Department of Psychology and Counseling, including its public services, requirements, processes, contacts, dates, policies, troubleshooting, and relevant external sources.",Department of Psychology and Counseling | McNeese Psychology and Counseling | Psychology department,https://www.mcneese.edu/a-to-z/,official McNeese first; authoritative government/partner sources second; verified external discovery when the intent requires it,"Return typed fields, source URL, publication/update date when available, and verification timestamp. Label external options separately from official McNeese information.",low,2026-08-03
CAT-078,Purchasing,Business and Finance,CAT-078-S01,mission leadership and organization,administrative_office,"Queries about Purchasing, including its public services, requirements, processes, contacts, dates, policies, troubleshooting, and relevant external sources.",Purchasing | McNeese Purchasing | university procurement,https://www.mcneese.edu/a-to-z/,official McNeese first; authoritative government/partner sources second; verified external discovery when the intent requires it,"Return typed fields, source URL, publication/update date when available, and verification timestamp. Label external options separately from official McNeese information.",low,2026-08-03
CAT-078,Purchasing,Business and Finance,CAT-078-S02,services responsibilities and procedures,administrative_office,"Queries about Purchasing, including its public services, requirements, processes, contacts, dates, policies, troubleshooting, and relevant external sources.",Purchasing | McNeese Purchasing | university procurement,https://www.mcneese.edu/a-to-z/,official McNeese first; authoritative government/partner sources second; verified external discovery when the intent requires it,"Return typed fields, source URL, publication/update date when available, and verification timestamp. Label external options separately from official McNeese information.",low,2026-08-03
CAT-078,Purchasing,Business and Finance,CAT-078-S03,forms templates and required documents,administrative_office,"Queries about Purchasing, including its public services, requirements, processes, contacts, dates, policies, troubleshooting, and relevant external sources.",Purchasing | McNeese Purchasing | university procurement,https://www.mcneese.edu/a-to-z/,official McNeese first; authoritative government/partner sources second; verified external discovery when the intent requires it,"Return typed fields, source URL, publication/update date when available, and verification timestamp. Label external options separately from official McNeese information.",low,2026-08-03
CAT-078,Purchasing,Business and Finance,CAT-078-S04,policies standards and compliance,administrative_office,"Queries about Purchasing, including its public services, requirements, processes, contacts, dates, policies, troubleshooting, and relevant external sources.",Purchasing | McNeese Purchasing | university procurement,https://www.mcneese.edu/a-to-z/,official McNeese first; authoritative government/partner sources second; verified external discovery when the intent requires it,"Return typed fields, source URL, publication/update date when available, and verification timestamp. Label external options separately from official McNeese information.",low,2026-08-03
CAT-078,Purchasing,Business and Finance,CAT-078-S05,contacts location and office hours,administrative_office,"Queries about Purchasing, including its public services, requirements, processes, contacts, dates, policies, troubleshooting, and relevant external sources.",Purchasing | McNeese Purchasing | university procurement,https://www.mcneese.edu/a-to-z/,official McNeese first; authoritative government/partner sources second; verified external discovery when the intent requires it,"Return typed fields, source URL, publication/update date when available, and verification timestamp. Label external options separately from official McNeese information.",low,2026-08-03
CAT-078,Purchasing,Business and Finance,CAT-078-S06,deadlines calendars and processing times,administrative_office,"Queries about Purchasing, including its public services, requirements, processes, contacts, dates, policies, troubleshooting, and relevant external sources.",Purchasing | McNeese Purchasing | university procurement,https://www.mcneese.edu/a-to-z/,official McNeese first; authoritative government/partner sources second; verified external discovery when the intent requires it,"Return typed fields, source URL, publication/update date when available, and verification timestamp. Label external options separately from official McNeese information.",low,2026-08-03
CAT-078,Purchasing,Business and Finance,CAT-078-S07,reports data and public records,administrative_office,"Queries about Purchasing, including its public services, requirements, processes, contacts, dates, policies, troubleshooting, and relevant external sources.",Purchasing | McNeese Purchasing | university procurement,https://www.mcneese.edu/a-to-z/,official McNeese first; authoritative government/partner sources second; verified external discovery when the intent requires it,"Return typed fields, source URL, publication/update date when available, and verification timestamp. Label external options separately from official McNeese information.",low,2026-08-03
CAT-078,Purchasing,Business and Finance,CAT-078-S08,problems appeals complaints and escalation,administrative_office,"Queries about Purchasing, including its public services, requirements, processes, contacts, dates, policies, troubleshooting, and relevant external sources.",Purchasing | McNeese Purchasing | university procurement,https://www.mcneese.edu/a-to-z/,official McNeese first; authoritative government/partner sources second; verified external discovery when the intent requires it,"Return typed fields, source URL, publication/update date when available, and verification timestamp. Label external options separately from official McNeese information.",low,2026-08-03
CAT-079,Recreational Sports Complex and Wellness,Athletics and Recreation,CAT-079-S01,teams programs and participation,athletics,"Queries about Recreational Sports Complex and Wellness, including its public services, requirements, processes, contacts, dates, policies, troubleshooting, and relevant external sources.",Recreational Sports Complex and Wellness | McNeese Rec Complex | McNeese recreation,https://www.mcneese.edu/a-to-z/,official McNeese first; authoritative government/partner sources second; verified external discovery when the intent requires it,"Return typed fields, source URL, publication/update date when available, and verification timestamp. Label external options separately from official McNeese information.",low,2026-08-03
CAT-079,Recreational Sports Complex and Wellness,Athletics and Recreation,CAT-079-S02,schedules calendars and results,athletics,"Queries about Recreational Sports Complex and Wellness, including its public services, requirements, processes, contacts, dates, policies, troubleshooting, and relevant external sources.",Recreational Sports Complex and Wellness | McNeese Rec Complex | McNeese recreation,https://www.mcneese.edu/a-to-z/,official McNeese first; authoritative government/partner sources second; verified external discovery when the intent requires it,"Return typed fields, source URL, publication/update date when available, and verification timestamp. Label external options separately from official McNeese information.",low,2026-08-03
CAT-079,Recreational Sports Complex and Wellness,Athletics and Recreation,CAT-079-S03,rosters coaches and staff contacts,athletics,"Queries about Recreational Sports Complex and Wellness, including its public services, requirements, processes, contacts, dates, policies, troubleshooting, and relevant external sources.",Recreational Sports Complex and Wellness | McNeese Rec Complex | McNeese recreation,https://www.mcneese.edu/a-to-z/,official McNeese first; authoritative government/partner sources second; verified external discovery when the intent requires it,"Return typed fields, source URL, publication/update date when available, and verification timestamp. Label external options separately from official McNeese information.",low,2026-08-03
CAT-079,Recreational Sports Complex and Wellness,Athletics and Recreation,CAT-079-S04,tickets prices seating and attendance,athletics,"Queries about Recreational Sports Complex and Wellness, including its public services, requirements, processes, contacts, dates, policies, troubleshooting, and relevant external sources.",Recreational Sports Complex and Wellness | McNeese Rec Complex | McNeese recreation,https://www.mcneese.edu/a-to-z/,official McNeese first; authoritative government/partner sources second; verified external discovery when the intent requires it,"Return typed fields, source URL, publication/update date when available, and verification timestamp. Label external options separately from official McNeese information.",low,2026-08-03
CAT-079,Recreational Sports Complex and Wellness,Athletics and Recreation,CAT-079-S05,venues directions parking and accessibility,athletics,"Queries about Recreational Sports Complex and Wellness, including its public services, requirements, processes, contacts, dates, policies, troubleshooting, and relevant external sources.",Recreational Sports Complex and Wellness | McNeese Rec Complex | McNeese recreation,https://www.mcneese.edu/a-to-z/,official McNeese first; authoritative government/partner sources second; verified external discovery when the intent requires it,"Return typed fields, source URL, publication/update date when available, and verification timestamp. Label external options separately from official McNeese information.",low,2026-08-03
CAT-079,Recreational Sports Complex and Wellness,Athletics and Recreation,CAT-079-S06,news media statistics and broadcasts,athletics,"Queries about Recreational Sports Complex and Wellness, including its public services, requirements, processes, contacts, dates, policies, troubleshooting, and relevant external sources.",Recreational Sports Complex and Wellness | McNeese Rec Complex | McNeese recreation,https://www.mcneese.edu/a-to-z/,official McNeese first; authoritative government/partner sources second; verified external discovery when the intent requires it,"Return typed fields, source URL, publication/update date when available, and verification timestamp. Label external options separately from official McNeese information.",low,2026-08-03
CAT-079,Recreational Sports Complex and Wellness,Athletics and Recreation,CAT-079-S07,student athlete eligibility compliance and support,athletics,"Queries about Recreational Sports Complex and Wellness, including its public services, requirements, processes, contacts, dates, policies, troubleshooting, and relevant external sources.",Recreational Sports Complex and Wellness | McNeese Rec Complex | McNeese recreation,https://www.mcneese.edu/a-to-z/,official McNeese first; authoritative government/partner sources second; verified external discovery when the intent requires it,"Return typed fields, source URL, publication/update date when available, and verification timestamp. Label external options separately from official McNeese information.",low,2026-08-03
CAT-079,Recreational Sports Complex and Wellness,Athletics and Recreation,CAT-079-S08,camps community events and external governing sources,athletics,"Queries about Recreational Sports Complex and Wellness, including its public services, requirements, processes, contacts, dates, policies, troubleshooting, and relevant external sources.",Recreational Sports Complex and Wellness | McNeese Rec Complex | McNeese recreation,https://www.mcneese.edu/a-to-z/,official McNeese first; authoritative government/partner sources second; verified external discovery when the intent requires it,"Return typed fields, source URL, publication/update date when available, and verification timestamp. Label external options separately from official McNeese information.",low,2026-08-03
CAT-080,Recruiting Office and Campus Visits,Admissions and Enrollment,CAT-080-S01,eligibility and applicant types,admissions_finance,"Queries about Recruiting Office and Campus Visits, including its public services, requirements, processes, contacts, dates, policies, troubleshooting, and relevant external sources.",Recruiting Office and Campus Visits | McNeese Recruiting | visit McNeese,https://www.mcneese.edu/admissions/,official McNeese first; authoritative government/partner sources second; verified external discovery when the intent requires it,"Return typed fields, source URL, publication/update date when available, and verification timestamp. Label external options separately from official McNeese information.",medium,2026-08-03
CAT-080,Recruiting Office and Campus Visits,Admissions and Enrollment,CAT-080-S02,requirements documents and test scores,admissions_finance,"Queries about Recruiting Office and Campus Visits, including its public services, requirements, processes, contacts, dates, policies, troubleshooting, and relevant external sources.",Recruiting Office and Campus Visits | McNeese Recruiting | visit McNeese,https://www.mcneese.edu/admissions/,official McNeese first; authoritative government/partner sources second; verified external discovery when the intent requires it,"Return typed fields, source URL, publication/update date when available, and verification timestamp. Label external options separately from official McNeese information.",medium,2026-08-03
CAT-080,Recruiting Office and Campus Visits,Admissions and Enrollment,CAT-080-S03,application steps forms and status,admissions_finance,"Queries about Recruiting Office and Campus Visits, including its public services, requirements, processes, contacts, dates, policies, troubleshooting, and relevant external sources.",Recruiting Office and Campus Visits | McNeese Recruiting | visit McNeese,https://www.mcneese.edu/admissions/,official McNeese first; authoritative government/partner sources second; verified external discovery when the intent requires it,"Return typed fields, source URL, publication/update date when available, and verification timestamp. Label external options separately from official McNeese information.",medium,2026-08-03
CAT-080,Recruiting Office and Campus Visits,Admissions and Enrollment,CAT-080-S04,deadlines dates and processing times,admissions_finance,"Queries about Recruiting Office and Campus Visits, including its public services, requirements, processes, contacts, dates, policies, troubleshooting, and relevant external sources.",Recruiting Office and Campus Visits | McNeese Recruiting | visit McNeese,https://www.mcneese.edu/admissions/,official McNeese first; authoritative government/partner sources second; verified external discovery when the intent requires it,"Return typed fields, source URL, publication/update date when available, and verification timestamp. Label external options separately from official McNeese information.",medium,2026-08-03
CAT-080,Recruiting Office and Campus Visits,Admissions and Enrollment,CAT-080-S05,tuition fees costs and refunds,admissions_finance,"Queries about Recruiting Office and Campus Visits, including its public services, requirements, processes, contacts, dates, policies, troubleshooting, and relevant external sources.",Recruiting Office and Campus Visits | McNeese Recruiting | visit McNeese,https://www.mcneese.edu/admissions/,official McNeese first; authoritative government/partner sources second; verified external discovery when the intent requires it,"Return typed fields, source URL, publication/update date when available, and verification timestamp. Label external options separately from official McNeese information.",medium,2026-08-03
CAT-080,Recruiting Office and Campus Visits,Admissions and Enrollment,CAT-080-S06,aid scholarships waivers and payment options,admissions_finance,"Queries about Recruiting Office and Campus Visits, including its public services, requirements, processes, contacts, dates, policies, troubleshooting, and relevant external sources.",Recruiting Office and Campus Visits | McNeese Recruiting | visit McNeese,https://www.mcneese.edu/admissions/,official McNeese first; authoritative government/partner sources second; verified external discovery when the intent requires it,"Return typed fields, source URL, publication/update date when available, and verification timestamp. Label external options separately from official McNeese information.",medium,2026-08-03
CAT-080,Recruiting Office and Campus Visits,Admissions and Enrollment,CAT-080-S07,holds appeals exceptions and special circumstances,admissions_finance,"Queries about Recruiting Office and Campus Visits, including its public services, requirements, processes, contacts, dates, policies, troubleshooting, and relevant external sources.",Recruiting Office and Campus Visits | McNeese Recruiting | visit McNeese,https://www.mcneese.edu/admissions/,official McNeese first; authoritative government/partner sources second; verified external discovery when the intent requires it,"Return typed fields, source URL, publication/update date when available, and verification timestamp. Label external options separately from official McNeese information.",medium,2026-08-03
CAT-080,Recruiting Office and Campus Visits,Admissions and Enrollment,CAT-080-S08,contacts official sources and external authorities,admissions_finance,"Queries about Recruiting Office and Campus Visits, including its public services, requirements, processes, contacts, dates, policies, troubleshooting, and relevant external sources.",Recruiting Office and Campus Visits | McNeese Recruiting | visit McNeese,https://www.mcneese.edu/admissions/,official McNeese first; authoritative government/partner sources second; verified external discovery when the intent requires it,"Return typed fields, source URL, publication/update date when available, and verification timestamp. Label external options separately from official McNeese information.",medium,2026-08-03
CAT-081,Registrar,Academic Records and Graduation,CAT-081-S01,access login and authentication,academic_system,"Queries about Registrar, including its public services, requirements, processes, contacts, dates, policies, troubleshooting, and relevant external sources.",Registrar | McNeese Registrar | academic records McNeese,https://www.mcneese.edu/a-to-z/,official McNeese first; authoritative government/partner sources second; verified external discovery when the intent requires it,"Return typed fields, source URL, publication/update date when available, and verification timestamp. Label external options separately from official McNeese information.",medium,2026-08-03
CAT-081,Registrar,Academic Records and Graduation,CAT-081-S02,search browse and navigation,academic_system,"Queries about Registrar, including its public services, requirements, processes, contacts, dates, policies, troubleshooting, and relevant external sources.",Registrar | McNeese Registrar | academic records McNeese,https://www.mcneese.edu/a-to-z/,official McNeese first; authoritative government/partner sources second; verified external discovery when the intent requires it,"Return typed fields, source URL, publication/update date when available, and verification timestamp. Label external options separately from official McNeese information.",medium,2026-08-03
CAT-081,Registrar,Academic Records and Graduation,CAT-081-S03,dates deadlines and term availability,academic_system,"Queries about Registrar, including its public services, requirements, processes, contacts, dates, policies, troubleshooting, and relevant external sources.",Registrar | McNeese Registrar | academic records McNeese,https://www.mcneese.edu/a-to-z/,official McNeese first; authoritative government/partner sources second; verified external discovery when the intent requires it,"Return typed fields, source URL, publication/update date when available, and verification timestamp. Label external options separately from official McNeese information.",medium,2026-08-03
CAT-081,Registrar,Academic Records and Graduation,CAT-081-S04,requirements restrictions and holds,academic_system,"Queries about Registrar, including its public services, requirements, processes, contacts, dates, policies, troubleshooting, and relevant external sources.",Registrar | McNeese Registrar | academic records McNeese,https://www.mcneese.edu/a-to-z/,official McNeese first; authoritative government/partner sources second; verified external discovery when the intent requires it,"Return typed fields, source URL, publication/update date when available, and verification timestamp. Label external options separately from official McNeese information.",medium,2026-08-03
CAT-081,Registrar,Academic Records and Graduation,CAT-081-S05,records forms exports and confirmations,academic_system,"Queries about Registrar, including its public services, requirements, processes, contacts, dates, policies, troubleshooting, and relevant external sources.",Registrar | McNeese Registrar | academic records McNeese,https://www.mcneese.edu/a-to-z/,official McNeese first; authoritative government/partner sources second; verified external discovery when the intent requires it,"Return typed fields, source URL, publication/update date when available, and verification timestamp. Label external options separately from official McNeese information.",medium,2026-08-03
CAT-081,Registrar,Academic Records and Graduation,CAT-081-S06,errors troubleshooting and support,academic_system,"Queries about Registrar, including its public services, requirements, processes, contacts, dates, policies, troubleshooting, and relevant external sources.",Registrar | McNeese Registrar | academic records McNeese,https://www.mcneese.edu/a-to-z/,official McNeese first; authoritative government/partner sources second; verified external discovery when the intent requires it,"Return typed fields, source URL, publication/update date when available, and verification timestamp. Label external options separately from official McNeese information.",medium,2026-08-03
CAT-081,Registrar,Academic Records and Graduation,CAT-081-S07,data fields status meanings and interpretation,academic_system,"Queries about Registrar, including its public services, requirements, processes, contacts, dates, policies, troubleshooting, and relevant external sources.",Registrar | McNeese Registrar | academic records McNeese,https://www.mcneese.edu/a-to-z/,official McNeese first; authoritative government/partner sources second; verified external discovery when the intent requires it,"Return typed fields, source URL, publication/update date when available, and verification timestamp. Label external options separately from official McNeese information.",medium,2026-08-03
CAT-081,Registrar,Academic Records and Graduation,CAT-081-S08,privacy security and authorized access,academic_system,"Queries about Registrar, including its public services, requirements, processes, contacts, dates, policies, troubleshooting, and relevant external sources.",Registrar | McNeese Registrar | academic records McNeese,https://www.mcneese.edu/a-to-z/,official McNeese first; authoritative government/partner sources second; verified external discovery when the intent requires it,"Return typed fields, source URL, publication/update date when available, and verification timestamp. Label external options separately from official McNeese information.",medium,2026-08-03
CAT-082,Research and Sponsored Programs,Research and Industry,CAT-082-S01,mission leadership and organization,administrative_office,"Queries about Research and Sponsored Programs, including its public services, requirements, processes, contacts, dates, policies, troubleshooting, and relevant external sources.",Research and Sponsored Programs | McNeese grants office | ORSP McNeese,https://www.mcneese.edu/about-us/leadership-team/academic-affairs/division-of-academic-affairs/grants/,official McNeese first; authoritative government/partner sources second; verified external discovery when the intent requires it,"Return typed fields, source URL, publication/update date when available, and verification timestamp. Label external options separately from official McNeese information.",low,2026-08-03
CAT-082,Research and Sponsored Programs,Research and Industry,CAT-082-S02,services responsibilities and procedures,administrative_office,"Queries about Research and Sponsored Programs, including its public services, requirements, processes, contacts, dates, policies, troubleshooting, and relevant external sources.",Research and Sponsored Programs | McNeese grants office | ORSP McNeese,https://www.mcneese.edu/about-us/leadership-team/academic-affairs/division-of-academic-affairs/grants/,official McNeese first; authoritative government/partner sources second; verified external discovery when the intent requires it,"Return typed fields, source URL, publication/update date when available, and verification timestamp. Label external options separately from official McNeese information.",low,2026-08-03
CAT-082,Research and Sponsored Programs,Research and Industry,CAT-082-S03,forms templates and required documents,administrative_office,"Queries about Research and Sponsored Programs, including its public services, requirements, processes, contacts, dates, policies, troubleshooting, and relevant external sources.",Research and Sponsored Programs | McNeese grants office | ORSP McNeese,https://www.mcneese.edu/about-us/leadership-team/academic-affairs/division-of-academic-affairs/grants/,official McNeese first; authoritative government/partner sources second; verified external discovery when the intent requires it,"Return typed fields, source URL, publication/update date when available, and verification timestamp. Label external options separately from official McNeese information.",low,2026-08-03
CAT-082,Research and Sponsored Programs,Research and Industry,CAT-082-S04,policies standards and compliance,administrative_office,"Queries about Research and Sponsored Programs, including its public services, requirements, processes, contacts, dates, policies, troubleshooting, and relevant external sources.",Research and Sponsored Programs | McNeese grants office | ORSP McNeese,https://www.mcneese.edu/about-us/leadership-team/academic-affairs/division-of-academic-affairs/grants/,official McNeese first; authoritative government/partner sources second; verified external discovery when the intent requires it,"Return typed fields, source URL, publication/update date when available, and verification timestamp. Label external options separately from official McNeese information.",low,2026-08-03
CAT-082,Research and Sponsored Programs,Research and Industry,CAT-082-S05,contacts location and office hours,administrative_office,"Queries about Research and Sponsored Programs, including its public services, requirements, processes, contacts, dates, policies, troubleshooting, and relevant external sources.",Research and Sponsored Programs | McNeese grants office | ORSP McNeese,https://www.mcneese.edu/about-us/leadership-team/academic-affairs/division-of-academic-affairs/grants/,official McNeese first; authoritative government/partner sources second; verified external discovery when the intent requires it,"Return typed fields, source URL, publication/update date when available, and verification timestamp. Label external options separately from official McNeese information.",low,2026-08-03
CAT-082,Research and Sponsored Programs,Research and Industry,CAT-082-S06,deadlines calendars and processing times,administrative_office,"Queries about Research and Sponsored Programs, including its public services, requirements, processes, contacts, dates, policies, troubleshooting, and relevant external sources.",Research and Sponsored Programs | McNeese grants office | ORSP McNeese,https://www.mcneese.edu/about-us/leadership-team/academic-affairs/division-of-academic-affairs/grants/,official McNeese first; authoritative government/partner sources second; verified external discovery when the intent requires it,"Return typed fields, source URL, publication/update date when available, and verification timestamp. Label external options separately from official McNeese information.",low,2026-08-03
CAT-082,Research and Sponsored Programs,Research and Industry,CAT-082-S07,reports data and public records,administrative_office,"Queries about Research and Sponsored Programs, including its public services, requirements, processes, contacts, dates, policies, troubleshooting, and relevant external sources.",Research and Sponsored Programs | McNeese grants office | ORSP McNeese,https://www.mcneese.edu/about-us/leadership-team/academic-affairs/division-of-academic-affairs/grants/,official McNeese first; authoritative government/partner sources second; verified external discovery when the intent requires it,"Return typed fields, source URL, publication/update date when available, and verification timestamp. Label external options separately from official McNeese information.",low,2026-08-03
CAT-082,Research and Sponsored Programs,Research and Industry,CAT-082-S08,problems appeals complaints and escalation,administrative_office,"Queries about Research and Sponsored Programs, including its public services, requirements, processes, contacts, dates, policies, troubleshooting, and relevant external sources.",Research and Sponsored Programs | McNeese grants office | ORSP McNeese,https://www.mcneese.edu/about-us/leadership-team/academic-affairs/division-of-academic-affairs/grants/,official McNeese first; authoritative government/partner sources second; verified external discovery when the intent requires it,"Return typed fields, source URL, publication/update date when available, and verification timestamp. Label external options separately from official McNeese information.",low,2026-08-03
CAT-083,Rodeo Team,Athletics and Recreation,CAT-083-S01,teams programs and participation,athletics,"Queries about Rodeo Team, including its public services, requirements, processes, contacts, dates, policies, troubleshooting, and relevant external sources.",Rodeo Team | McNeese Rodeo Team | college rodeo team,https://www.mcneese.edu/a-to-z/,official McNeese first; authoritative government/partner sources second; verified external discovery when the intent requires it,"Return typed fields, source URL, publication/update date when available, and verification timestamp. Label external options separately from official McNeese information.",low,2026-08-03
CAT-083,Rodeo Team,Athletics and Recreation,CAT-083-S02,schedules calendars and results,athletics,"Queries about Rodeo Team, including its public services, requirements, processes, contacts, dates, policies, troubleshooting, and relevant external sources.",Rodeo Team | McNeese Rodeo Team | college rodeo team,https://www.mcneese.edu/a-to-z/,official McNeese first; authoritative government/partner sources second; verified external discovery when the intent requires it,"Return typed fields, source URL, publication/update date when available, and verification timestamp. Label external options separately from official McNeese information.",low,2026-08-03
CAT-083,Rodeo Team,Athletics and Recreation,CAT-083-S03,rosters coaches and staff contacts,athletics,"Queries about Rodeo Team, including its public services, requirements, processes, contacts, dates, policies, troubleshooting, and relevant external sources.",Rodeo Team | McNeese Rodeo Team | college rodeo team,https://www.mcneese.edu/a-to-z/,official McNeese first; authoritative government/partner sources second; verified external discovery when the intent requires it,"Return typed fields, source URL, publication/update date when available, and verification timestamp. Label external options separately from official McNeese information.",low,2026-08-03
CAT-083,Rodeo Team,Athletics and Recreation,CAT-083-S04,tickets prices seating and attendance,athletics,"Queries about Rodeo Team, including its public services, requirements, processes, contacts, dates, policies, troubleshooting, and relevant external sources.",Rodeo Team | McNeese Rodeo Team | college rodeo team,https://www.mcneese.edu/a-to-z/,official McNeese first; authoritative government/partner sources second; verified external discovery when the intent requires it,"Return typed fields, source URL, publication/update date when available, and verification timestamp. Label external options separately from official McNeese information.",low,2026-08-03
CAT-083,Rodeo Team,Athletics and Recreation,CAT-083-S05,venues directions parking and accessibility,athletics,"Queries about Rodeo Team, including its public services, requirements, processes, contacts, dates, policies, troubleshooting, and relevant external sources.",Rodeo Team | McNeese Rodeo Team | college rodeo team,https://www.mcneese.edu/a-to-z/,official McNeese first; authoritative government/partner sources second; verified external discovery when the intent requires it,"Return typed fields, source URL, publication/update date when available, and verification timestamp. Label external options separately from official McNeese information.",low,2026-08-03
CAT-083,Rodeo Team,Athletics and Recreation,CAT-083-S06,news media statistics and broadcasts,athletics,"Queries about Rodeo Team, including its public services, requirements, processes, contacts, dates, policies, troubleshooting, and relevant external sources.",Rodeo Team | McNeese Rodeo Team | college rodeo team,https://www.mcneese.edu/a-to-z/,official McNeese first; authoritative government/partner sources second; verified external discovery when the intent requires it,"Return typed fields, source URL, publication/update date when available, and verification timestamp. Label external options separately from official McNeese information.",low,2026-08-03
CAT-083,Rodeo Team,Athletics and Recreation,CAT-083-S07,student athlete eligibility compliance and support,athletics,"Queries about Rodeo Team, including its public services, requirements, processes, contacts, dates, policies, troubleshooting, and relevant external sources.",Rodeo Team | McNeese Rodeo Team | college rodeo team,https://www.mcneese.edu/a-to-z/,official McNeese first; authoritative government/partner sources second; verified external discovery when the intent requires it,"Return typed fields, source URL, publication/update date when available, and verification timestamp. Label external options separately from official McNeese information.",low,2026-08-03
CAT-083,Rodeo Team,Athletics and Recreation,CAT-083-S08,camps community events and external governing sources,athletics,"Queries about Rodeo Team, including its public services, requirements, processes, contacts, dates, policies, troubleshooting, and relevant external sources.",Rodeo Team | McNeese Rodeo Team | college rodeo team,https://www.mcneese.edu/a-to-z/,official McNeese first; authoritative government/partner sources second; verified external discovery when the intent requires it,"Return typed fields, source URL, publication/update date when available, and verification timestamp. Label external options separately from official McNeese information.",low,2026-08-03
CAT-084,Academic Schedule and Important Dates,Academics and Curriculum,CAT-084-S01,access login and authentication,academic_system,"Queries about Academic Schedule and Important Dates, including its public services, requirements, processes, contacts, dates, policies, troubleshooting, and relevant external sources.",Academic Schedule and Important Dates | McNeese academic calendar | McNeese schedule,https://www.mcneese.edu/a-to-z/,official McNeese first; authoritative government/partner sources second; verified external discovery when the intent requires it,"Return typed fields, source URL, publication/update date when available, and verification timestamp. Label external options separately from official McNeese information.",medium,2026-08-03
CAT-084,Academic Schedule and Important Dates,Academics and Curriculum,CAT-084-S02,search browse and navigation,academic_system,"Queries about Academic Schedule and Important Dates, including its public services, requirements, processes, contacts, dates, policies, troubleshooting, and relevant external sources.",Academic Schedule and Important Dates | McNeese academic calendar | McNeese schedule,https://www.mcneese.edu/a-to-z/,official McNeese first; authoritative government/partner sources second; verified external discovery when the intent requires it,"Return typed fields, source URL, publication/update date when available, and verification timestamp. Label external options separately from official McNeese information.",medium,2026-08-03
CAT-084,Academic Schedule and Important Dates,Academics and Curriculum,CAT-084-S03,dates deadlines and term availability,academic_system,"Queries about Academic Schedule and Important Dates, including its public services, requirements, processes, contacts, dates, policies, troubleshooting, and relevant external sources.",Academic Schedule and Important Dates | McNeese academic calendar | McNeese schedule,https://www.mcneese.edu/a-to-z/,official McNeese first; authoritative government/partner sources second; verified external discovery when the intent requires it,"Return typed fields, source URL, publication/update date when available, and verification timestamp. Label external options separately from official McNeese information.",medium,2026-08-03
CAT-084,Academic Schedule and Important Dates,Academics and Curriculum,CAT-084-S04,requirements restrictions and holds,academic_system,"Queries about Academic Schedule and Important Dates, including its public services, requirements, processes, contacts, dates, policies, troubleshooting, and relevant external sources.",Academic Schedule and Important Dates | McNeese academic calendar | McNeese schedule,https://www.mcneese.edu/a-to-z/,official McNeese first; authoritative government/partner sources second; verified external discovery when the intent requires it,"Return typed fields, source URL, publication/update date when available, and verification timestamp. Label external options separately from official McNeese information.",medium,2026-08-03
CAT-084,Academic Schedule and Important Dates,Academics and Curriculum,CAT-084-S05,records forms exports and confirmations,academic_system,"Queries about Academic Schedule and Important Dates, including its public services, requirements, processes, contacts, dates, policies, troubleshooting, and relevant external sources.",Academic Schedule and Important Dates | McNeese academic calendar | McNeese schedule,https://www.mcneese.edu/a-to-z/,official McNeese first; authoritative government/partner sources second; verified external discovery when the intent requires it,"Return typed fields, source URL, publication/update date when available, and verification timestamp. Label external options separately from official McNeese information.",medium,2026-08-03
CAT-084,Academic Schedule and Important Dates,Academics and Curriculum,CAT-084-S06,errors troubleshooting and support,academic_system,"Queries about Academic Schedule and Important Dates, including its public services, requirements, processes, contacts, dates, policies, troubleshooting, and relevant external sources.",Academic Schedule and Important Dates | McNeese academic calendar | McNeese schedule,https://www.mcneese.edu/a-to-z/,official McNeese first; authoritative government/partner sources second; verified external discovery when the intent requires it,"Return typed fields, source URL, publication/update date when available, and verification timestamp. Label external options separately from official McNeese information.",medium,2026-08-03
CAT-084,Academic Schedule and Important Dates,Academics and Curriculum,CAT-084-S07,data fields status meanings and interpretation,academic_system,"Queries about Academic Schedule and Important Dates, including its public services, requirements, processes, contacts, dates, policies, troubleshooting, and relevant external sources.",Academic Schedule and Important Dates | McNeese academic calendar | McNeese schedule,https://www.mcneese.edu/a-to-z/,official McNeese first; authoritative government/partner sources second; verified external discovery when the intent requires it,"Return typed fields, source URL, publication/update date when available, and verification timestamp. Label external options separately from official McNeese information.",medium,2026-08-03
CAT-084,Academic Schedule and Important Dates,Academics and Curriculum,CAT-084-S08,privacy security and authorized access,academic_system,"Queries about Academic Schedule and Important Dates, including its public services, requirements, processes, contacts, dates, policies, troubleshooting, and relevant external sources.",Academic Schedule and Important Dates | McNeese academic calendar | McNeese schedule,https://www.mcneese.edu/a-to-z/,official McNeese first; authoritative government/partner sources second; verified external discovery when the intent requires it,"Return typed fields, source URL, publication/update date when available, and verification timestamp. Label external options separately from official McNeese information.",medium,2026-08-03
CAT-085,Scholarships,Financial Aid and Scholarships,CAT-085-S01,eligibility and applicant types,admissions_finance,"Queries about Scholarships, including its public services, requirements, processes, contacts, dates, policies, troubleshooting, and relevant external sources.",Scholarships | McNeese scholarships | scholarship opportunities McNeese,https://www.mcneese.edu/about-us/leadership-team/administrative-and-student-affairs/division-of-administrative-and-student-affairs/student-central/financial-aid/,official McNeese first; authoritative government/partner sources second; verified external discovery when the intent requires it,"Return typed fields, source URL, publication/update date when available, and verification timestamp. Label external options separately from official McNeese information.",medium,2026-08-03
CAT-085,Scholarships,Financial Aid and Scholarships,CAT-085-S02,requirements documents and test scores,admissions_finance,"Queries about Scholarships, including its public services, requirements, processes, contacts, dates, policies, troubleshooting, and relevant external sources.",Scholarships | McNeese scholarships | scholarship opportunities McNeese,https://www.mcneese.edu/about-us/leadership-team/administrative-and-student-affairs/division-of-administrative-and-student-affairs/student-central/financial-aid/,official McNeese first; authoritative government/partner sources second; verified external discovery when the intent requires it,"Return typed fields, source URL, publication/update date when available, and verification timestamp. Label external options separately from official McNeese information.",medium,2026-08-03
CAT-085,Scholarships,Financial Aid and Scholarships,CAT-085-S03,application steps forms and status,admissions_finance,"Queries about Scholarships, including its public services, requirements, processes, contacts, dates, policies, troubleshooting, and relevant external sources.",Scholarships | McNeese scholarships | scholarship opportunities McNeese,https://www.mcneese.edu/about-us/leadership-team/administrative-and-student-affairs/division-of-administrative-and-student-affairs/student-central/financial-aid/,official McNeese first; authoritative government/partner sources second; verified external discovery when the intent requires it,"Return typed fields, source URL, publication/update date when available, and verification timestamp. Label external options separately from official McNeese information.",medium,2026-08-03
CAT-085,Scholarships,Financial Aid and Scholarships,CAT-085-S04,deadlines dates and processing times,admissions_finance,"Queries about Scholarships, including its public services, requirements, processes, contacts, dates, policies, troubleshooting, and relevant external sources.",Scholarships | McNeese scholarships | scholarship opportunities McNeese,https://www.mcneese.edu/about-us/leadership-team/administrative-and-student-affairs/division-of-administrative-and-student-affairs/student-central/financial-aid/,official McNeese first; authoritative government/partner sources second; verified external discovery when the intent requires it,"Return typed fields, source URL, publication/update date when available, and verification timestamp. Label external options separately from official McNeese information.",medium,2026-08-03
CAT-085,Scholarships,Financial Aid and Scholarships,CAT-085-S05,tuition fees costs and refunds,admissions_finance,"Queries about Scholarships, including its public services, requirements, processes, contacts, dates, policies, troubleshooting, and relevant external sources.",Scholarships | McNeese scholarships | scholarship opportunities McNeese,https://www.mcneese.edu/about-us/leadership-team/administrative-and-student-affairs/division-of-administrative-and-student-affairs/student-central/financial-aid/,official McNeese first; authoritative government/partner sources second; verified external discovery when the intent requires it,"Return typed fields, source URL, publication/update date when available, and verification timestamp. Label external options separately from official McNeese information.",medium,2026-08-03
CAT-085,Scholarships,Financial Aid and Scholarships,CAT-085-S06,aid scholarships waivers and payment options,admissions_finance,"Queries about Scholarships, including its public services, requirements, processes, contacts, dates, policies, troubleshooting, and relevant external sources.",Scholarships | McNeese scholarships | scholarship opportunities McNeese,https://www.mcneese.edu/about-us/leadership-team/administrative-and-student-affairs/division-of-administrative-and-student-affairs/student-central/financial-aid/,official McNeese first; authoritative government/partner sources second; verified external discovery when the intent requires it,"Return typed fields, source URL, publication/update date when available, and verification timestamp. Label external options separately from official McNeese information.",medium,2026-08-03
CAT-085,Scholarships,Financial Aid and Scholarships,CAT-085-S07,holds appeals exceptions and special circumstances,admissions_finance,"Queries about Scholarships, including its public services, requirements, processes, contacts, dates, policies, troubleshooting, and relevant external sources.",Scholarships | McNeese scholarships | scholarship opportunities McNeese,https://www.mcneese.edu/about-us/leadership-team/administrative-and-student-affairs/division-of-administrative-and-student-affairs/student-central/financial-aid/,official McNeese first; authoritative government/partner sources second; verified external discovery when the intent requires it,"Return typed fields, source URL, publication/update date when available, and verification timestamp. Label external options separately from official McNeese information.",medium,2026-08-03
CAT-085,Scholarships,Financial Aid and Scholarships,CAT-085-S08,contacts official sources and external authorities,admissions_finance,"Queries about Scholarships, including its public services, requirements, processes, contacts, dates, policies, troubleshooting, and relevant external sources.",Scholarships | McNeese scholarships | scholarship opportunities McNeese,https://www.mcneese.edu/about-us/leadership-team/administrative-and-student-affairs/division-of-administrative-and-student-affairs/student-central/financial-aid/,official McNeese first; authoritative government/partner sources second; verified external discovery when the intent requires it,"Return typed fields, source URL, publication/update date when available, and verification timestamp. Label external options separately from official McNeese information.",medium,2026-08-03
CAT-086,Henning SEED Center,Research and Industry,CAT-086-S01,programs services and participation,cultural_community,"Queries about Henning SEED Center, including its public services, requirements, processes, contacts, dates, policies, troubleshooting, and relevant external sources.",Henning SEED Center | McNeese SEED Center | Henning SEED,https://www.mcneese.edu/a-to-z/,official McNeese first; authoritative government/partner sources second; verified external discovery when the intent requires it,"Return typed fields, source URL, publication/update date when available, and verification timestamp. Label external options separately from official McNeese information.",low,2026-08-03
CAT-086,Henning SEED Center,Research and Industry,CAT-086-S02,events calendar and announcements,cultural_community,"Queries about Henning SEED Center, including its public services, requirements, processes, contacts, dates, policies, troubleshooting, and relevant external sources.",Henning SEED Center | McNeese SEED Center | Henning SEED,https://www.mcneese.edu/a-to-z/,official McNeese first; authoritative government/partner sources second; verified external discovery when the intent requires it,"Return typed fields, source URL, publication/update date when available, and verification timestamp. Label external options separately from official McNeese information.",low,2026-08-03
CAT-086,Henning SEED Center,Research and Industry,CAT-086-S03,registration membership and eligibility,cultural_community,"Queries about Henning SEED Center, including its public services, requirements, processes, contacts, dates, policies, troubleshooting, and relevant external sources.",Henning SEED Center | McNeese SEED Center | Henning SEED,https://www.mcneese.edu/a-to-z/,official McNeese first; authoritative government/partner sources second; verified external discovery when the intent requires it,"Return typed fields, source URL, publication/update date when available, and verification timestamp. Label external options separately from official McNeese information.",low,2026-08-03
CAT-086,Henning SEED Center,Research and Industry,CAT-086-S04,tickets prices sponsorships and funding,cultural_community,"Queries about Henning SEED Center, including its public services, requirements, processes, contacts, dates, policies, troubleshooting, and relevant external sources.",Henning SEED Center | McNeese SEED Center | Henning SEED,https://www.mcneese.edu/a-to-z/,official McNeese first; authoritative government/partner sources second; verified external discovery when the intent requires it,"Return typed fields, source URL, publication/update date when available, and verification timestamp. Label external options separately from official McNeese information.",low,2026-08-03
CAT-086,Henning SEED Center,Research and Industry,CAT-086-S05,venues directions parking and accessibility,cultural_community,"Queries about Henning SEED Center, including its public services, requirements, processes, contacts, dates, policies, troubleshooting, and relevant external sources.",Henning SEED Center | McNeese SEED Center | Henning SEED,https://www.mcneese.edu/a-to-z/,official McNeese first; authoritative government/partner sources second; verified external discovery when the intent requires it,"Return typed fields, source URL, publication/update date when available, and verification timestamp. Label external options separately from official McNeese information.",low,2026-08-03
CAT-086,Henning SEED Center,Research and Industry,CAT-086-S06,contacts organizers and office hours,cultural_community,"Queries about Henning SEED Center, including its public services, requirements, processes, contacts, dates, policies, troubleshooting, and relevant external sources.",Henning SEED Center | McNeese SEED Center | Henning SEED,https://www.mcneese.edu/a-to-z/,official McNeese first; authoritative government/partner sources second; verified external discovery when the intent requires it,"Return typed fields, source URL, publication/update date when available, and verification timestamp. Label external options separately from official McNeese information.",low,2026-08-03
CAT-086,Henning SEED Center,Research and Industry,CAT-086-S07,news media and public information,cultural_community,"Queries about Henning SEED Center, including its public services, requirements, processes, contacts, dates, policies, troubleshooting, and relevant external sources.",Henning SEED Center | McNeese SEED Center | Henning SEED,https://www.mcneese.edu/a-to-z/,official McNeese first; authoritative government/partner sources second; verified external discovery when the intent requires it,"Return typed fields, source URL, publication/update date when available, and verification timestamp. Label external options separately from official McNeese information.",low,2026-08-03
CAT-086,Henning SEED Center,Research and Industry,CAT-086-S08,community partners and external opportunities,cultural_community,"Queries about Henning SEED Center, including its public services, requirements, processes, contacts, dates, policies, troubleshooting, and relevant external sources.",Henning SEED Center | McNeese SEED Center | Henning SEED,https://www.mcneese.edu/a-to-z/,official McNeese first; authoritative government/partner sources second; verified external discovery when the intent requires it,"Return typed fields, source URL, publication/update date when available, and verification timestamp. Label external options separately from official McNeese information.",low,2026-08-03
CAT-087,Louisiana Small Business Development Center at McNeese,Community Programs,CAT-087-S01,programs services and participation,cultural_community,"Queries about Louisiana Small Business Development Center at McNeese, including its public services, requirements, processes, contacts, dates, policies, troubleshooting, and relevant external sources.",Louisiana Small Business Development Center at McNeese | McNeese SBDC | Louisiana SBDC McNeese,https://www2.lsbdc.org/,official McNeese first; authoritative government/partner sources second; verified external discovery when the intent requires it,"Return typed fields, source URL, publication/update date when available, and verification timestamp. Label external options separately from official McNeese information.",low,2026-08-03
CAT-087,Louisiana Small Business Development Center at McNeese,Community Programs,CAT-087-S02,events calendar and announcements,cultural_community,"Queries about Louisiana Small Business Development Center at McNeese, including its public services, requirements, processes, contacts, dates, policies, troubleshooting, and relevant external sources.",Louisiana Small Business Development Center at McNeese | McNeese SBDC | Louisiana SBDC McNeese,https://www2.lsbdc.org/,official McNeese first; authoritative government/partner sources second; verified external discovery when the intent requires it,"Return typed fields, source URL, publication/update date when available, and verification timestamp. Label external options separately from official McNeese information.",low,2026-08-03
CAT-087,Louisiana Small Business Development Center at McNeese,Community Programs,CAT-087-S03,registration membership and eligibility,cultural_community,"Queries about Louisiana Small Business Development Center at McNeese, including its public services, requirements, processes, contacts, dates, policies, troubleshooting, and relevant external sources.",Louisiana Small Business Development Center at McNeese | McNeese SBDC | Louisiana SBDC McNeese,https://www2.lsbdc.org/,official McNeese first; authoritative government/partner sources second; verified external discovery when the intent requires it,"Return typed fields, source URL, publication/update date when available, and verification timestamp. Label external options separately from official McNeese information.",low,2026-08-03
CAT-087,Louisiana Small Business Development Center at McNeese,Community Programs,CAT-087-S04,tickets prices sponsorships and funding,cultural_community,"Queries about Louisiana Small Business Development Center at McNeese, including its public services, requirements, processes, contacts, dates, policies, troubleshooting, and relevant external sources.",Louisiana Small Business Development Center at McNeese | McNeese SBDC | Louisiana SBDC McNeese,https://www2.lsbdc.org/,official McNeese first; authoritative government/partner sources second; verified external discovery when the intent requires it,"Return typed fields, source URL, publication/update date when available, and verification timestamp. Label external options separately from official McNeese information.",low,2026-08-03
CAT-087,Louisiana Small Business Development Center at McNeese,Community Programs,CAT-087-S05,venues directions parking and accessibility,cultural_community,"Queries about Louisiana Small Business Development Center at McNeese, including its public services, requirements, processes, contacts, dates, policies, troubleshooting, and relevant external sources.",Louisiana Small Business Development Center at McNeese | McNeese SBDC | Louisiana SBDC McNeese,https://www2.lsbdc.org/,official McNeese first; authoritative government/partner sources second; verified external discovery when the intent requires it,"Return typed fields, source URL, publication/update date when available, and verification timestamp. Label external options separately from official McNeese information.",low,2026-08-03
CAT-087,Louisiana Small Business Development Center at McNeese,Community Programs,CAT-087-S06,contacts organizers and office hours,cultural_community,"Queries about Louisiana Small Business Development Center at McNeese, including its public services, requirements, processes, contacts, dates, policies, troubleshooting, and relevant external sources.",Louisiana Small Business Development Center at McNeese | McNeese SBDC | Louisiana SBDC McNeese,https://www2.lsbdc.org/,official McNeese first; authoritative government/partner sources second; verified external discovery when the intent requires it,"Return typed fields, source URL, publication/update date when available, and verification timestamp. Label external options separately from official McNeese information.",low,2026-08-03
CAT-087,Louisiana Small Business Development Center at McNeese,Community Programs,CAT-087-S07,news media and public information,cultural_community,"Queries about Louisiana Small Business Development Center at McNeese, including its public services, requirements, processes, contacts, dates, policies, troubleshooting, and relevant external sources.",Louisiana Small Business Development Center at McNeese | McNeese SBDC | Louisiana SBDC McNeese,https://www2.lsbdc.org/,official McNeese first; authoritative government/partner sources second; verified external discovery when the intent requires it,"Return typed fields, source URL, publication/update date when available, and verification timestamp. Label external options separately from official McNeese information.",low,2026-08-03
CAT-087,Louisiana Small Business Development Center at McNeese,Community Programs,CAT-087-S08,community partners and external opportunities,cultural_community,"Queries about Louisiana Small Business Development Center at McNeese, including its public services, requirements, processes, contacts, dates, policies, troubleshooting, and relevant external sources.",Louisiana Small Business Development Center at McNeese | McNeese SBDC | Louisiana SBDC McNeese,https://www2.lsbdc.org/,official McNeese first; authoritative government/partner sources second; verified external discovery when the intent requires it,"Return typed fields, source URL, publication/update date when available, and verification timestamp. Label external options separately from official McNeese information.",low,2026-08-03
CAT-088,Department of Social Sciences,Academic Departments,CAT-088-S01,degrees concentrations and certificates,academic_department,"Queries about Department of Social Sciences, including its public services, requirements, processes, contacts, dates, policies, troubleshooting, and relevant external sources.",Department of Social Sciences | McNeese Social Sciences | Social Sciences department,https://www.mcneese.edu/a-to-z/,official McNeese first; authoritative government/partner sources second; verified external discovery when the intent requires it,"Return typed fields, source URL, publication/update date when available, and verification timestamp. Label external options separately from official McNeese information.",low,2026-08-03
CAT-088,Department of Social Sciences,Academic Departments,CAT-088-S02,admission and progression requirements,academic_department,"Queries about Department of Social Sciences, including its public services, requirements, processes, contacts, dates, policies, troubleshooting, and relevant external sources.",Department of Social Sciences | McNeese Social Sciences | Social Sciences department,https://www.mcneese.edu/a-to-z/,official McNeese first; authoritative government/partner sources second; verified external discovery when the intent requires it,"Return typed fields, source URL, publication/update date when available, and verification timestamp. Label external options separately from official McNeese information.",low,2026-08-03
CAT-088,Department of Social Sciences,Academic Departments,CAT-088-S03,curriculum prerequisites and degree plans,academic_department,"Queries about Department of Social Sciences, including its public services, requirements, processes, contacts, dates, policies, troubleshooting, and relevant external sources.",Department of Social Sciences | McNeese Social Sciences | Social Sciences department,https://www.mcneese.edu/a-to-z/,official McNeese first; authoritative government/partner sources second; verified external discovery when the intent requires it,"Return typed fields, source URL, publication/update date when available, and verification timestamp. Label external options separately from official McNeese information.",low,2026-08-03
CAT-088,Department of Social Sciences,Academic Departments,CAT-088-S04,courses sections and scheduling,academic_department,"Queries about Department of Social Sciences, including its public services, requirements, processes, contacts, dates, policies, troubleshooting, and relevant external sources.",Department of Social Sciences | McNeese Social Sciences | Social Sciences department,https://www.mcneese.edu/a-to-z/,official McNeese first; authoritative government/partner sources second; verified external discovery when the intent requires it,"Return typed fields, source URL, publication/update date when available, and verification timestamp. Label external options separately from official McNeese information.",low,2026-08-03
CAT-088,Department of Social Sciences,Academic Departments,CAT-088-S05,faculty staff and department contacts,academic_department,"Queries about Department of Social Sciences, including its public services, requirements, processes, contacts, dates, policies, troubleshooting, and relevant external sources.",Department of Social Sciences | McNeese Social Sciences | Social Sciences department,https://www.mcneese.edu/a-to-z/,official McNeese first; authoritative government/partner sources second; verified external discovery when the intent requires it,"Return typed fields, source URL, publication/update date when available, and verification timestamp. Label external options separately from official McNeese information.",low,2026-08-03
CAT-088,Department of Social Sciences,Academic Departments,CAT-088-S06,research laboratories and projects,academic_department,"Queries about Department of Social Sciences, including its public services, requirements, processes, contacts, dates, policies, troubleshooting, and relevant external sources.",Department of Social Sciences | McNeese Social Sciences | Social Sciences department,https://www.mcneese.edu/a-to-z/,official McNeese first; authoritative government/partner sources second; verified external discovery when the intent requires it,"Return typed fields, source URL, publication/update date when available, and verification timestamp. Label external options separately from official McNeese information.",low,2026-08-03
CAT-088,Department of Social Sciences,Academic Departments,CAT-088-S07,student organizations events and opportunities,academic_department,"Queries about Department of Social Sciences, including its public services, requirements, processes, contacts, dates, policies, troubleshooting, and relevant external sources.",Department of Social Sciences | McNeese Social Sciences | Social Sciences department,https://www.mcneese.edu/a-to-z/,official McNeese first; authoritative government/partner sources second; verified external discovery when the intent requires it,"Return typed fields, source URL, publication/update date when available, and verification timestamp. Label external options separately from official McNeese information.",low,2026-08-03
CAT-088,Department of Social Sciences,Academic Departments,CAT-088-S08,careers licensure and professional outcomes,academic_department,"Queries about Department of Social Sciences, including its public services, requirements, processes, contacts, dates, policies, troubleshooting, and relevant external sources.",Department of Social Sciences | McNeese Social Sciences | Social Sciences department,https://www.mcneese.edu/a-to-z/,official McNeese first; authoritative government/partner sources second; verified external discovery when the intent requires it,"Return typed fields, source URL, publication/update date when available, and verification timestamp. Label external options separately from official McNeese information.",low,2026-08-03
CAT-089,Sports Information and Media,Athletics and Recreation,CAT-089-S01,teams programs and participation,athletics,"Queries about Sports Information and Media, including its public services, requirements, processes, contacts, dates, policies, troubleshooting, and relevant external sources.",Sports Information and Media | McNeese Sports Information | athletics media relations,https://mcneesesports.com/,official McNeese first; authoritative government/partner sources second; verified external discovery when the intent requires it,"Return typed fields, source URL, publication/update date when available, and verification timestamp. Label external options separately from official McNeese information.",low,2026-08-03
CAT-089,Sports Information and Media,Athletics and Recreation,CAT-089-S02,schedules calendars and results,athletics,"Queries about Sports Information and Media, including its public services, requirements, processes, contacts, dates, policies, troubleshooting, and relevant external sources.",Sports Information and Media | McNeese Sports Information | athletics media relations,https://mcneesesports.com/,official McNeese first; authoritative government/partner sources second; verified external discovery when the intent requires it,"Return typed fields, source URL, publication/update date when available, and verification timestamp. Label external options separately from official McNeese information.",low,2026-08-03
CAT-089,Sports Information and Media,Athletics and Recreation,CAT-089-S03,rosters coaches and staff contacts,athletics,"Queries about Sports Information and Media, including its public services, requirements, processes, contacts, dates, policies, troubleshooting, and relevant external sources.",Sports Information and Media | McNeese Sports Information | athletics media relations,https://mcneesesports.com/,official McNeese first; authoritative government/partner sources second; verified external discovery when the intent requires it,"Return typed fields, source URL, publication/update date when available, and verification timestamp. Label external options separately from official McNeese information.",low,2026-08-03
CAT-089,Sports Information and Media,Athletics and Recreation,CAT-089-S04,tickets prices seating and attendance,athletics,"Queries about Sports Information and Media, including its public services, requirements, processes, contacts, dates, policies, troubleshooting, and relevant external sources.",Sports Information and Media | McNeese Sports Information | athletics media relations,https://mcneesesports.com/,official McNeese first; authoritative government/partner sources second; verified external discovery when the intent requires it,"Return typed fields, source URL, publication/update date when available, and verification timestamp. Label external options separately from official McNeese information.",low,2026-08-03
CAT-089,Sports Information and Media,Athletics and Recreation,CAT-089-S05,venues directions parking and accessibility,athletics,"Queries about Sports Information and Media, including its public services, requirements, processes, contacts, dates, policies, troubleshooting, and relevant external sources.",Sports Information and Media | McNeese Sports Information | athletics media relations,https://mcneesesports.com/,official McNeese first; authoritative government/partner sources second; verified external discovery when the intent requires it,"Return typed fields, source URL, publication/update date when available, and verification timestamp. Label external options separately from official McNeese information.",low,2026-08-03
CAT-089,Sports Information and Media,Athletics and Recreation,CAT-089-S06,news media statistics and broadcasts,athletics,"Queries about Sports Information and Media, including its public services, requirements, processes, contacts, dates, policies, troubleshooting, and relevant external sources.",Sports Information and Media | McNeese Sports Information | athletics media relations,https://mcneesesports.com/,official McNeese first; authoritative government/partner sources second; verified external discovery when the intent requires it,"Return typed fields, source URL, publication/update date when available, and verification timestamp. Label external options separately from official McNeese information.",low,2026-08-03
CAT-089,Sports Information and Media,Athletics and Recreation,CAT-089-S07,student athlete eligibility compliance and support,athletics,"Queries about Sports Information and Media, including its public services, requirements, processes, contacts, dates, policies, troubleshooting, and relevant external sources.",Sports Information and Media | McNeese Sports Information | athletics media relations,https://mcneesesports.com/,official McNeese first; authoritative government/partner sources second; verified external discovery when the intent requires it,"Return typed fields, source URL, publication/update date when available, and verification timestamp. Label external options separately from official McNeese information.",low,2026-08-03
CAT-089,Sports Information and Media,Athletics and Recreation,CAT-089-S08,camps community events and external governing sources,athletics,"Queries about Sports Information and Media, including its public services, requirements, processes, contacts, dates, policies, troubleshooting, and relevant external sources.",Sports Information and Media | McNeese Sports Information | athletics media relations,https://mcneesesports.com/,official McNeese first; authoritative government/partner sources second; verified external discovery when the intent requires it,"Return typed fields, source URL, publication/update date when available, and verification timestamp. Label external options separately from official McNeese information.",low,2026-08-03
CAT-090,Office of Student Affairs,Administration and Governance,CAT-090-S01,eligibility and who can use the service,student_service,"Queries about Office of Student Affairs, including its public services, requirements, processes, contacts, dates, policies, troubleshooting, and relevant external sources.",Office of Student Affairs | McNeese Student Affairs | student affairs office,https://www.mcneese.edu/a-to-z/,official McNeese first; authoritative government/partner sources second; verified external discovery when the intent requires it,"Return typed fields, source URL, publication/update date when available, and verification timestamp. Label external options separately from official McNeese information.",medium,2026-08-03
CAT-090,Office of Student Affairs,Administration and Governance,CAT-090-S02,services programs and available support,student_service,"Queries about Office of Student Affairs, including its public services, requirements, processes, contacts, dates, policies, troubleshooting, and relevant external sources.",Office of Student Affairs | McNeese Student Affairs | student affairs office,https://www.mcneese.edu/a-to-z/,official McNeese first; authoritative government/partner sources second; verified external discovery when the intent requires it,"Return typed fields, source URL, publication/update date when available, and verification timestamp. Label external options separately from official McNeese information.",medium,2026-08-03
CAT-090,Office of Student Affairs,Administration and Governance,CAT-090-S03,appointments applications and access steps,student_service,"Queries about Office of Student Affairs, including its public services, requirements, processes, contacts, dates, policies, troubleshooting, and relevant external sources.",Office of Student Affairs | McNeese Student Affairs | student affairs office,https://www.mcneese.edu/a-to-z/,official McNeese first; authoritative government/partner sources second; verified external discovery when the intent requires it,"Return typed fields, source URL, publication/update date when available, and verification timestamp. Label external options separately from official McNeese information.",medium,2026-08-03
CAT-090,Office of Student Affairs,Administration and Governance,CAT-090-S04,forms documents and preparation,student_service,"Queries about Office of Student Affairs, including its public services, requirements, processes, contacts, dates, policies, troubleshooting, and relevant external sources.",Office of Student Affairs | McNeese Student Affairs | student affairs office,https://www.mcneese.edu/a-to-z/,official McNeese first; authoritative government/partner sources second; verified external discovery when the intent requires it,"Return typed fields, source URL, publication/update date when available, and verification timestamp. Label external options separately from official McNeese information.",medium,2026-08-03
CAT-090,Office of Student Affairs,Administration and Governance,CAT-090-S05,costs fees insurance and funding,student_service,"Queries about Office of Student Affairs, including its public services, requirements, processes, contacts, dates, policies, troubleshooting, and relevant external sources.",Office of Student Affairs | McNeese Student Affairs | student affairs office,https://www.mcneese.edu/a-to-z/,official McNeese first; authoritative government/partner sources second; verified external discovery when the intent requires it,"Return typed fields, source URL, publication/update date when available, and verification timestamp. Label external options separately from official McNeese information.",medium,2026-08-03
CAT-090,Office of Student Affairs,Administration and Governance,CAT-090-S06,contacts location hours and accessibility,student_service,"Queries about Office of Student Affairs, including its public services, requirements, processes, contacts, dates, policies, troubleshooting, and relevant external sources.",Office of Student Affairs | McNeese Student Affairs | student affairs office,https://www.mcneese.edu/a-to-z/,official McNeese first; authoritative government/partner sources second; verified external discovery when the intent requires it,"Return typed fields, source URL, publication/update date when available, and verification timestamp. Label external options separately from official McNeese information.",medium,2026-08-03
CAT-090,Office of Student Affairs,Administration and Governance,CAT-090-S07,policies confidentiality and student rights,student_service,"Queries about Office of Student Affairs, including its public services, requirements, processes, contacts, dates, policies, troubleshooting, and relevant external sources.",Office of Student Affairs | McNeese Student Affairs | student affairs office,https://www.mcneese.edu/a-to-z/,official McNeese first; authoritative government/partner sources second; verified external discovery when the intent requires it,"Return typed fields, source URL, publication/update date when available, and verification timestamp. Label external options separately from official McNeese information.",medium,2026-08-03
CAT-090,Office of Student Affairs,Administration and Governance,CAT-090-S08,urgent help troubleshooting and external alternatives,student_service,"Queries about Office of Student Affairs, including its public services, requirements, processes, contacts, dates, policies, troubleshooting, and relevant external sources.",Office of Student Affairs | McNeese Student Affairs | student affairs office,https://www.mcneese.edu/a-to-z/,official McNeese first; authoritative government/partner sources second; verified external discovery when the intent requires it,"Return typed fields, source URL, publication/update date when available, and verification timestamp. Label external options separately from official McNeese information.",medium,2026-08-03
CAT-091,Student Employment,Careers and Employment,CAT-091-S01,job listings and open positions,employment,"Queries about Student Employment, including its public services, requirements, processes, contacts, dates, policies, troubleshooting, and relevant external sources.",Student Employment | McNeese student jobs | campus employment,https://www.mcneese.edu/a-to-z/,official McNeese first; authoritative government/partner sources second; verified external discovery when the intent requires it,"Return typed fields, source URL, publication/update date when available, and verification timestamp. Label external options separately from official McNeese information.",medium,2026-08-03
CAT-091,Student Employment,Careers and Employment,CAT-091-S02,student employment and work study,employment,"Queries about Student Employment, including its public services, requirements, processes, contacts, dates, policies, troubleshooting, and relevant external sources.",Student Employment | McNeese student jobs | campus employment,https://www.mcneese.edu/a-to-z/,official McNeese first; authoritative government/partner sources second; verified external discovery when the intent requires it,"Return typed fields, source URL, publication/update date when available, and verification timestamp. Label external options separately from official McNeese information.",medium,2026-08-03
CAT-091,Student Employment,Careers and Employment,CAT-091-S03,internships co-ops and experiential learning,employment,"Queries about Student Employment, including its public services, requirements, processes, contacts, dates, policies, troubleshooting, and relevant external sources.",Student Employment | McNeese student jobs | campus employment,https://www.mcneese.edu/a-to-z/,official McNeese first; authoritative government/partner sources second; verified external discovery when the intent requires it,"Return typed fields, source URL, publication/update date when available, and verification timestamp. Label external options separately from official McNeese information.",medium,2026-08-03
CAT-091,Student Employment,Careers and Employment,CAT-091-S04,faculty staff and graduate assistant roles,employment,"Queries about Student Employment, including its public services, requirements, processes, contacts, dates, policies, troubleshooting, and relevant external sources.",Student Employment | McNeese student jobs | campus employment,https://www.mcneese.edu/a-to-z/,official McNeese first; authoritative government/partner sources second; verified external discovery when the intent requires it,"Return typed fields, source URL, publication/update date when available, and verification timestamp. Label external options separately from official McNeese information.",medium,2026-08-03
CAT-091,Student Employment,Careers and Employment,CAT-091-S05,application resumes interviews and hiring steps,employment,"Queries about Student Employment, including its public services, requirements, processes, contacts, dates, policies, troubleshooting, and relevant external sources.",Student Employment | McNeese student jobs | campus employment,https://www.mcneese.edu/a-to-z/,official McNeese first; authoritative government/partner sources second; verified external discovery when the intent requires it,"Return typed fields, source URL, publication/update date when available, and verification timestamp. Label external options separately from official McNeese information.",medium,2026-08-03
CAT-091,Student Employment,Careers and Employment,CAT-091-S06,eligibility authorization and international student rules,employment,"Queries about Student Employment, including its public services, requirements, processes, contacts, dates, policies, troubleshooting, and relevant external sources.",Student Employment | McNeese student jobs | campus employment,https://www.mcneese.edu/a-to-z/,official McNeese first; authoritative government/partner sources second; verified external discovery when the intent requires it,"Return typed fields, source URL, publication/update date when available, and verification timestamp. Label external options separately from official McNeese information.",medium,2026-08-03
CAT-091,Student Employment,Careers and Employment,CAT-091-S07,pay benefits schedules and workplace policies,employment,"Queries about Student Employment, including its public services, requirements, processes, contacts, dates, policies, troubleshooting, and relevant external sources.",Student Employment | McNeese student jobs | campus employment,https://www.mcneese.edu/a-to-z/,official McNeese first; authoritative government/partner sources second; verified external discovery when the intent requires it,"Return typed fields, source URL, publication/update date when available, and verification timestamp. Label external options separately from official McNeese information.",medium,2026-08-03
CAT-091,Student Employment,Careers and Employment,CAT-091-S08,external job boards employers and career research,employment,"Queries about Student Employment, including its public services, requirements, processes, contacts, dates, policies, troubleshooting, and relevant external sources.",Student Employment | McNeese student jobs | campus employment,https://www.mcneese.edu/a-to-z/,official McNeese first; authoritative government/partner sources second; verified external discovery when the intent requires it,"Return typed fields, source URL, publication/update date when available, and verification timestamp. Label external options separately from official McNeese information.",medium,2026-08-03
CAT-092,Student Health Services,Health and Wellness,CAT-092-S01,eligibility and who can use the service,student_service,"Queries about Student Health Services, including its public services, requirements, processes, contacts, dates, policies, troubleshooting, and relevant external sources.",Student Health Services | McNeese Health Center | student clinic McNeese,https://www.mcneese.edu/about-us/leadership-team/administrative-and-student-affairs/division-of-administrative-and-student-affairs/student-success-and-retention/health-services/,official McNeese first; authoritative government/partner sources second; verified external discovery when the intent requires it,"Return typed fields, source URL, publication/update date when available, and verification timestamp. Label external options separately from official McNeese information.",medium,2026-08-03
CAT-092,Student Health Services,Health and Wellness,CAT-092-S02,services programs and available support,student_service,"Queries about Student Health Services, including its public services, requirements, processes, contacts, dates, policies, troubleshooting, and relevant external sources.",Student Health Services | McNeese Health Center | student clinic McNeese,https://www.mcneese.edu/about-us/leadership-team/administrative-and-student-affairs/division-of-administrative-and-student-affairs/student-success-and-retention/health-services/,official McNeese first; authoritative government/partner sources second; verified external discovery when the intent requires it,"Return typed fields, source URL, publication/update date when available, and verification timestamp. Label external options separately from official McNeese information.",medium,2026-08-03
CAT-092,Student Health Services,Health and Wellness,CAT-092-S03,appointments applications and access steps,student_service,"Queries about Student Health Services, including its public services, requirements, processes, contacts, dates, policies, troubleshooting, and relevant external sources.",Student Health Services | McNeese Health Center | student clinic McNeese,https://www.mcneese.edu/about-us/leadership-team/administrative-and-student-affairs/division-of-administrative-and-student-affairs/student-success-and-retention/health-services/,official McNeese first; authoritative government/partner sources second; verified external discovery when the intent requires it,"Return typed fields, source URL, publication/update date when available, and verification timestamp. Label external options separately from official McNeese information.",medium,2026-08-03
CAT-092,Student Health Services,Health and Wellness,CAT-092-S04,forms documents and preparation,student_service,"Queries about Student Health Services, including its public services, requirements, processes, contacts, dates, policies, troubleshooting, and relevant external sources.",Student Health Services | McNeese Health Center | student clinic McNeese,https://www.mcneese.edu/about-us/leadership-team/administrative-and-student-affairs/division-of-administrative-and-student-affairs/student-success-and-retention/health-services/,official McNeese first; authoritative government/partner sources second; verified external discovery when the intent requires it,"Return typed fields, source URL, publication/update date when available, and verification timestamp. Label external options separately from official McNeese information.",medium,2026-08-03
CAT-092,Student Health Services,Health and Wellness,CAT-092-S05,costs fees insurance and funding,student_service,"Queries about Student Health Services, including its public services, requirements, processes, contacts, dates, policies, troubleshooting, and relevant external sources.",Student Health Services | McNeese Health Center | student clinic McNeese,https://www.mcneese.edu/about-us/leadership-team/administrative-and-student-affairs/division-of-administrative-and-student-affairs/student-success-and-retention/health-services/,official McNeese first; authoritative government/partner sources second; verified external discovery when the intent requires it,"Return typed fields, source URL, publication/update date when available, and verification timestamp. Label external options separately from official McNeese information.",medium,2026-08-03
CAT-092,Student Health Services,Health and Wellness,CAT-092-S06,contacts location hours and accessibility,student_service,"Queries about Student Health Services, including its public services, requirements, processes, contacts, dates, policies, troubleshooting, and relevant external sources.",Student Health Services | McNeese Health Center | student clinic McNeese,https://www.mcneese.edu/about-us/leadership-team/administrative-and-student-affairs/division-of-administrative-and-student-affairs/student-success-and-retention/health-services/,official McNeese first; authoritative government/partner sources second; verified external discovery when the intent requires it,"Return typed fields, source URL, publication/update date when available, and verification timestamp. Label external options separately from official McNeese information.",medium,2026-08-03
CAT-092,Student Health Services,Health and Wellness,CAT-092-S07,policies confidentiality and student rights,student_service,"Queries about Student Health Services, including its public services, requirements, processes, contacts, dates, policies, troubleshooting, and relevant external sources.",Student Health Services | McNeese Health Center | student clinic McNeese,https://www.mcneese.edu/about-us/leadership-team/administrative-and-student-affairs/division-of-administrative-and-student-affairs/student-success-and-retention/health-services/,official McNeese first; authoritative government/partner sources second; verified external discovery when the intent requires it,"Return typed fields, source URL, publication/update date when available, and verification timestamp. Label external options separately from official McNeese information.",medium,2026-08-03
CAT-092,Student Health Services,Health and Wellness,CAT-092-S08,urgent help troubleshooting and external alternatives,student_service,"Queries about Student Health Services, including its public services, requirements, processes, contacts, dates, policies, troubleshooting, and relevant external sources.",Student Health Services | McNeese Health Center | student clinic McNeese,https://www.mcneese.edu/about-us/leadership-team/administrative-and-student-affairs/division-of-administrative-and-student-affairs/student-success-and-retention/health-services/,official McNeese first; authoritative government/partner sources second; verified external discovery when the intent requires it,"Return typed fields, source URL, publication/update date when available, and verification timestamp. Label external options separately from official McNeese information.",medium,2026-08-03
CAT-093,Office of Student Services,Student Support,CAT-093-S01,eligibility and who can use the service,student_service,"Queries about Office of Student Services, including its public services, requirements, processes, contacts, dates, policies, troubleshooting, and relevant external sources.",Office of Student Services | McNeese Student Services | student support office,https://www.mcneese.edu/studentservices/,official McNeese first; authoritative government/partner sources second; verified external discovery when the intent requires it,"Return typed fields, source URL, publication/update date when available, and verification timestamp. Label external options separately from official McNeese information.",medium,2026-08-03
CAT-093,Office of Student Services,Student Support,CAT-093-S02,services programs and available support,student_service,"Queries about Office of Student Services, including its public services, requirements, processes, contacts, dates, policies, troubleshooting, and relevant external sources.",Office of Student Services | McNeese Student Services | student support office,https://www.mcneese.edu/studentservices/,official McNeese first; authoritative government/partner sources second; verified external discovery when the intent requires it,"Return typed fields, source URL, publication/update date when available, and verification timestamp. Label external options separately from official McNeese information.",medium,2026-08-03
CAT-093,Office of Student Services,Student Support,CAT-093-S03,appointments applications and access steps,student_service,"Queries about Office of Student Services, including its public services, requirements, processes, contacts, dates, policies, troubleshooting, and relevant external sources.",Office of Student Services | McNeese Student Services | student support office,https://www.mcneese.edu/studentservices/,official McNeese first; authoritative government/partner sources second; verified external discovery when the intent requires it,"Return typed fields, source URL, publication/update date when available, and verification timestamp. Label external options separately from official McNeese information.",medium,2026-08-03
CAT-093,Office of Student Services,Student Support,CAT-093-S04,forms documents and preparation,student_service,"Queries about Office of Student Services, including its public services, requirements, processes, contacts, dates, policies, troubleshooting, and relevant external sources.",Office of Student Services | McNeese Student Services | student support office,https://www.mcneese.edu/studentservices/,official McNeese first; authoritative government/partner sources second; verified external discovery when the intent requires it,"Return typed fields, source URL, publication/update date when available, and verification timestamp. Label external options separately from official McNeese information.",medium,2026-08-03
CAT-093,Office of Student Services,Student Support,CAT-093-S05,costs fees insurance and funding,student_service,"Queries about Office of Student Services, including its public services, requirements, processes, contacts, dates, policies, troubleshooting, and relevant external sources.",Office of Student Services | McNeese Student Services | student support office,https://www.mcneese.edu/studentservices/,official McNeese first; authoritative government/partner sources second; verified external discovery when the intent requires it,"Return typed fields, source URL, publication/update date when available, and verification timestamp. Label external options separately from official McNeese information.",medium,2026-08-03
CAT-093,Office of Student Services,Student Support,CAT-093-S06,contacts location hours and accessibility,student_service,"Queries about Office of Student Services, including its public services, requirements, processes, contacts, dates, policies, troubleshooting, and relevant external sources.",Office of Student Services | McNeese Student Services | student support office,https://www.mcneese.edu/studentservices/,official McNeese first; authoritative government/partner sources second; verified external discovery when the intent requires it,"Return typed fields, source URL, publication/update date when available, and verification timestamp. Label external options separately from official McNeese information.",medium,2026-08-03
CAT-093,Office of Student Services,Student Support,CAT-093-S07,policies confidentiality and student rights,student_service,"Queries about Office of Student Services, including its public services, requirements, processes, contacts, dates, policies, troubleshooting, and relevant external sources.",Office of Student Services | McNeese Student Services | student support office,https://www.mcneese.edu/studentservices/,official McNeese first; authoritative government/partner sources second; verified external discovery when the intent requires it,"Return typed fields, source URL, publication/update date when available, and verification timestamp. Label external options separately from official McNeese information.",medium,2026-08-03
CAT-093,Office of Student Services,Student Support,CAT-093-S08,urgent help troubleshooting and external alternatives,student_service,"Queries about Office of Student Services, including its public services, requirements, processes, contacts, dates, policies, troubleshooting, and relevant external sources.",Office of Student Services | McNeese Student Services | student support office,https://www.mcneese.edu/studentservices/,official McNeese first; authoritative government/partner sources second; verified external discovery when the intent requires it,"Return typed fields, source URL, publication/update date when available, and verification timestamp. Label external options separately from official McNeese information.",medium,2026-08-03
CAT-094,Testing Services,Academic Support and Testing,CAT-094-S01,eligibility and who can use the service,student_service,"Queries about Testing Services, including its public services, requirements, processes, contacts, dates, policies, troubleshooting, and relevant external sources.",Testing Services | McNeese Testing Center | testing services,https://www.mcneese.edu/a-to-z/,official McNeese first; authoritative government/partner sources second; verified external discovery when the intent requires it,"Return typed fields, source URL, publication/update date when available, and verification timestamp. Label external options separately from official McNeese information.",medium,2026-08-03
CAT-094,Testing Services,Academic Support and Testing,CAT-094-S02,services programs and available support,student_service,"Queries about Testing Services, including its public services, requirements, processes, contacts, dates, policies, troubleshooting, and relevant external sources.",Testing Services | McNeese Testing Center | testing services,https://www.mcneese.edu/a-to-z/,official McNeese first; authoritative government/partner sources second; verified external discovery when the intent requires it,"Return typed fields, source URL, publication/update date when available, and verification timestamp. Label external options separately from official McNeese information.",medium,2026-08-03
CAT-094,Testing Services,Academic Support and Testing,CAT-094-S03,appointments applications and access steps,student_service,"Queries about Testing Services, including its public services, requirements, processes, contacts, dates, policies, troubleshooting, and relevant external sources.",Testing Services | McNeese Testing Center | testing services,https://www.mcneese.edu/a-to-z/,official McNeese first; authoritative government/partner sources second; verified external discovery when the intent requires it,"Return typed fields, source URL, publication/update date when available, and verification timestamp. Label external options separately from official McNeese information.",medium,2026-08-03
CAT-094,Testing Services,Academic Support and Testing,CAT-094-S04,forms documents and preparation,student_service,"Queries about Testing Services, including its public services, requirements, processes, contacts, dates, policies, troubleshooting, and relevant external sources.",Testing Services | McNeese Testing Center | testing services,https://www.mcneese.edu/a-to-z/,official McNeese first; authoritative government/partner sources second; verified external discovery when the intent requires it,"Return typed fields, source URL, publication/update date when available, and verification timestamp. Label external options separately from official McNeese information.",medium,2026-08-03
CAT-094,Testing Services,Academic Support and Testing,CAT-094-S05,costs fees insurance and funding,student_service,"Queries about Testing Services, including its public services, requirements, processes, contacts, dates, policies, troubleshooting, and relevant external sources.",Testing Services | McNeese Testing Center | testing services,https://www.mcneese.edu/a-to-z/,official McNeese first; authoritative government/partner sources second; verified external discovery when the intent requires it,"Return typed fields, source URL, publication/update date when available, and verification timestamp. Label external options separately from official McNeese information.",medium,2026-08-03
CAT-094,Testing Services,Academic Support and Testing,CAT-094-S06,contacts location hours and accessibility,student_service,"Queries about Testing Services, including its public services, requirements, processes, contacts, dates, policies, troubleshooting, and relevant external sources.",Testing Services | McNeese Testing Center | testing services,https://www.mcneese.edu/a-to-z/,official McNeese first; authoritative government/partner sources second; verified external discovery when the intent requires it,"Return typed fields, source URL, publication/update date when available, and verification timestamp. Label external options separately from official McNeese information.",medium,2026-08-03
CAT-094,Testing Services,Academic Support and Testing,CAT-094-S07,policies confidentiality and student rights,student_service,"Queries about Testing Services, including its public services, requirements, processes, contacts, dates, policies, troubleshooting, and relevant external sources.",Testing Services | McNeese Testing Center | testing services,https://www.mcneese.edu/a-to-z/,official McNeese first; authoritative government/partner sources second; verified external discovery when the intent requires it,"Return typed fields, source URL, publication/update date when available, and verification timestamp. Label external options separately from official McNeese information.",medium,2026-08-03
CAT-094,Testing Services,Academic Support and Testing,CAT-094-S08,urgent help troubleshooting and external alternatives,student_service,"Queries about Testing Services, including its public services, requirements, processes, contacts, dates, policies, troubleshooting, and relevant external sources.",Testing Services | McNeese Testing Center | testing services,https://www.mcneese.edu/a-to-z/,official McNeese first; authoritative government/partner sources second; verified external discovery when the intent requires it,"Return typed fields, source URL, publication/update date when available, and verification timestamp. Label external options separately from official McNeese information.",medium,2026-08-03
CAT-095,Sports Ticket Office,Athletics and Recreation,CAT-095-S01,products services menus and availability,commerce_service,"Queries about Sports Ticket Office, including its public services, requirements, processes, contacts, dates, policies, troubleshooting, and relevant external sources.",Sports Ticket Office | McNeese tickets | Cowboys tickets,https://mcneesesports.com/,official McNeese first; authoritative government/partner sources second; verified external discovery when the intent requires it,"Return typed fields, source URL, publication/update date when available, and verification timestamp. Label external options separately from official McNeese information.",low,2026-08-03
CAT-095,Sports Ticket Office,Athletics and Recreation,CAT-095-S02,prices fees plans and payment methods,commerce_service,"Queries about Sports Ticket Office, including its public services, requirements, processes, contacts, dates, policies, troubleshooting, and relevant external sources.",Sports Ticket Office | McNeese tickets | Cowboys tickets,https://mcneesesports.com/,official McNeese first; authoritative government/partner sources second; verified external discovery when the intent requires it,"Return typed fields, source URL, publication/update date when available, and verification timestamp. Label external options separately from official McNeese information.",low,2026-08-03
CAT-095,Sports Ticket Office,Athletics and Recreation,CAT-095-S03,hours locations directions and accessibility,commerce_service,"Queries about Sports Ticket Office, including its public services, requirements, processes, contacts, dates, policies, troubleshooting, and relevant external sources.",Sports Ticket Office | McNeese tickets | Cowboys tickets,https://mcneesesports.com/,official McNeese first; authoritative government/partner sources second; verified external discovery when the intent requires it,"Return typed fields, source URL, publication/update date when available, and verification timestamp. Label external options separately from official McNeese information.",low,2026-08-03
CAT-095,Sports Ticket Office,Athletics and Recreation,CAT-095-S04,orders reservations applications and account access,commerce_service,"Queries about Sports Ticket Office, including its public services, requirements, processes, contacts, dates, policies, troubleshooting, and relevant external sources.",Sports Ticket Office | McNeese tickets | Cowboys tickets,https://mcneesesports.com/,official McNeese first; authoritative government/partner sources second; verified external discovery when the intent requires it,"Return typed fields, source URL, publication/update date when available, and verification timestamp. Label external options separately from official McNeese information.",low,2026-08-03
CAT-095,Sports Ticket Office,Athletics and Recreation,CAT-095-S05,refunds exchanges cancellations and disputes,commerce_service,"Queries about Sports Ticket Office, including its public services, requirements, processes, contacts, dates, policies, troubleshooting, and relevant external sources.",Sports Ticket Office | McNeese tickets | Cowboys tickets,https://mcneesesports.com/,official McNeese first; authoritative government/partner sources second; verified external discovery when the intent requires it,"Return typed fields, source URL, publication/update date when available, and verification timestamp. Label external options separately from official McNeese information.",low,2026-08-03
CAT-095,Sports Ticket Office,Athletics and Recreation,CAT-095-S06,contacts support and troubleshooting,commerce_service,"Queries about Sports Ticket Office, including its public services, requirements, processes, contacts, dates, policies, troubleshooting, and relevant external sources.",Sports Ticket Office | McNeese tickets | Cowboys tickets,https://mcneesesports.com/,official McNeese first; authoritative government/partner sources second; verified external discovery when the intent requires it,"Return typed fields, source URL, publication/update date when available, and verification timestamp. Label external options separately from official McNeese information.",low,2026-08-03
CAT-095,Sports Ticket Office,Athletics and Recreation,CAT-095-S07,policies nutrition accessibility and disclosures,commerce_service,"Queries about Sports Ticket Office, including its public services, requirements, processes, contacts, dates, policies, troubleshooting, and relevant external sources.",Sports Ticket Office | McNeese tickets | Cowboys tickets,https://mcneesesports.com/,official McNeese first; authoritative government/partner sources second; verified external discovery when the intent requires it,"Return typed fields, source URL, publication/update date when available, and verification timestamp. Label external options separately from official McNeese information.",low,2026-08-03
CAT-095,Sports Ticket Office,Athletics and Recreation,CAT-095-S08,external vendors alternatives and current availability,commerce_service,"Queries about Sports Ticket Office, including its public services, requirements, processes, contacts, dates, policies, troubleshooting, and relevant external sources.",Sports Ticket Office | McNeese tickets | Cowboys tickets,https://mcneesesports.com/,official McNeese first; authoritative government/partner sources second; verified external discovery when the intent requires it,"Return typed fields, source URL, publication/update date when available, and verification timestamp. Label external options separately from official McNeese information.",low,2026-08-03
CAT-096,TRAIL,Community Programs,CAT-096-S01,programs services and participation,cultural_community,"Queries about TRAIL, including its public services, requirements, processes, contacts, dates, policies, troubleshooting, and relevant external sources.",TRAIL | McNeese TRAIL | TRAIL program,https://www.mcneese.edu/a-to-z/,official McNeese first; authoritative government/partner sources second; verified external discovery when the intent requires it,"Return typed fields, source URL, publication/update date when available, and verification timestamp. Label external options separately from official McNeese information.",low,2026-08-03
CAT-096,TRAIL,Community Programs,CAT-096-S02,events calendar and announcements,cultural_community,"Queries about TRAIL, including its public services, requirements, processes, contacts, dates, policies, troubleshooting, and relevant external sources.",TRAIL | McNeese TRAIL | TRAIL program,https://www.mcneese.edu/a-to-z/,official McNeese first; authoritative government/partner sources second; verified external discovery when the intent requires it,"Return typed fields, source URL, publication/update date when available, and verification timestamp. Label external options separately from official McNeese information.",low,2026-08-03
CAT-096,TRAIL,Community Programs,CAT-096-S03,registration membership and eligibility,cultural_community,"Queries about TRAIL, including its public services, requirements, processes, contacts, dates, policies, troubleshooting, and relevant external sources.",TRAIL | McNeese TRAIL | TRAIL program,https://www.mcneese.edu/a-to-z/,official McNeese first; authoritative government/partner sources second; verified external discovery when the intent requires it,"Return typed fields, source URL, publication/update date when available, and verification timestamp. Label external options separately from official McNeese information.",low,2026-08-03
CAT-096,TRAIL,Community Programs,CAT-096-S04,tickets prices sponsorships and funding,cultural_community,"Queries about TRAIL, including its public services, requirements, processes, contacts, dates, policies, troubleshooting, and relevant external sources.",TRAIL | McNeese TRAIL | TRAIL program,https://www.mcneese.edu/a-to-z/,official McNeese first; authoritative government/partner sources second; verified external discovery when the intent requires it,"Return typed fields, source URL, publication/update date when available, and verification timestamp. Label external options separately from official McNeese information.",low,2026-08-03
CAT-096,TRAIL,Community Programs,CAT-096-S05,venues directions parking and accessibility,cultural_community,"Queries about TRAIL, including its public services, requirements, processes, contacts, dates, policies, troubleshooting, and relevant external sources.",TRAIL | McNeese TRAIL | TRAIL program,https://www.mcneese.edu/a-to-z/,official McNeese first; authoritative government/partner sources second; verified external discovery when the intent requires it,"Return typed fields, source URL, publication/update date when available, and verification timestamp. Label external options separately from official McNeese information.",low,2026-08-03
CAT-096,TRAIL,Community Programs,CAT-096-S06,contacts organizers and office hours,cultural_community,"Queries about TRAIL, including its public services, requirements, processes, contacts, dates, policies, troubleshooting, and relevant external sources.",TRAIL | McNeese TRAIL | TRAIL program,https://www.mcneese.edu/a-to-z/,official McNeese first; authoritative government/partner sources second; verified external discovery when the intent requires it,"Return typed fields, source URL, publication/update date when available, and verification timestamp. Label external options separately from official McNeese information.",low,2026-08-03
CAT-096,TRAIL,Community Programs,CAT-096-S07,news media and public information,cultural_community,"Queries about TRAIL, including its public services, requirements, processes, contacts, dates, policies, troubleshooting, and relevant external sources.",TRAIL | McNeese TRAIL | TRAIL program,https://www.mcneese.edu/a-to-z/,official McNeese first; authoritative government/partner sources second; verified external discovery when the intent requires it,"Return typed fields, source URL, publication/update date when available, and verification timestamp. Label external options separately from official McNeese information.",low,2026-08-03
CAT-096,TRAIL,Community Programs,CAT-096-S08,community partners and external opportunities,cultural_community,"Queries about TRAIL, including its public services, requirements, processes, contacts, dates, policies, troubleshooting, and relevant external sources.",TRAIL | McNeese TRAIL | TRAIL program,https://www.mcneese.edu/a-to-z/,official McNeese first; authoritative government/partner sources second; verified external discovery when the intent requires it,"Return typed fields, source URL, publication/update date when available, and verification timestamp. Label external options separately from official McNeese information.",low,2026-08-03
CAT-097,Upward Bound,Community Programs,CAT-097-S01,programs services and participation,cultural_community,"Queries about Upward Bound, including its public services, requirements, processes, contacts, dates, policies, troubleshooting, and relevant external sources.",Upward Bound | McNeese Upward Bound | TRIO Upward Bound,https://www.mcneese.edu/a-to-z/,official McNeese first; authoritative government/partner sources second; verified external discovery when the intent requires it,"Return typed fields, source URL, publication/update date when available, and verification timestamp. Label external options separately from official McNeese information.",low,2026-08-03
CAT-097,Upward Bound,Community Programs,CAT-097-S02,events calendar and announcements,cultural_community,"Queries about Upward Bound, including its public services, requirements, processes, contacts, dates, policies, troubleshooting, and relevant external sources.",Upward Bound | McNeese Upward Bound | TRIO Upward Bound,https://www.mcneese.edu/a-to-z/,official McNeese first; authoritative government/partner sources second; verified external discovery when the intent requires it,"Return typed fields, source URL, publication/update date when available, and verification timestamp. Label external options separately from official McNeese information.",low,2026-08-03
CAT-097,Upward Bound,Community Programs,CAT-097-S03,registration membership and eligibility,cultural_community,"Queries about Upward Bound, including its public services, requirements, processes, contacts, dates, policies, troubleshooting, and relevant external sources.",Upward Bound | McNeese Upward Bound | TRIO Upward Bound,https://www.mcneese.edu/a-to-z/,official McNeese first; authoritative government/partner sources second; verified external discovery when the intent requires it,"Return typed fields, source URL, publication/update date when available, and verification timestamp. Label external options separately from official McNeese information.",low,2026-08-03
CAT-097,Upward Bound,Community Programs,CAT-097-S04,tickets prices sponsorships and funding,cultural_community,"Queries about Upward Bound, including its public services, requirements, processes, contacts, dates, policies, troubleshooting, and relevant external sources.",Upward Bound | McNeese Upward Bound | TRIO Upward Bound,https://www.mcneese.edu/a-to-z/,official McNeese first; authoritative government/partner sources second; verified external discovery when the intent requires it,"Return typed fields, source URL, publication/update date when available, and verification timestamp. Label external options separately from official McNeese information.",low,2026-08-03
CAT-097,Upward Bound,Community Programs,CAT-097-S05,venues directions parking and accessibility,cultural_community,"Queries about Upward Bound, including its public services, requirements, processes, contacts, dates, policies, troubleshooting, and relevant external sources.",Upward Bound | McNeese Upward Bound | TRIO Upward Bound,https://www.mcneese.edu/a-to-z/,official McNeese first; authoritative government/partner sources second; verified external discovery when the intent requires it,"Return typed fields, source URL, publication/update date when available, and verification timestamp. Label external options separately from official McNeese information.",low,2026-08-03
CAT-097,Upward Bound,Community Programs,CAT-097-S06,contacts organizers and office hours,cultural_community,"Queries about Upward Bound, including its public services, requirements, processes, contacts, dates, policies, troubleshooting, and relevant external sources.",Upward Bound | McNeese Upward Bound | TRIO Upward Bound,https://www.mcneese.edu/a-to-z/,official McNeese first; authoritative government/partner sources second; verified external discovery when the intent requires it,"Return typed fields, source URL, publication/update date when available, and verification timestamp. Label external options separately from official McNeese information.",low,2026-08-03
CAT-097,Upward Bound,Community Programs,CAT-097-S07,news media and public information,cultural_community,"Queries about Upward Bound, including its public services, requirements, processes, contacts, dates, policies, troubleshooting, and relevant external sources.",Upward Bound | McNeese Upward Bound | TRIO Upward Bound,https://www.mcneese.edu/a-to-z/,official McNeese first; authoritative government/partner sources second; verified external discovery when the intent requires it,"Return typed fields, source URL, publication/update date when available, and verification timestamp. Label external options separately from official McNeese information.",low,2026-08-03
CAT-097,Upward Bound,Community Programs,CAT-097-S08,community partners and external opportunities,cultural_community,"Queries about Upward Bound, including its public services, requirements, processes, contacts, dates, policies, troubleshooting, and relevant external sources.",Upward Bound | McNeese Upward Bound | TRIO Upward Bound,https://www.mcneese.edu/a-to-z/,official McNeese first; authoritative government/partner sources second; verified external discovery when the intent requires it,"Return typed fields, source URL, publication/update date when available, and verification timestamp. Label external options separately from official McNeese information.",low,2026-08-03
CAT-098,Department of Visual Arts,Academic Departments,CAT-098-S01,degrees concentrations and certificates,academic_department,"Queries about Department of Visual Arts, including its public services, requirements, processes, contacts, dates, policies, troubleshooting, and relevant external sources.",Department of Visual Arts | McNeese Visual Arts | Art department,https://www.mcneese.edu/a-to-z/,official McNeese first; authoritative government/partner sources second; verified external discovery when the intent requires it,"Return typed fields, source URL, publication/update date when available, and verification timestamp. Label external options separately from official McNeese information.",low,2026-08-03
CAT-098,Department of Visual Arts,Academic Departments,CAT-098-S02,admission and progression requirements,academic_department,"Queries about Department of Visual Arts, including its public services, requirements, processes, contacts, dates, policies, troubleshooting, and relevant external sources.",Department of Visual Arts | McNeese Visual Arts | Art department,https://www.mcneese.edu/a-to-z/,official McNeese first; authoritative government/partner sources second; verified external discovery when the intent requires it,"Return typed fields, source URL, publication/update date when available, and verification timestamp. Label external options separately from official McNeese information.",low,2026-08-03
CAT-098,Department of Visual Arts,Academic Departments,CAT-098-S03,curriculum prerequisites and degree plans,academic_department,"Queries about Department of Visual Arts, including its public services, requirements, processes, contacts, dates, policies, troubleshooting, and relevant external sources.",Department of Visual Arts | McNeese Visual Arts | Art department,https://www.mcneese.edu/a-to-z/,official McNeese first; authoritative government/partner sources second; verified external discovery when the intent requires it,"Return typed fields, source URL, publication/update date when available, and verification timestamp. Label external options separately from official McNeese information.",low,2026-08-03
CAT-098,Department of Visual Arts,Academic Departments,CAT-098-S04,courses sections and scheduling,academic_department,"Queries about Department of Visual Arts, including its public services, requirements, processes, contacts, dates, policies, troubleshooting, and relevant external sources.",Department of Visual Arts | McNeese Visual Arts | Art department,https://www.mcneese.edu/a-to-z/,official McNeese first; authoritative government/partner sources second; verified external discovery when the intent requires it,"Return typed fields, source URL, publication/update date when available, and verification timestamp. Label external options separately from official McNeese information.",low,2026-08-03
CAT-098,Department of Visual Arts,Academic Departments,CAT-098-S05,faculty staff and department contacts,academic_department,"Queries about Department of Visual Arts, including its public services, requirements, processes, contacts, dates, policies, troubleshooting, and relevant external sources.",Department of Visual Arts | McNeese Visual Arts | Art department,https://www.mcneese.edu/a-to-z/,official McNeese first; authoritative government/partner sources second; verified external discovery when the intent requires it,"Return typed fields, source URL, publication/update date when available, and verification timestamp. Label external options separately from official McNeese information.",low,2026-08-03
CAT-098,Department of Visual Arts,Academic Departments,CAT-098-S06,research laboratories and projects,academic_department,"Queries about Department of Visual Arts, including its public services, requirements, processes, contacts, dates, policies, troubleshooting, and relevant external sources.",Department of Visual Arts | McNeese Visual Arts | Art department,https://www.mcneese.edu/a-to-z/,official McNeese first; authoritative government/partner sources second; verified external discovery when the intent requires it,"Return typed fields, source URL, publication/update date when available, and verification timestamp. Label external options separately from official McNeese information.",low,2026-08-03
CAT-098,Department of Visual Arts,Academic Departments,CAT-098-S07,student organizations events and opportunities,academic_department,"Queries about Department of Visual Arts, including its public services, requirements, processes, contacts, dates, policies, troubleshooting, and relevant external sources.",Department of Visual Arts | McNeese Visual Arts | Art department,https://www.mcneese.edu/a-to-z/,official McNeese first; authoritative government/partner sources second; verified external discovery when the intent requires it,"Return typed fields, source URL, publication/update date when available, and verification timestamp. Label external options separately from official McNeese information.",low,2026-08-03
CAT-098,Department of Visual Arts,Academic Departments,CAT-098-S08,careers licensure and professional outcomes,academic_department,"Queries about Department of Visual Arts, including its public services, requirements, processes, contacts, dates, policies, troubleshooting, and relevant external sources.",Department of Visual Arts | McNeese Visual Arts | Art department,https://www.mcneese.edu/a-to-z/,official McNeese first; authoritative government/partner sources second; verified external discovery when the intent requires it,"Return typed fields, source URL, publication/update date when available, and verification timestamp. Label external options separately from official McNeese information.",low,2026-08-03
CAT-099,Veterans Affairs,Student Support,CAT-099-S01,eligibility and who can use the service,student_service,"Queries about Veterans Affairs, including its public services, requirements, processes, contacts, dates, policies, troubleshooting, and relevant external sources.",Veterans Affairs | McNeese Veterans Services | GI Bill McNeese,https://www.mcneese.edu/a-to-z/,official McNeese first; authoritative government/partner sources second; verified external discovery when the intent requires it,"Return typed fields, source URL, publication/update date when available, and verification timestamp. Label external options separately from official McNeese information.",medium,2026-08-03
CAT-099,Veterans Affairs,Student Support,CAT-099-S02,services programs and available support,student_service,"Queries about Veterans Affairs, including its public services, requirements, processes, contacts, dates, policies, troubleshooting, and relevant external sources.",Veterans Affairs | McNeese Veterans Services | GI Bill McNeese,https://www.mcneese.edu/a-to-z/,official McNeese first; authoritative government/partner sources second; verified external discovery when the intent requires it,"Return typed fields, source URL, publication/update date when available, and verification timestamp. Label external options separately from official McNeese information.",medium,2026-08-03
CAT-099,Veterans Affairs,Student Support,CAT-099-S03,appointments applications and access steps,student_service,"Queries about Veterans Affairs, including its public services, requirements, processes, contacts, dates, policies, troubleshooting, and relevant external sources.",Veterans Affairs | McNeese Veterans Services | GI Bill McNeese,https://www.mcneese.edu/a-to-z/,official McNeese first; authoritative government/partner sources second; verified external discovery when the intent requires it,"Return typed fields, source URL, publication/update date when available, and verification timestamp. Label external options separately from official McNeese information.",medium,2026-08-03
CAT-099,Veterans Affairs,Student Support,CAT-099-S04,forms documents and preparation,student_service,"Queries about Veterans Affairs, including its public services, requirements, processes, contacts, dates, policies, troubleshooting, and relevant external sources.",Veterans Affairs | McNeese Veterans Services | GI Bill McNeese,https://www.mcneese.edu/a-to-z/,official McNeese first; authoritative government/partner sources second; verified external discovery when the intent requires it,"Return typed fields, source URL, publication/update date when available, and verification timestamp. Label external options separately from official McNeese information.",medium,2026-08-03
CAT-099,Veterans Affairs,Student Support,CAT-099-S05,costs fees insurance and funding,student_service,"Queries about Veterans Affairs, including its public services, requirements, processes, contacts, dates, policies, troubleshooting, and relevant external sources.",Veterans Affairs | McNeese Veterans Services | GI Bill McNeese,https://www.mcneese.edu/a-to-z/,official McNeese first; authoritative government/partner sources second; verified external discovery when the intent requires it,"Return typed fields, source URL, publication/update date when available, and verification timestamp. Label external options separately from official McNeese information.",medium,2026-08-03
CAT-099,Veterans Affairs,Student Support,CAT-099-S06,contacts location hours and accessibility,student_service,"Queries about Veterans Affairs, including its public services, requirements, processes, contacts, dates, policies, troubleshooting, and relevant external sources.",Veterans Affairs | McNeese Veterans Services | GI Bill McNeese,https://www.mcneese.edu/a-to-z/,official McNeese first; authoritative government/partner sources second; verified external discovery when the intent requires it,"Return typed fields, source URL, publication/update date when available, and verification timestamp. Label external options separately from official McNeese information.",medium,2026-08-03
CAT-099,Veterans Affairs,Student Support,CAT-099-S07,policies confidentiality and student rights,student_service,"Queries about Veterans Affairs, including its public services, requirements, processes, contacts, dates, policies, troubleshooting, and relevant external sources.",Veterans Affairs | McNeese Veterans Services | GI Bill McNeese,https://www.mcneese.edu/a-to-z/,official McNeese first; authoritative government/partner sources second; verified external discovery when the intent requires it,"Return typed fields, source URL, publication/update date when available, and verification timestamp. Label external options separately from official McNeese information.",medium,2026-08-03
CAT-099,Veterans Affairs,Student Support,CAT-099-S08,urgent help troubleshooting and external alternatives,student_service,"Queries about Veterans Affairs, including its public services, requirements, processes, contacts, dates, policies, troubleshooting, and relevant external sources.",Veterans Affairs | McNeese Veterans Services | GI Bill McNeese,https://www.mcneese.edu/a-to-z/,official McNeese first; authoritative government/partner sources second; verified external discovery when the intent requires it,"Return typed fields, source URL, publication/update date when available, and verification timestamp. Label external options separately from official McNeese information.",medium,2026-08-03
CAT-100,Write to Excellence Center,Academic Support and Testing,CAT-100-S01,eligibility and who can use the service,student_service,"Queries about Write to Excellence Center, including its public services, requirements, processes, contacts, dates, policies, troubleshooting, and relevant external sources.",Write to Excellence Center | McNeese Writing Center | Write to Excellence,https://www.mcneese.edu/a-to-z/,official McNeese first; authoritative government/partner sources second; verified external discovery when the intent requires it,"Return typed fields, source URL, publication/update date when available, and verification timestamp. Label external options separately from official McNeese information.",medium,2026-08-03
CAT-100,Write to Excellence Center,Academic Support and Testing,CAT-100-S02,services programs and available support,student_service,"Queries about Write to Excellence Center, including its public services, requirements, processes, contacts, dates, policies, troubleshooting, and relevant external sources.",Write to Excellence Center | McNeese Writing Center | Write to Excellence,https://www.mcneese.edu/a-to-z/,official McNeese first; authoritative government/partner sources second; verified external discovery when the intent requires it,"Return typed fields, source URL, publication/update date when available, and verification timestamp. Label external options separately from official McNeese information.",medium,2026-08-03
CAT-100,Write to Excellence Center,Academic Support and Testing,CAT-100-S03,appointments applications and access steps,student_service,"Queries about Write to Excellence Center, including its public services, requirements, processes, contacts, dates, policies, troubleshooting, and relevant external sources.",Write to Excellence Center | McNeese Writing Center | Write to Excellence,https://www.mcneese.edu/a-to-z/,official McNeese first; authoritative government/partner sources second; verified external discovery when the intent requires it,"Return typed fields, source URL, publication/update date when available, and verification timestamp. Label external options separately from official McNeese information.",medium,2026-08-03
CAT-100,Write to Excellence Center,Academic Support and Testing,CAT-100-S04,forms documents and preparation,student_service,"Queries about Write to Excellence Center, including its public services, requirements, processes, contacts, dates, policies, troubleshooting, and relevant external sources.",Write to Excellence Center | McNeese Writing Center | Write to Excellence,https://www.mcneese.edu/a-to-z/,official McNeese first; authoritative government/partner sources second; verified external discovery when the intent requires it,"Return typed fields, source URL, publication/update date when available, and verification timestamp. Label external options separately from official McNeese information.",medium,2026-08-03
CAT-100,Write to Excellence Center,Academic Support and Testing,CAT-100-S05,costs fees insurance and funding,student_service,"Queries about Write to Excellence Center, including its public services, requirements, processes, contacts, dates, policies, troubleshooting, and relevant external sources.",Write to Excellence Center | McNeese Writing Center | Write to Excellence,https://www.mcneese.edu/a-to-z/,official McNeese first; authoritative government/partner sources second; verified external discovery when the intent requires it,"Return typed fields, source URL, publication/update date when available, and verification timestamp. Label external options separately from official McNeese information.",medium,2026-08-03
CAT-100,Write to Excellence Center,Academic Support and Testing,CAT-100-S06,contacts location hours and accessibility,student_service,"Queries about Write to Excellence Center, including its public services, requirements, processes, contacts, dates, policies, troubleshooting, and relevant external sources.",Write to Excellence Center | McNeese Writing Center | Write to Excellence,https://www.mcneese.edu/a-to-z/,official McNeese first; authoritative government/partner sources second; verified external discovery when the intent requires it,"Return typed fields, source URL, publication/update date when available, and verification timestamp. Label external options separately from official McNeese information.",medium,2026-08-03
CAT-100,Write to Excellence Center,Academic Support and Testing,CAT-100-S07,policies confidentiality and student rights,student_service,"Queries about Write to Excellence Center, including its public services, requirements, processes, contacts, dates, policies, troubleshooting, and relevant external sources.",Write to Excellence Center | McNeese Writing Center | Write to Excellence,https://www.mcneese.edu/a-to-z/,official McNeese first; authoritative government/partner sources second; verified external discovery when the intent requires it,"Return typed fields, source URL, publication/update date when available, and verification timestamp. Label external options separately from official McNeese information.",medium,2026-08-03
CAT-100,Write to Excellence Center,Academic Support and Testing,CAT-100-S08,urgent help troubleshooting and external alternatives,student_service,"Queries about Write to Excellence Center, including its public services, requirements, processes, contacts, dates, policies, troubleshooting, and relevant external sources.",Write to Excellence Center | McNeese Writing Center | Write to Excellence,https://www.mcneese.edu/a-to-z/,official McNeese first; authoritative government/partner sources second; verified external discovery when the intent requires it,"Return typed fields, source URL, publication/update date when available, and verification timestamp. Label external options separately from official McNeese information.",medium,2026-08-03
CAT-101,Undergraduate Programs and Degree Requirements,Academics and Curriculum,CAT-101-S01,programs departments and credentials,college_school,"Queries about Undergraduate Programs and Degree Requirements, including its public services, requirements, processes, contacts, dates, policies, troubleshooting, and relevant external sources.",Undergraduate Programs and Degree Requirements | McNeese undergraduate programs | McNeese majors,https://www.mcneese.edu/academics__trashed/undergraduate-programs/,official McNeese first; authoritative government/partner sources second; verified external discovery when the intent requires it,"Return typed fields, source URL, publication/update date when available, and verification timestamp. Label external options separately from official McNeese information.",low,2026-08-03
CAT-101,Undergraduate Programs and Degree Requirements,Academics and Curriculum,CAT-101-S02,admission and progression requirements,college_school,"Queries about Undergraduate Programs and Degree Requirements, including its public services, requirements, processes, contacts, dates, policies, troubleshooting, and relevant external sources.",Undergraduate Programs and Degree Requirements | McNeese undergraduate programs | McNeese majors,https://www.mcneese.edu/academics__trashed/undergraduate-programs/,official McNeese first; authoritative government/partner sources second; verified external discovery when the intent requires it,"Return typed fields, source URL, publication/update date when available, and verification timestamp. Label external options separately from official McNeese information.",low,2026-08-03
CAT-101,Undergraduate Programs and Degree Requirements,Academics and Curriculum,CAT-101-S03,academic advising and student support,college_school,"Queries about Undergraduate Programs and Degree Requirements, including its public services, requirements, processes, contacts, dates, policies, troubleshooting, and relevant external sources.",Undergraduate Programs and Degree Requirements | McNeese undergraduate programs | McNeese majors,https://www.mcneese.edu/academics__trashed/undergraduate-programs/,official McNeese first; authoritative government/partner sources second; verified external discovery when the intent requires it,"Return typed fields, source URL, publication/update date when available, and verification timestamp. Label external options separately from official McNeese information.",low,2026-08-03
CAT-101,Undergraduate Programs and Degree Requirements,Academics and Curriculum,CAT-101-S04,curriculum degree plans and catalog rules,college_school,"Queries about Undergraduate Programs and Degree Requirements, including its public services, requirements, processes, contacts, dates, policies, troubleshooting, and relevant external sources.",Undergraduate Programs and Degree Requirements | McNeese undergraduate programs | McNeese majors,https://www.mcneese.edu/academics__trashed/undergraduate-programs/,official McNeese first; authoritative government/partner sources second; verified external discovery when the intent requires it,"Return typed fields, source URL, publication/update date when available, and verification timestamp. Label external options separately from official McNeese information.",low,2026-08-03
CAT-101,Undergraduate Programs and Degree Requirements,Academics and Curriculum,CAT-101-S05,faculty leadership and contacts,college_school,"Queries about Undergraduate Programs and Degree Requirements, including its public services, requirements, processes, contacts, dates, policies, troubleshooting, and relevant external sources.",Undergraduate Programs and Degree Requirements | McNeese undergraduate programs | McNeese majors,https://www.mcneese.edu/academics__trashed/undergraduate-programs/,official McNeese first; authoritative government/partner sources second; verified external discovery when the intent requires it,"Return typed fields, source URL, publication/update date when available, and verification timestamp. Label external options separately from official McNeese information.",low,2026-08-03
CAT-101,Undergraduate Programs and Degree Requirements,Academics and Curriculum,CAT-101-S06,research centers and facilities,college_school,"Queries about Undergraduate Programs and Degree Requirements, including its public services, requirements, processes, contacts, dates, policies, troubleshooting, and relevant external sources.",Undergraduate Programs and Degree Requirements | McNeese undergraduate programs | McNeese majors,https://www.mcneese.edu/academics__trashed/undergraduate-programs/,official McNeese first; authoritative government/partner sources second; verified external discovery when the intent requires it,"Return typed fields, source URL, publication/update date when available, and verification timestamp. Label external options separately from official McNeese information.",low,2026-08-03
CAT-101,Undergraduate Programs and Degree Requirements,Academics and Curriculum,CAT-101-S07,accreditation outcomes and disclosures,college_school,"Queries about Undergraduate Programs and Degree Requirements, including its public services, requirements, processes, contacts, dates, policies, troubleshooting, and relevant external sources.",Undergraduate Programs and Degree Requirements | McNeese undergraduate programs | McNeese majors,https://www.mcneese.edu/academics__trashed/undergraduate-programs/,official McNeese first; authoritative government/partner sources second; verified external discovery when the intent requires it,"Return typed fields, source URL, publication/update date when available, and verification timestamp. Label external options separately from official McNeese information.",low,2026-08-03
CAT-101,Undergraduate Programs and Degree Requirements,Academics and Curriculum,CAT-101-S08,scholarships events and student opportunities,college_school,"Queries about Undergraduate Programs and Degree Requirements, including its public services, requirements, processes, contacts, dates, policies, troubleshooting, and relevant external sources.",Undergraduate Programs and Degree Requirements | McNeese undergraduate programs | McNeese majors,https://www.mcneese.edu/academics__trashed/undergraduate-programs/,official McNeese first; authoritative government/partner sources second; verified external discovery when the intent requires it,"Return typed fields, source URL, publication/update date when available, and verification timestamp. Label external options separately from official McNeese information.",low,2026-08-03
CAT-102,Graduate Programs and Certificates,Academics and Curriculum,CAT-102-S01,programs departments and credentials,college_school,"Queries about Graduate Programs and Certificates, including its public services, requirements, processes, contacts, dates, policies, troubleshooting, and relevant external sources.",Graduate Programs and Certificates | McNeese graduate programs | graduate certificates,https://www.mcneese.edu/academics/graduate-programs-2/,official McNeese first; authoritative government/partner sources second; verified external discovery when the intent requires it,"Return typed fields, source URL, publication/update date when available, and verification timestamp. Label external options separately from official McNeese information.",low,2026-08-03
CAT-102,Graduate Programs and Certificates,Academics and Curriculum,CAT-102-S02,admission and progression requirements,college_school,"Queries about Graduate Programs and Certificates, including its public services, requirements, processes, contacts, dates, policies, troubleshooting, and relevant external sources.",Graduate Programs and Certificates | McNeese graduate programs | graduate certificates,https://www.mcneese.edu/academics/graduate-programs-2/,official McNeese first; authoritative government/partner sources second; verified external discovery when the intent requires it,"Return typed fields, source URL, publication/update date when available, and verification timestamp. Label external options separately from official McNeese information.",low,2026-08-03
CAT-102,Graduate Programs and Certificates,Academics and Curriculum,CAT-102-S03,academic advising and student support,college_school,"Queries about Graduate Programs and Certificates, including its public services, requirements, processes, contacts, dates, policies, troubleshooting, and relevant external sources.",Graduate Programs and Certificates | McNeese graduate programs | graduate certificates,https://www.mcneese.edu/academics/graduate-programs-2/,official McNeese first; authoritative government/partner sources second; verified external discovery when the intent requires it,"Return typed fields, source URL, publication/update date when available, and verification timestamp. Label external options separately from official McNeese information.",low,2026-08-03
CAT-102,Graduate Programs and Certificates,Academics and Curriculum,CAT-102-S04,curriculum degree plans and catalog rules,college_school,"Queries about Graduate Programs and Certificates, including its public services, requirements, processes, contacts, dates, policies, troubleshooting, and relevant external sources.",Graduate Programs and Certificates | McNeese graduate programs | graduate certificates,https://www.mcneese.edu/academics/graduate-programs-2/,official McNeese first; authoritative government/partner sources second; verified external discovery when the intent requires it,"Return typed fields, source URL, publication/update date when available, and verification timestamp. Label external options separately from official McNeese information.",low,2026-08-03
CAT-102,Graduate Programs and Certificates,Academics and Curriculum,CAT-102-S05,faculty leadership and contacts,college_school,"Queries about Graduate Programs and Certificates, including its public services, requirements, processes, contacts, dates, policies, troubleshooting, and relevant external sources.",Graduate Programs and Certificates | McNeese graduate programs | graduate certificates,https://www.mcneese.edu/academics/graduate-programs-2/,official McNeese first; authoritative government/partner sources second; verified external discovery when the intent requires it,"Return typed fields, source URL, publication/update date when available, and verification timestamp. Label external options separately from official McNeese information.",low,2026-08-03
CAT-102,Graduate Programs and Certificates,Academics and Curriculum,CAT-102-S06,research centers and facilities,college_school,"Queries about Graduate Programs and Certificates, including its public services, requirements, processes, contacts, dates, policies, troubleshooting, and relevant external sources.",Graduate Programs and Certificates | McNeese graduate programs | graduate certificates,https://www.mcneese.edu/academics/graduate-programs-2/,official McNeese first; authoritative government/partner sources second; verified external discovery when the intent requires it,"Return typed fields, source URL, publication/update date when available, and verification timestamp. Label external options separately from official McNeese information.",low,2026-08-03
CAT-102,Graduate Programs and Certificates,Academics and Curriculum,CAT-102-S07,accreditation outcomes and disclosures,college_school,"Queries about Graduate Programs and Certificates, including its public services, requirements, processes, contacts, dates, policies, troubleshooting, and relevant external sources.",Graduate Programs and Certificates | McNeese graduate programs | graduate certificates,https://www.mcneese.edu/academics/graduate-programs-2/,official McNeese first; authoritative government/partner sources second; verified external discovery when the intent requires it,"Return typed fields, source URL, publication/update date when available, and verification timestamp. Label external options separately from official McNeese information.",low,2026-08-03
CAT-102,Graduate Programs and Certificates,Academics and Curriculum,CAT-102-S08,scholarships events and student opportunities,college_school,"Queries about Graduate Programs and Certificates, including its public services, requirements, processes, contacts, dates, policies, troubleshooting, and relevant external sources.",Graduate Programs and Certificates | McNeese graduate programs | graduate certificates,https://www.mcneese.edu/academics/graduate-programs-2/,official McNeese first; authoritative government/partner sources second; verified external discovery when the intent requires it,"Return typed fields, source URL, publication/update date when available, and verification timestamp. Label external options separately from official McNeese information.",low,2026-08-03
CAT-103,"Tuition, Fees, and Estimated Costs",Business and Finance,CAT-103-S01,eligibility and applicant types,admissions_finance,"Queries about Tuition, Fees, and Estimated Costs, including its public services, requirements, processes, contacts, dates, policies, troubleshooting, and relevant external sources.","Tuition, Fees, and Estimated Costs | McNeese tuition | cost of attendance McNeese",https://www.mcneese.edu/admissions/estimated-costs/,official McNeese first; authoritative government/partner sources second; verified external discovery when the intent requires it,"Return typed fields, source URL, publication/update date when available, and verification timestamp. Label external options separately from official McNeese information.",medium,2026-08-03
CAT-103,"Tuition, Fees, and Estimated Costs",Business and Finance,CAT-103-S02,requirements documents and test scores,admissions_finance,"Queries about Tuition, Fees, and Estimated Costs, including its public services, requirements, processes, contacts, dates, policies, troubleshooting, and relevant external sources.","Tuition, Fees, and Estimated Costs | McNeese tuition | cost of attendance McNeese",https://www.mcneese.edu/admissions/estimated-costs/,official McNeese first; authoritative government/partner sources second; verified external discovery when the intent requires it,"Return typed fields, source URL, publication/update date when available, and verification timestamp. Label external options separately from official McNeese information.",medium,2026-08-03
CAT-103,"Tuition, Fees, and Estimated Costs",Business and Finance,CAT-103-S03,application steps forms and status,admissions_finance,"Queries about Tuition, Fees, and Estimated Costs, including its public services, requirements, processes, contacts, dates, policies, troubleshooting, and relevant external sources.","Tuition, Fees, and Estimated Costs | McNeese tuition | cost of attendance McNeese",https://www.mcneese.edu/admissions/estimated-costs/,official McNeese first; authoritative government/partner sources second; verified external discovery when the intent requires it,"Return typed fields, source URL, publication/update date when available, and verification timestamp. Label external options separately from official McNeese information.",medium,2026-08-03
CAT-103,"Tuition, Fees, and Estimated Costs",Business and Finance,CAT-103-S04,deadlines dates and processing times,admissions_finance,"Queries about Tuition, Fees, and Estimated Costs, including its public services, requirements, processes, contacts, dates, policies, troubleshooting, and relevant external sources.","Tuition, Fees, and Estimated Costs | McNeese tuition | cost of attendance McNeese",https://www.mcneese.edu/admissions/estimated-costs/,official McNeese first; authoritative government/partner sources second; verified external discovery when the intent requires it,"Return typed fields, source URL, publication/update date when available, and verification timestamp. Label external options separately from official McNeese information.",medium,2026-08-03
CAT-103,"Tuition, Fees, and Estimated Costs",Business and Finance,CAT-103-S05,tuition fees costs and refunds,admissions_finance,"Queries about Tuition, Fees, and Estimated Costs, including its public services, requirements, processes, contacts, dates, policies, troubleshooting, and relevant external sources.","Tuition, Fees, and Estimated Costs | McNeese tuition | cost of attendance McNeese",https://www.mcneese.edu/admissions/estimated-costs/,official McNeese first; authoritative government/partner sources second; verified external discovery when the intent requires it,"Return typed fields, source URL, publication/update date when available, and verification timestamp. Label external options separately from official McNeese information.",medium,2026-08-03
CAT-103,"Tuition, Fees, and Estimated Costs",Business and Finance,CAT-103-S06,aid scholarships waivers and payment options,admissions_finance,"Queries about Tuition, Fees, and Estimated Costs, including its public services, requirements, processes, contacts, dates, policies, troubleshooting, and relevant external sources.","Tuition, Fees, and Estimated Costs | McNeese tuition | cost of attendance McNeese",https://www.mcneese.edu/admissions/estimated-costs/,official McNeese first; authoritative government/partner sources second; verified external discovery when the intent requires it,"Return typed fields, source URL, publication/update date when available, and verification timestamp. Label external options separately from official McNeese information.",medium,2026-08-03
CAT-103,"Tuition, Fees, and Estimated Costs",Business and Finance,CAT-103-S07,holds appeals exceptions and special circumstances,admissions_finance,"Queries about Tuition, Fees, and Estimated Costs, including its public services, requirements, processes, contacts, dates, policies, troubleshooting, and relevant external sources.","Tuition, Fees, and Estimated Costs | McNeese tuition | cost of attendance McNeese",https://www.mcneese.edu/admissions/estimated-costs/,official McNeese first; authoritative government/partner sources second; verified external discovery when the intent requires it,"Return typed fields, source URL, publication/update date when available, and verification timestamp. Label external options separately from official McNeese information.",medium,2026-08-03
CAT-103,"Tuition, Fees, and Estimated Costs",Business and Finance,CAT-103-S08,contacts official sources and external authorities,admissions_finance,"Queries about Tuition, Fees, and Estimated Costs, including its public services, requirements, processes, contacts, dates, policies, troubleshooting, and relevant external sources.","Tuition, Fees, and Estimated Costs | McNeese tuition | cost of attendance McNeese",https://www.mcneese.edu/admissions/estimated-costs/,official McNeese first; authoritative government/partner sources second; verified external discovery when the intent requires it,"Return typed fields, source URL, publication/update date when available, and verification timestamp. Label external options separately from official McNeese information.",medium,2026-08-03
CAT-104,"Transcripts, Degree Audit, and Academic Records",Academic Records and Graduation,CAT-104-S01,access login and authentication,academic_system,"Queries about Transcripts, Degree Audit, and Academic Records, including its public services, requirements, processes, contacts, dates, policies, troubleshooting, and relevant external sources.","Transcripts, Degree Audit, and Academic Records | McNeese transcript | DegreeWorks McNeese",https://www.mcneese.edu/a-to-z/,official McNeese first; authoritative government/partner sources second; verified external discovery when the intent requires it,"Return typed fields, source URL, publication/update date when available, and verification timestamp. Label external options separately from official McNeese information.",medium,2026-08-03
CAT-104,"Transcripts, Degree Audit, and Academic Records",Academic Records and Graduation,CAT-104-S02,search browse and navigation,academic_system,"Queries about Transcripts, Degree Audit, and Academic Records, including its public services, requirements, processes, contacts, dates, policies, troubleshooting, and relevant external sources.","Transcripts, Degree Audit, and Academic Records | McNeese transcript | DegreeWorks McNeese",https://www.mcneese.edu/a-to-z/,official McNeese first; authoritative government/partner sources second; verified external discovery when the intent requires it,"Return typed fields, source URL, publication/update date when available, and verification timestamp. Label external options separately from official McNeese information.",medium,2026-08-03
CAT-104,"Transcripts, Degree Audit, and Academic Records",Academic Records and Graduation,CAT-104-S03,dates deadlines and term availability,academic_system,"Queries about Transcripts, Degree Audit, and Academic Records, including its public services, requirements, processes, contacts, dates, policies, troubleshooting, and relevant external sources.","Transcripts, Degree Audit, and Academic Records | McNeese transcript | DegreeWorks McNeese",https://www.mcneese.edu/a-to-z/,official McNeese first; authoritative government/partner sources second; verified external discovery when the intent requires it,"Return typed fields, source URL, publication/update date when available, and verification timestamp. Label external options separately from official McNeese information.",medium,2026-08-03
CAT-104,"Transcripts, Degree Audit, and Academic Records",Academic Records and Graduation,CAT-104-S04,requirements restrictions and holds,academic_system,"Queries about Transcripts, Degree Audit, and Academic Records, including its public services, requirements, processes, contacts, dates, policies, troubleshooting, and relevant external sources.","Transcripts, Degree Audit, and Academic Records | McNeese transcript | DegreeWorks McNeese",https://www.mcneese.edu/a-to-z/,official McNeese first; authoritative government/partner sources second; verified external discovery when the intent requires it,"Return typed fields, source URL, publication/update date when available, and verification timestamp. Label external options separately from official McNeese information.",medium,2026-08-03
CAT-104,"Transcripts, Degree Audit, and Academic Records",Academic Records and Graduation,CAT-104-S05,records forms exports and confirmations,academic_system,"Queries about Transcripts, Degree Audit, and Academic Records, including its public services, requirements, processes, contacts, dates, policies, troubleshooting, and relevant external sources.","Transcripts, Degree Audit, and Academic Records | McNeese transcript | DegreeWorks McNeese",https://www.mcneese.edu/a-to-z/,official McNeese first; authoritative government/partner sources second; verified external discovery when the intent requires it,"Return typed fields, source URL, publication/update date when available, and verification timestamp. Label external options separately from official McNeese information.",medium,2026-08-03
CAT-104,"Transcripts, Degree Audit, and Academic Records",Academic Records and Graduation,CAT-104-S06,errors troubleshooting and support,academic_system,"Queries about Transcripts, Degree Audit, and Academic Records, including its public services, requirements, processes, contacts, dates, policies, troubleshooting, and relevant external sources.","Transcripts, Degree Audit, and Academic Records | McNeese transcript | DegreeWorks McNeese",https://www.mcneese.edu/a-to-z/,official McNeese first; authoritative government/partner sources second; verified external discovery when the intent requires it,"Return typed fields, source URL, publication/update date when available, and verification timestamp. Label external options separately from official McNeese information.",medium,2026-08-03
CAT-104,"Transcripts, Degree Audit, and Academic Records",Academic Records and Graduation,CAT-104-S07,data fields status meanings and interpretation,academic_system,"Queries about Transcripts, Degree Audit, and Academic Records, including its public services, requirements, processes, contacts, dates, policies, troubleshooting, and relevant external sources.","Transcripts, Degree Audit, and Academic Records | McNeese transcript | DegreeWorks McNeese",https://www.mcneese.edu/a-to-z/,official McNeese first; authoritative government/partner sources second; verified external discovery when the intent requires it,"Return typed fields, source URL, publication/update date when available, and verification timestamp. Label external options separately from official McNeese information.",medium,2026-08-03
CAT-104,"Transcripts, Degree Audit, and Academic Records",Academic Records and Graduation,CAT-104-S08,privacy security and authorized access,academic_system,"Queries about Transcripts, Degree Audit, and Academic Records, including its public services, requirements, processes, contacts, dates, policies, troubleshooting, and relevant external sources.","Transcripts, Degree Audit, and Academic Records | McNeese transcript | DegreeWorks McNeese",https://www.mcneese.edu/a-to-z/,official McNeese first; authoritative government/partner sources second; verified external discovery when the intent requires it,"Return typed fields, source URL, publication/update date when available, and verification timestamp. Label external options separately from official McNeese information.",medium,2026-08-03
CAT-105,"Registration, Add Drop, Withdrawal, and Resignation",Academic Records and Graduation,CAT-105-S01,access login and authentication,academic_system,"Queries about Registration, Add Drop, Withdrawal, and Resignation, including its public services, requirements, processes, contacts, dates, policies, troubleshooting, and relevant external sources.","Registration, Add Drop, Withdrawal, and Resignation | McNeese registration | add drop McNeese",https://www.mcneese.edu/a-to-z/,official McNeese first; authoritative government/partner sources second; verified external discovery when the intent requires it,"Return typed fields, source URL, publication/update date when available, and verification timestamp. Label external options separately from official McNeese information.",medium,2026-08-03
CAT-105,"Registration, Add Drop, Withdrawal, and Resignation",Academic Records and Graduation,CAT-105-S02,search browse and navigation,academic_system,"Queries about Registration, Add Drop, Withdrawal, and Resignation, including its public services, requirements, processes, contacts, dates, policies, troubleshooting, and relevant external sources.","Registration, Add Drop, Withdrawal, and Resignation | McNeese registration | add drop McNeese",https://www.mcneese.edu/a-to-z/,official McNeese first; authoritative government/partner sources second; verified external discovery when the intent requires it,"Return typed fields, source URL, publication/update date when available, and verification timestamp. Label external options separately from official McNeese information.",medium,2026-08-03
CAT-105,"Registration, Add Drop, Withdrawal, and Resignation",Academic Records and Graduation,CAT-105-S03,dates deadlines and term availability,academic_system,"Queries about Registration, Add Drop, Withdrawal, and Resignation, including its public services, requirements, processes, contacts, dates, policies, troubleshooting, and relevant external sources.","Registration, Add Drop, Withdrawal, and Resignation | McNeese registration | add drop McNeese",https://www.mcneese.edu/a-to-z/,official McNeese first; authoritative government/partner sources second; verified external discovery when the intent requires it,"Return typed fields, source URL, publication/update date when available, and verification timestamp. Label external options separately from official McNeese information.",medium,2026-08-03
CAT-105,"Registration, Add Drop, Withdrawal, and Resignation",Academic Records and Graduation,CAT-105-S04,requirements restrictions and holds,academic_system,"Queries about Registration, Add Drop, Withdrawal, and Resignation, including its public services, requirements, processes, contacts, dates, policies, troubleshooting, and relevant external sources.","Registration, Add Drop, Withdrawal, and Resignation | McNeese registration | add drop McNeese",https://www.mcneese.edu/a-to-z/,official McNeese first; authoritative government/partner sources second; verified external discovery when the intent requires it,"Return typed fields, source URL, publication/update date when available, and verification timestamp. Label external options separately from official McNeese information.",medium,2026-08-03
CAT-105,"Registration, Add Drop, Withdrawal, and Resignation",Academic Records and Graduation,CAT-105-S05,records forms exports and confirmations,academic_system,"Queries about Registration, Add Drop, Withdrawal, and Resignation, including its public services, requirements, processes, contacts, dates, policies, troubleshooting, and relevant external sources.","Registration, Add Drop, Withdrawal, and Resignation | McNeese registration | add drop McNeese",https://www.mcneese.edu/a-to-z/,official McNeese first; authoritative government/partner sources second; verified external discovery when the intent requires it,"Return typed fields, source URL, publication/update date when available, and verification timestamp. Label external options separately from official McNeese information.",medium,2026-08-03
CAT-105,"Registration, Add Drop, Withdrawal, and Resignation",Academic Records and Graduation,CAT-105-S06,errors troubleshooting and support,academic_system,"Queries about Registration, Add Drop, Withdrawal, and Resignation, including its public services, requirements, processes, contacts, dates, policies, troubleshooting, and relevant external sources.","Registration, Add Drop, Withdrawal, and Resignation | McNeese registration | add drop McNeese",https://www.mcneese.edu/a-to-z/,official McNeese first; authoritative government/partner sources second; verified external discovery when the intent requires it,"Return typed fields, source URL, publication/update date when available, and verification timestamp. Label external options separately from official McNeese information.",medium,2026-08-03
CAT-105,"Registration, Add Drop, Withdrawal, and Resignation",Academic Records and Graduation,CAT-105-S07,data fields status meanings and interpretation,academic_system,"Queries about Registration, Add Drop, Withdrawal, and Resignation, including its public services, requirements, processes, contacts, dates, policies, troubleshooting, and relevant external sources.","Registration, Add Drop, Withdrawal, and Resignation | McNeese registration | add drop McNeese",https://www.mcneese.edu/a-to-z/,official McNeese first; authoritative government/partner sources second; verified external discovery when the intent requires it,"Return typed fields, source URL, publication/update date when available, and verification timestamp. Label external options separately from official McNeese information.",medium,2026-08-03
CAT-105,"Registration, Add Drop, Withdrawal, and Resignation",Academic Records and Graduation,CAT-105-S08,privacy security and authorized access,academic_system,"Queries about Registration, Add Drop, Withdrawal, and Resignation, including its public services, requirements, processes, contacts, dates, policies, troubleshooting, and relevant external sources.","Registration, Add Drop, Withdrawal, and Resignation | McNeese registration | add drop McNeese",https://www.mcneese.edu/a-to-z/,official McNeese first; authoritative government/partner sources second; verified external discovery when the intent requires it,"Return typed fields, source URL, publication/update date when available, and verification timestamp. Label external options separately from official McNeese information.",medium,2026-08-03
CAT-106,International Admissions and Immigration,International Students,CAT-106-S01,official rules eligibility and definitions,high_stakes_official,"Queries about International Admissions and Immigration, including its public services, requirements, processes, contacts, dates, policies, troubleshooting, and relevant external sources.",International Admissions and Immigration | McNeese international admissions | F-1 McNeese,https://www.mcneese.edu/admissions/international/,official McNeese first; authoritative government/partner sources second; verified external discovery when the intent requires it,"Return typed fields, source URL, publication/update date when available, and verification timestamp. Label external options separately from official McNeese information.",high,2026-08-03
CAT-106,International Admissions and Immigration,International Students,CAT-106-S02,required documents forms and evidence,high_stakes_official,"Queries about International Admissions and Immigration, including its public services, requirements, processes, contacts, dates, policies, troubleshooting, and relevant external sources.",International Admissions and Immigration | McNeese international admissions | F-1 McNeese,https://www.mcneese.edu/admissions/international/,official McNeese first; authoritative government/partner sources second; verified external discovery when the intent requires it,"Return typed fields, source URL, publication/update date when available, and verification timestamp. Label external options separately from official McNeese information.",high,2026-08-03
CAT-106,International Admissions and Immigration,International Students,CAT-106-S03,deadlines status and processing times,high_stakes_official,"Queries about International Admissions and Immigration, including its public services, requirements, processes, contacts, dates, policies, troubleshooting, and relevant external sources.",International Admissions and Immigration | McNeese international admissions | F-1 McNeese,https://www.mcneese.edu/admissions/international/,official McNeese first; authoritative government/partner sources second; verified external discovery when the intent requires it,"Return typed fields, source URL, publication/update date when available, and verification timestamp. Label external options separately from official McNeese information.",high,2026-08-03
CAT-106,International Admissions and Immigration,International Students,CAT-106-S04,authorized contacts appointments and escalation,high_stakes_official,"Queries about International Admissions and Immigration, including its public services, requirements, processes, contacts, dates, policies, troubleshooting, and relevant external sources.",International Admissions and Immigration | McNeese international admissions | F-1 McNeese,https://www.mcneese.edu/admissions/international/,official McNeese first; authoritative government/partner sources second; verified external discovery when the intent requires it,"Return typed fields, source URL, publication/update date when available, and verification timestamp. Label external options separately from official McNeese information.",high,2026-08-03
CAT-106,International Admissions and Immigration,International Students,CAT-106-S05,appeals exceptions complaints and due process,high_stakes_official,"Queries about International Admissions and Immigration, including its public services, requirements, processes, contacts, dates, policies, troubleshooting, and relevant external sources.",International Admissions and Immigration | McNeese international admissions | F-1 McNeese,https://www.mcneese.edu/admissions/international/,official McNeese first; authoritative government/partner sources second; verified external discovery when the intent requires it,"Return typed fields, source URL, publication/update date when available, and verification timestamp. Label external options separately from official McNeese information.",high,2026-08-03
CAT-106,International Admissions and Immigration,International Students,CAT-106-S06,privacy confidentiality and records,high_stakes_official,"Queries about International Admissions and Immigration, including its public services, requirements, processes, contacts, dates, policies, troubleshooting, and relevant external sources.",International Admissions and Immigration | McNeese international admissions | F-1 McNeese,https://www.mcneese.edu/admissions/international/,official McNeese first; authoritative government/partner sources second; verified external discovery when the intent requires it,"Return typed fields, source URL, publication/update date when available, and verification timestamp. Label external options separately from official McNeese information.",high,2026-08-03
CAT-106,International Admissions and Immigration,International Students,CAT-106-S07,emergency or time sensitive assistance,high_stakes_official,"Queries about International Admissions and Immigration, including its public services, requirements, processes, contacts, dates, policies, troubleshooting, and relevant external sources.",International Admissions and Immigration | McNeese international admissions | F-1 McNeese,https://www.mcneese.edu/admissions/international/,official McNeese first; authoritative government/partner sources second; verified external discovery when the intent requires it,"Return typed fields, source URL, publication/update date when available, and verification timestamp. Label external options separately from official McNeese information.",high,2026-08-03
CAT-106,International Admissions and Immigration,International Students,CAT-106-S08,federal state and university authoritative sources,high_stakes_official,"Queries about International Admissions and Immigration, including its public services, requirements, processes, contacts, dates, policies, troubleshooting, and relevant external sources.",International Admissions and Immigration | McNeese international admissions | F-1 McNeese,https://www.mcneese.edu/admissions/international/,official McNeese first; authoritative government/partner sources second; verified external discovery when the intent requires it,"Return typed fields, source URL, publication/update date when available, and verification timestamp. Label external options separately from official McNeese information.",high,2026-08-03
CAT-107,"Title IX, Sexual Misconduct, and Equal Opportunity","Safety, Rights, and Compliance",CAT-107-S01,official rules eligibility and definitions,high_stakes_official,"Queries about Title IX, Sexual Misconduct, and Equal Opportunity, including its public services, requirements, processes, contacts, dates, policies, troubleshooting, and relevant external sources.","Title IX, Sexual Misconduct, and Equal Opportunity | McNeese Title IX | sexual misconduct reporting",https://www.mcneese.edu/a-to-z/,official McNeese first; authoritative government/partner sources second; verified external discovery when the intent requires it,"Return typed fields, source URL, publication/update date when available, and verification timestamp. Label external options separately from official McNeese information.",high,2026-08-03
CAT-107,"Title IX, Sexual Misconduct, and Equal Opportunity","Safety, Rights, and Compliance",CAT-107-S02,required documents forms and evidence,high_stakes_official,"Queries about Title IX, Sexual Misconduct, and Equal Opportunity, including its public services, requirements, processes, contacts, dates, policies, troubleshooting, and relevant external sources.","Title IX, Sexual Misconduct, and Equal Opportunity | McNeese Title IX | sexual misconduct reporting",https://www.mcneese.edu/a-to-z/,official McNeese first; authoritative government/partner sources second; verified external discovery when the intent requires it,"Return typed fields, source URL, publication/update date when available, and verification timestamp. Label external options separately from official McNeese information.",high,2026-08-03
CAT-107,"Title IX, Sexual Misconduct, and Equal Opportunity","Safety, Rights, and Compliance",CAT-107-S03,deadlines status and processing times,high_stakes_official,"Queries about Title IX, Sexual Misconduct, and Equal Opportunity, including its public services, requirements, processes, contacts, dates, policies, troubleshooting, and relevant external sources.","Title IX, Sexual Misconduct, and Equal Opportunity | McNeese Title IX | sexual misconduct reporting",https://www.mcneese.edu/a-to-z/,official McNeese first; authoritative government/partner sources second; verified external discovery when the intent requires it,"Return typed fields, source URL, publication/update date when available, and verification timestamp. Label external options separately from official McNeese information.",high,2026-08-03
CAT-107,"Title IX, Sexual Misconduct, and Equal Opportunity","Safety, Rights, and Compliance",CAT-107-S04,authorized contacts appointments and escalation,high_stakes_official,"Queries about Title IX, Sexual Misconduct, and Equal Opportunity, including its public services, requirements, processes, contacts, dates, policies, troubleshooting, and relevant external sources.","Title IX, Sexual Misconduct, and Equal Opportunity | McNeese Title IX | sexual misconduct reporting",https://www.mcneese.edu/a-to-z/,official McNeese first; authoritative government/partner sources second; verified external discovery when the intent requires it,"Return typed fields, source URL, publication/update date when available, and verification timestamp. Label external options separately from official McNeese information.",high,2026-08-03
CAT-107,"Title IX, Sexual Misconduct, and Equal Opportunity","Safety, Rights, and Compliance",CAT-107-S05,appeals exceptions complaints and due process,high_stakes_official,"Queries about Title IX, Sexual Misconduct, and Equal Opportunity, including its public services, requirements, processes, contacts, dates, policies, troubleshooting, and relevant external sources.","Title IX, Sexual Misconduct, and Equal Opportunity | McNeese Title IX | sexual misconduct reporting",https://www.mcneese.edu/a-to-z/,official McNeese first; authoritative government/partner sources second; verified external discovery when the intent requires it,"Return typed fields, source URL, publication/update date when available, and verification timestamp. Label external options separately from official McNeese information.",high,2026-08-03
CAT-107,"Title IX, Sexual Misconduct, and Equal Opportunity","Safety, Rights, and Compliance",CAT-107-S06,privacy confidentiality and records,high_stakes_official,"Queries about Title IX, Sexual Misconduct, and Equal Opportunity, including its public services, requirements, processes, contacts, dates, policies, troubleshooting, and relevant external sources.","Title IX, Sexual Misconduct, and Equal Opportunity | McNeese Title IX | sexual misconduct reporting",https://www.mcneese.edu/a-to-z/,official McNeese first; authoritative government/partner sources second; verified external discovery when the intent requires it,"Return typed fields, source URL, publication/update date when available, and verification timestamp. Label external options separately from official McNeese information.",high,2026-08-03
CAT-107,"Title IX, Sexual Misconduct, and Equal Opportunity","Safety, Rights, and Compliance",CAT-107-S07,emergency or time sensitive assistance,high_stakes_official,"Queries about Title IX, Sexual Misconduct, and Equal Opportunity, including its public services, requirements, processes, contacts, dates, policies, troubleshooting, and relevant external sources.","Title IX, Sexual Misconduct, and Equal Opportunity | McNeese Title IX | sexual misconduct reporting",https://www.mcneese.edu/a-to-z/,official McNeese first; authoritative government/partner sources second; verified external discovery when the intent requires it,"Return typed fields, source URL, publication/update date when available, and verification timestamp. Label external options separately from official McNeese information.",high,2026-08-03
CAT-107,"Title IX, Sexual Misconduct, and Equal Opportunity","Safety, Rights, and Compliance",CAT-107-S08,federal state and university authoritative sources,high_stakes_official,"Queries about Title IX, Sexual Misconduct, and Equal Opportunity, including its public services, requirements, processes, contacts, dates, policies, troubleshooting, and relevant external sources.","Title IX, Sexual Misconduct, and Equal Opportunity | McNeese Title IX | sexual misconduct reporting",https://www.mcneese.edu/a-to-z/,official McNeese first; authoritative government/partner sources second; verified external discovery when the intent requires it,"Return typed fields, source URL, publication/update date when available, and verification timestamp. Label external options separately from official McNeese information.",high,2026-08-03
CAT-108,"Emergency Status, Closures, and Weather","Safety, Rights, and Compliance",CAT-108-S01,emergency contacts and immediate assistance,safety_compliance,"Queries about Emergency Status, Closures, and Weather, including its public services, requirements, processes, contacts, dates, policies, troubleshooting, and relevant external sources.","Emergency Status, Closures, and Weather | McNeese emergency status | campus closure",https://www.mcneese.edu/,official McNeese first; authoritative government/partner sources second; verified external discovery when the intent requires it,"Return typed fields, source URL, publication/update date when available, and verification timestamp. Label external options separately from official McNeese information.",high,2026-08-03
CAT-108,"Emergency Status, Closures, and Weather","Safety, Rights, and Compliance",CAT-108-S02,reporting incidents concerns and crimes,safety_compliance,"Queries about Emergency Status, Closures, and Weather, including its public services, requirements, processes, contacts, dates, policies, troubleshooting, and relevant external sources.","Emergency Status, Closures, and Weather | McNeese emergency status | campus closure",https://www.mcneese.edu/,official McNeese first; authoritative government/partner sources second; verified external discovery when the intent requires it,"Return typed fields, source URL, publication/update date when available, and verification timestamp. Label external options separately from official McNeese information.",high,2026-08-03
CAT-108,"Emergency Status, Closures, and Weather","Safety, Rights, and Compliance",CAT-108-S03,policies rights and responsibilities,safety_compliance,"Queries about Emergency Status, Closures, and Weather, including its public services, requirements, processes, contacts, dates, policies, troubleshooting, and relevant external sources.","Emergency Status, Closures, and Weather | McNeese emergency status | campus closure",https://www.mcneese.edu/,official McNeese first; authoritative government/partner sources second; verified external discovery when the intent requires it,"Return typed fields, source URL, publication/update date when available, and verification timestamp. Label external options separately from official McNeese information.",high,2026-08-03
CAT-108,"Emergency Status, Closures, and Weather","Safety, Rights, and Compliance",CAT-108-S04,prevention training and safety resources,safety_compliance,"Queries about Emergency Status, Closures, and Weather, including its public services, requirements, processes, contacts, dates, policies, troubleshooting, and relevant external sources.","Emergency Status, Closures, and Weather | McNeese emergency status | campus closure",https://www.mcneese.edu/,official McNeese first; authoritative government/partner sources second; verified external discovery when the intent requires it,"Return typed fields, source URL, publication/update date when available, and verification timestamp. Label external options separately from official McNeese information.",high,2026-08-03
CAT-108,"Emergency Status, Closures, and Weather","Safety, Rights, and Compliance",CAT-108-S05,office location contacts and hours,safety_compliance,"Queries about Emergency Status, Closures, and Weather, including its public services, requirements, processes, contacts, dates, policies, troubleshooting, and relevant external sources.","Emergency Status, Closures, and Weather | McNeese emergency status | campus closure",https://www.mcneese.edu/,official McNeese first; authoritative government/partner sources second; verified external discovery when the intent requires it,"Return typed fields, source URL, publication/update date when available, and verification timestamp. Label external options separately from official McNeese information.",high,2026-08-03
CAT-108,"Emergency Status, Closures, and Weather","Safety, Rights, and Compliance",CAT-108-S06,alerts closures and current status,safety_compliance,"Queries about Emergency Status, Closures, and Weather, including its public services, requirements, processes, contacts, dates, policies, troubleshooting, and relevant external sources.","Emergency Status, Closures, and Weather | McNeese emergency status | campus closure",https://www.mcneese.edu/,official McNeese first; authoritative government/partner sources second; verified external discovery when the intent requires it,"Return typed fields, source URL, publication/update date when available, and verification timestamp. Label external options separately from official McNeese information.",high,2026-08-03
CAT-108,"Emergency Status, Closures, and Weather","Safety, Rights, and Compliance",CAT-108-S07,complaints investigations appeals and records,safety_compliance,"Queries about Emergency Status, Closures, and Weather, including its public services, requirements, processes, contacts, dates, policies, troubleshooting, and relevant external sources.","Emergency Status, Closures, and Weather | McNeese emergency status | campus closure",https://www.mcneese.edu/,official McNeese first; authoritative government/partner sources second; verified external discovery when the intent requires it,"Return typed fields, source URL, publication/update date when available, and verification timestamp. Label external options separately from official McNeese information.",high,2026-08-03
CAT-108,"Emergency Status, Closures, and Weather","Safety, Rights, and Compliance",CAT-108-S08,external police emergency and regulatory agencies,safety_compliance,"Queries about Emergency Status, Closures, and Weather, including its public services, requirements, processes, contacts, dates, policies, troubleshooting, and relevant external sources.","Emergency Status, Closures, and Weather | McNeese emergency status | campus closure",https://www.mcneese.edu/,official McNeese first; authoritative government/partner sources second; verified external discovery when the intent requires it,"Return typed fields, source URL, publication/update date when available, and verification timestamp. Label external options separately from official McNeese information.",high,2026-08-03
CAT-109,University Policies and Consumer Disclosures,Administration and Governance,CAT-109-S01,mission leadership and organization,administrative_office,"Queries about University Policies and Consumer Disclosures, including its public services, requirements, processes, contacts, dates, policies, troubleshooting, and relevant external sources.",University Policies and Consumer Disclosures | McNeese policies | consumer information McNeese,https://www.mcneese.edu/policy/,official McNeese first; authoritative government/partner sources second; verified external discovery when the intent requires it,"Return typed fields, source URL, publication/update date when available, and verification timestamp. Label external options separately from official McNeese information.",low,2026-08-03
CAT-109,University Policies and Consumer Disclosures,Administration and Governance,CAT-109-S02,services responsibilities and procedures,administrative_office,"Queries about University Policies and Consumer Disclosures, including its public services, requirements, processes, contacts, dates, policies, troubleshooting, and relevant external sources.",University Policies and Consumer Disclosures | McNeese policies | consumer information McNeese,https://www.mcneese.edu/policy/,official McNeese first; authoritative government/partner sources second; verified external discovery when the intent requires it,"Return typed fields, source URL, publication/update date when available, and verification timestamp. Label external options separately from official McNeese information.",low,2026-08-03
CAT-109,University Policies and Consumer Disclosures,Administration and Governance,CAT-109-S03,forms templates and required documents,administrative_office,"Queries about University Policies and Consumer Disclosures, including its public services, requirements, processes, contacts, dates, policies, troubleshooting, and relevant external sources.",University Policies and Consumer Disclosures | McNeese policies | consumer information McNeese,https://www.mcneese.edu/policy/,official McNeese first; authoritative government/partner sources second; verified external discovery when the intent requires it,"Return typed fields, source URL, publication/update date when available, and verification timestamp. Label external options separately from official McNeese information.",low,2026-08-03
CAT-109,University Policies and Consumer Disclosures,Administration and Governance,CAT-109-S04,policies standards and compliance,administrative_office,"Queries about University Policies and Consumer Disclosures, including its public services, requirements, processes, contacts, dates, policies, troubleshooting, and relevant external sources.",University Policies and Consumer Disclosures | McNeese policies | consumer information McNeese,https://www.mcneese.edu/policy/,official McNeese first; authoritative government/partner sources second; verified external discovery when the intent requires it,"Return typed fields, source URL, publication/update date when available, and verification timestamp. Label external options separately from official McNeese information.",low,2026-08-03
CAT-109,University Policies and Consumer Disclosures,Administration and Governance,CAT-109-S05,contacts location and office hours,administrative_office,"Queries about University Policies and Consumer Disclosures, including its public services, requirements, processes, contacts, dates, policies, troubleshooting, and relevant external sources.",University Policies and Consumer Disclosures | McNeese policies | consumer information McNeese,https://www.mcneese.edu/policy/,official McNeese first; authoritative government/partner sources second; verified external discovery when the intent requires it,"Return typed fields, source URL, publication/update date when available, and verification timestamp. Label external options separately from official McNeese information.",low,2026-08-03
CAT-109,University Policies and Consumer Disclosures,Administration and Governance,CAT-109-S06,deadlines calendars and processing times,administrative_office,"Queries about University Policies and Consumer Disclosures, including its public services, requirements, processes, contacts, dates, policies, troubleshooting, and relevant external sources.",University Policies and Consumer Disclosures | McNeese policies | consumer information McNeese,https://www.mcneese.edu/policy/,official McNeese first; authoritative government/partner sources second; verified external discovery when the intent requires it,"Return typed fields, source URL, publication/update date when available, and verification timestamp. Label external options separately from official McNeese information.",low,2026-08-03
CAT-109,University Policies and Consumer Disclosures,Administration and Governance,CAT-109-S07,reports data and public records,administrative_office,"Queries about University Policies and Consumer Disclosures, including its public services, requirements, processes, contacts, dates, policies, troubleshooting, and relevant external sources.",University Policies and Consumer Disclosures | McNeese policies | consumer information McNeese,https://www.mcneese.edu/policy/,official McNeese first; authoritative government/partner sources second; verified external discovery when the intent requires it,"Return typed fields, source URL, publication/update date when available, and verification timestamp. Label external options separately from official McNeese information.",low,2026-08-03
CAT-109,University Policies and Consumer Disclosures,Administration and Governance,CAT-109-S08,problems appeals complaints and escalation,administrative_office,"Queries about University Policies and Consumer Disclosures, including its public services, requirements, processes, contacts, dates, policies, troubleshooting, and relevant external sources.",University Policies and Consumer Disclosures | McNeese policies | consumer information McNeese,https://www.mcneese.edu/policy/,official McNeese first; authoritative government/partner sources second; verified external discovery when the intent requires it,"Return typed fields, source URL, publication/update date when available, and verification timestamp. Label external options separately from official McNeese information.",low,2026-08-03
CAT-110,"Accreditation, Facts, Statistics, and Rankings","Data, Assessment, and Accreditation",CAT-110-S01,mission leadership and organization,administrative_office,"Queries about Accreditation, Facts, Statistics, and Rankings, including its public services, requirements, processes, contacts, dates, policies, troubleshooting, and relevant external sources.","Accreditation, Facts, Statistics, and Rankings | McNeese accreditation | McNeese statistics",https://www.mcneese.edu/,official McNeese first; authoritative government/partner sources second; verified external discovery when the intent requires it,"Return typed fields, source URL, publication/update date when available, and verification timestamp. Label external options separately from official McNeese information.",low,2026-08-03
CAT-110,"Accreditation, Facts, Statistics, and Rankings","Data, Assessment, and Accreditation",CAT-110-S02,services responsibilities and procedures,administrative_office,"Queries about Accreditation, Facts, Statistics, and Rankings, including its public services, requirements, processes, contacts, dates, policies, troubleshooting, and relevant external sources.","Accreditation, Facts, Statistics, and Rankings | McNeese accreditation | McNeese statistics",https://www.mcneese.edu/,official McNeese first; authoritative government/partner sources second; verified external discovery when the intent requires it,"Return typed fields, source URL, publication/update date when available, and verification timestamp. Label external options separately from official McNeese information.",low,2026-08-03
CAT-110,"Accreditation, Facts, Statistics, and Rankings","Data, Assessment, and Accreditation",CAT-110-S03,forms templates and required documents,administrative_office,"Queries about Accreditation, Facts, Statistics, and Rankings, including its public services, requirements, processes, contacts, dates, policies, troubleshooting, and relevant external sources.","Accreditation, Facts, Statistics, and Rankings | McNeese accreditation | McNeese statistics",https://www.mcneese.edu/,official McNeese first; authoritative government/partner sources second; verified external discovery when the intent requires it,"Return typed fields, source URL, publication/update date when available, and verification timestamp. Label external options separately from official McNeese information.",low,2026-08-03
CAT-110,"Accreditation, Facts, Statistics, and Rankings","Data, Assessment, and Accreditation",CAT-110-S04,policies standards and compliance,administrative_office,"Queries about Accreditation, Facts, Statistics, and Rankings, including its public services, requirements, processes, contacts, dates, policies, troubleshooting, and relevant external sources.","Accreditation, Facts, Statistics, and Rankings | McNeese accreditation | McNeese statistics",https://www.mcneese.edu/,official McNeese first; authoritative government/partner sources second; verified external discovery when the intent requires it,"Return typed fields, source URL, publication/update date when available, and verification timestamp. Label external options separately from official McNeese information.",low,2026-08-03
CAT-110,"Accreditation, Facts, Statistics, and Rankings","Data, Assessment, and Accreditation",CAT-110-S05,contacts location and office hours,administrative_office,"Queries about Accreditation, Facts, Statistics, and Rankings, including its public services, requirements, processes, contacts, dates, policies, troubleshooting, and relevant external sources.","Accreditation, Facts, Statistics, and Rankings | McNeese accreditation | McNeese statistics",https://www.mcneese.edu/,official McNeese first; authoritative government/partner sources second; verified external discovery when the intent requires it,"Return typed fields, source URL, publication/update date when available, and verification timestamp. Label external options separately from official McNeese information.",low,2026-08-03
CAT-110,"Accreditation, Facts, Statistics, and Rankings","Data, Assessment, and Accreditation",CAT-110-S06,deadlines calendars and processing times,administrative_office,"Queries about Accreditation, Facts, Statistics, and Rankings, including its public services, requirements, processes, contacts, dates, policies, troubleshooting, and relevant external sources.","Accreditation, Facts, Statistics, and Rankings | McNeese accreditation | McNeese statistics",https://www.mcneese.edu/,official McNeese first; authoritative government/partner sources second; verified external discovery when the intent requires it,"Return typed fields, source URL, publication/update date when available, and verification timestamp. Label external options separately from official McNeese information.",low,2026-08-03
CAT-110,"Accreditation, Facts, Statistics, and Rankings","Data, Assessment, and Accreditation",CAT-110-S07,reports data and public records,administrative_office,"Queries about Accreditation, Facts, Statistics, and Rankings, including its public services, requirements, processes, contacts, dates, policies, troubleshooting, and relevant external sources.","Accreditation, Facts, Statistics, and Rankings | McNeese accreditation | McNeese statistics",https://www.mcneese.edu/,official McNeese first; authoritative government/partner sources second; verified external discovery when the intent requires it,"Return typed fields, source URL, publication/update date when available, and verification timestamp. Label external options separately from official McNeese information.",low,2026-08-03
CAT-110,"Accreditation, Facts, Statistics, and Rankings","Data, Assessment, and Accreditation",CAT-110-S08,problems appeals complaints and escalation,administrative_office,"Queries about Accreditation, Facts, Statistics, and Rankings, including its public services, requirements, processes, contacts, dates, policies, troubleshooting, and relevant external sources.","Accreditation, Facts, Statistics, and Rankings | McNeese accreditation | McNeese statistics",https://www.mcneese.edu/,official McNeese first; authoritative government/partner sources second; verified external discovery when the intent requires it,"Return typed fields, source URL, publication/update date when available, and verification timestamp. Label external options separately from official McNeese information.",low,2026-08-03
CAT-111,Community Partnerships and Economic Development,Advancement and Partnerships,CAT-111-S01,programs services and participation,cultural_community,"Queries about Community Partnerships and Economic Development, including its public services, requirements, processes, contacts, dates, policies, troubleshooting, and relevant external sources.",Community Partnerships and Economic Development | McNeese community partnerships | economic development McNeese,https://www.mcneese.edu/,official McNeese first; authoritative government/partner sources second; verified external discovery when the intent requires it,"Return typed fields, source URL, publication/update date when available, and verification timestamp. Label external options separately from official McNeese information.",low,2026-08-03
CAT-111,Community Partnerships and Economic Development,Advancement and Partnerships,CAT-111-S02,events calendar and announcements,cultural_community,"Queries about Community Partnerships and Economic Development, including its public services, requirements, processes, contacts, dates, policies, troubleshooting, and relevant external sources.",Community Partnerships and Economic Development | McNeese community partnerships | economic development McNeese,https://www.mcneese.edu/,official McNeese first; authoritative government/partner sources second; verified external discovery when the intent requires it,"Return typed fields, source URL, publication/update date when available, and verification timestamp. Label external options separately from official McNeese information.",low,2026-08-03
CAT-111,Community Partnerships and Economic Development,Advancement and Partnerships,CAT-111-S03,registration membership and eligibility,cultural_community,"Queries about Community Partnerships and Economic Development, including its public services, requirements, processes, contacts, dates, policies, troubleshooting, and relevant external sources.",Community Partnerships and Economic Development | McNeese community partnerships | economic development McNeese,https://www.mcneese.edu/,official McNeese first; authoritative government/partner sources second; verified external discovery when the intent requires it,"Return typed fields, source URL, publication/update date when available, and verification timestamp. Label external options separately from official McNeese information.",low,2026-08-03
CAT-111,Community Partnerships and Economic Development,Advancement and Partnerships,CAT-111-S04,tickets prices sponsorships and funding,cultural_community,"Queries about Community Partnerships and Economic Development, including its public services, requirements, processes, contacts, dates, policies, troubleshooting, and relevant external sources.",Community Partnerships and Economic Development | McNeese community partnerships | economic development McNeese,https://www.mcneese.edu/,official McNeese first; authoritative government/partner sources second; verified external discovery when the intent requires it,"Return typed fields, source URL, publication/update date when available, and verification timestamp. Label external options separately from official McNeese information.",low,2026-08-03
CAT-111,Community Partnerships and Economic Development,Advancement and Partnerships,CAT-111-S05,venues directions parking and accessibility,cultural_community,"Queries about Community Partnerships and Economic Development, including its public services, requirements, processes, contacts, dates, policies, troubleshooting, and relevant external sources.",Community Partnerships and Economic Development | McNeese community partnerships | economic development McNeese,https://www.mcneese.edu/,official McNeese first; authoritative government/partner sources second; verified external discovery when the intent requires it,"Return typed fields, source URL, publication/update date when available, and verification timestamp. Label external options separately from official McNeese information.",low,2026-08-03
CAT-111,Community Partnerships and Economic Development,Advancement and Partnerships,CAT-111-S06,contacts organizers and office hours,cultural_community,"Queries about Community Partnerships and Economic Development, including its public services, requirements, processes, contacts, dates, policies, troubleshooting, and relevant external sources.",Community Partnerships and Economic Development | McNeese community partnerships | economic development McNeese,https://www.mcneese.edu/,official McNeese first; authoritative government/partner sources second; verified external discovery when the intent requires it,"Return typed fields, source URL, publication/update date when available, and verification timestamp. Label external options separately from official McNeese information.",low,2026-08-03
CAT-111,Community Partnerships and Economic Development,Advancement and Partnerships,CAT-111-S07,news media and public information,cultural_community,"Queries about Community Partnerships and Economic Development, including its public services, requirements, processes, contacts, dates, policies, troubleshooting, and relevant external sources.",Community Partnerships and Economic Development | McNeese community partnerships | economic development McNeese,https://www.mcneese.edu/,official McNeese first; authoritative government/partner sources second; verified external discovery when the intent requires it,"Return typed fields, source URL, publication/update date when available, and verification timestamp. Label external options separately from official McNeese information.",low,2026-08-03
CAT-111,Community Partnerships and Economic Development,Advancement and Partnerships,CAT-111-S08,community partners and external opportunities,cultural_community,"Queries about Community Partnerships and Economic Development, including its public services, requirements, processes, contacts, dates, policies, troubleshooting, and relevant external sources.",Community Partnerships and Economic Development | McNeese community partnerships | economic development McNeese,https://www.mcneese.edu/,official McNeese first; authoritative government/partner sources second; verified external discovery when the intent requires it,"Return typed fields, source URL, publication/update date when available, and verification timestamp. Label external options separately from official McNeese information.",low,2026-08-03
CAT-112,"News, Announcements, and University Events","Arts, Culture, and Events",CAT-112-S01,programs services and participation,cultural_community,"Queries about News, Announcements, and University Events, including its public services, requirements, processes, contacts, dates, policies, troubleshooting, and relevant external sources.","News, Announcements, and University Events | McNeese news | McNeese events",https://www.mcneese.edu/today/,official McNeese first; authoritative government/partner sources second; verified external discovery when the intent requires it,"Return typed fields, source URL, publication/update date when available, and verification timestamp. Label external options separately from official McNeese information.",low,2026-08-03
CAT-112,"News, Announcements, and University Events","Arts, Culture, and Events",CAT-112-S02,events calendar and announcements,cultural_community,"Queries about News, Announcements, and University Events, including its public services, requirements, processes, contacts, dates, policies, troubleshooting, and relevant external sources.","News, Announcements, and University Events | McNeese news | McNeese events",https://www.mcneese.edu/today/,official McNeese first; authoritative government/partner sources second; verified external discovery when the intent requires it,"Return typed fields, source URL, publication/update date when available, and verification timestamp. Label external options separately from official McNeese information.",low,2026-08-03
CAT-112,"News, Announcements, and University Events","Arts, Culture, and Events",CAT-112-S03,registration membership and eligibility,cultural_community,"Queries about News, Announcements, and University Events, including its public services, requirements, processes, contacts, dates, policies, troubleshooting, and relevant external sources.","News, Announcements, and University Events | McNeese news | McNeese events",https://www.mcneese.edu/today/,official McNeese first; authoritative government/partner sources second; verified external discovery when the intent requires it,"Return typed fields, source URL, publication/update date when available, and verification timestamp. Label external options separately from official McNeese information.",low,2026-08-03
CAT-112,"News, Announcements, and University Events","Arts, Culture, and Events",CAT-112-S04,tickets prices sponsorships and funding,cultural_community,"Queries about News, Announcements, and University Events, including its public services, requirements, processes, contacts, dates, policies, troubleshooting, and relevant external sources.","News, Announcements, and University Events | McNeese news | McNeese events",https://www.mcneese.edu/today/,official McNeese first; authoritative government/partner sources second; verified external discovery when the intent requires it,"Return typed fields, source URL, publication/update date when available, and verification timestamp. Label external options separately from official McNeese information.",low,2026-08-03
CAT-112,"News, Announcements, and University Events","Arts, Culture, and Events",CAT-112-S05,venues directions parking and accessibility,cultural_community,"Queries about News, Announcements, and University Events, including its public services, requirements, processes, contacts, dates, policies, troubleshooting, and relevant external sources.","News, Announcements, and University Events | McNeese news | McNeese events",https://www.mcneese.edu/today/,official McNeese first; authoritative government/partner sources second; verified external discovery when the intent requires it,"Return typed fields, source URL, publication/update date when available, and verification timestamp. Label external options separately from official McNeese information.",low,2026-08-03
CAT-112,"News, Announcements, and University Events","Arts, Culture, and Events",CAT-112-S06,contacts organizers and office hours,cultural_community,"Queries about News, Announcements, and University Events, including its public services, requirements, processes, contacts, dates, policies, troubleshooting, and relevant external sources.","News, Announcements, and University Events | McNeese news | McNeese events",https://www.mcneese.edu/today/,official McNeese first; authoritative government/partner sources second; verified external discovery when the intent requires it,"Return typed fields, source URL, publication/update date when available, and verification timestamp. Label external options separately from official McNeese information.",low,2026-08-03
CAT-112,"News, Announcements, and University Events","Arts, Culture, and Events",CAT-112-S07,news media and public information,cultural_community,"Queries about News, Announcements, and University Events, including its public services, requirements, processes, contacts, dates, policies, troubleshooting, and relevant external sources.","News, Announcements, and University Events | McNeese news | McNeese events",https://www.mcneese.edu/today/,official McNeese first; authoritative government/partner sources second; verified external discovery when the intent requires it,"Return typed fields, source URL, publication/update date when available, and verification timestamp. Label external options separately from official McNeese information.",low,2026-08-03
CAT-112,"News, Announcements, and University Events","Arts, Culture, and Events",CAT-112-S08,community partners and external opportunities,cultural_community,"Queries about News, Announcements, and University Events, including its public services, requirements, processes, contacts, dates, policies, troubleshooting, and relevant external sources.","News, Announcements, and University Events | McNeese news | McNeese events",https://www.mcneese.edu/today/,official McNeese first; authoritative government/partner sources second; verified external discovery when the intent requires it,"Return typed fields, source URL, publication/update date when available, and verification timestamp. Label external options separately from official McNeese information.",low,2026-08-03
CAT-113,Student Organizations and Engagement,Student Organizations and Activities,CAT-113-S01,programs services and participation,cultural_community,"Queries about Student Organizations and Engagement, including its public services, requirements, processes, contacts, dates, policies, troubleshooting, and relevant external sources.",Student Organizations and Engagement | McNeese organizations | student engagement,https://app.suitable.co/,official McNeese first; authoritative government/partner sources second; verified external discovery when the intent requires it,"Return typed fields, source URL, publication/update date when available, and verification timestamp. Label external options separately from official McNeese information.",low,2026-08-03
CAT-113,Student Organizations and Engagement,Student Organizations and Activities,CAT-113-S02,events calendar and announcements,cultural_community,"Queries about Student Organizations and Engagement, including its public services, requirements, processes, contacts, dates, policies, troubleshooting, and relevant external sources.",Student Organizations and Engagement | McNeese organizations | student engagement,https://app.suitable.co/,official McNeese first; authoritative government/partner sources second; verified external discovery when the intent requires it,"Return typed fields, source URL, publication/update date when available, and verification timestamp. Label external options separately from official McNeese information.",low,2026-08-03
CAT-113,Student Organizations and Engagement,Student Organizations and Activities,CAT-113-S03,registration membership and eligibility,cultural_community,"Queries about Student Organizations and Engagement, including its public services, requirements, processes, contacts, dates, policies, troubleshooting, and relevant external sources.",Student Organizations and Engagement | McNeese organizations | student engagement,https://app.suitable.co/,official McNeese first; authoritative government/partner sources second; verified external discovery when the intent requires it,"Return typed fields, source URL, publication/update date when available, and verification timestamp. Label external options separately from official McNeese information.",low,2026-08-03
CAT-113,Student Organizations and Engagement,Student Organizations and Activities,CAT-113-S04,tickets prices sponsorships and funding,cultural_community,"Queries about Student Organizations and Engagement, including its public services, requirements, processes, contacts, dates, policies, troubleshooting, and relevant external sources.",Student Organizations and Engagement | McNeese organizations | student engagement,https://app.suitable.co/,official McNeese first; authoritative government/partner sources second; verified external discovery when the intent requires it,"Return typed fields, source URL, publication/update date when available, and verification timestamp. Label external options separately from official McNeese information.",low,2026-08-03
CAT-113,Student Organizations and Engagement,Student Organizations and Activities,CAT-113-S05,venues directions parking and accessibility,cultural_community,"Queries about Student Organizations and Engagement, including its public services, requirements, processes, contacts, dates, policies, troubleshooting, and relevant external sources.",Student Organizations and Engagement | McNeese organizations | student engagement,https://app.suitable.co/,official McNeese first; authoritative government/partner sources second; verified external discovery when the intent requires it,"Return typed fields, source URL, publication/update date when available, and verification timestamp. Label external options separately from official McNeese information.",low,2026-08-03
CAT-113,Student Organizations and Engagement,Student Organizations and Activities,CAT-113-S06,contacts organizers and office hours,cultural_community,"Queries about Student Organizations and Engagement, including its public services, requirements, processes, contacts, dates, policies, troubleshooting, and relevant external sources.",Student Organizations and Engagement | McNeese organizations | student engagement,https://app.suitable.co/,official McNeese first; authoritative government/partner sources second; verified external discovery when the intent requires it,"Return typed fields, source URL, publication/update date when available, and verification timestamp. Label external options separately from official McNeese information.",low,2026-08-03
CAT-113,Student Organizations and Engagement,Student Organizations and Activities,CAT-113-S07,news media and public information,cultural_community,"Queries about Student Organizations and Engagement, including its public services, requirements, processes, contacts, dates, policies, troubleshooting, and relevant external sources.",Student Organizations and Engagement | McNeese organizations | student engagement,https://app.suitable.co/,official McNeese first; authoritative government/partner sources second; verified external discovery when the intent requires it,"Return typed fields, source URL, publication/update date when available, and verification timestamp. Label external options separately from official McNeese information.",low,2026-08-03
CAT-113,Student Organizations and Engagement,Student Organizations and Activities,CAT-113-S08,community partners and external opportunities,cultural_community,"Queries about Student Organizations and Engagement, including its public services, requirements, processes, contacts, dates, policies, troubleshooting, and relevant external sources.",Student Organizations and Engagement | McNeese organizations | student engagement,https://app.suitable.co/,official McNeese first; authoritative government/partner sources second; verified external discovery when the intent requires it,"Return typed fields, source URL, publication/update date when available, and verification timestamp. Label external options separately from official McNeese information.",low,2026-08-03
CAT-114,Student Government Association,Student Organizations and Activities,CAT-114-S01,programs services and participation,cultural_community,"Queries about Student Government Association, including its public services, requirements, processes, contacts, dates, policies, troubleshooting, and relevant external sources.",Student Government Association | McNeese SGA | Student Government McNeese,https://www.mcneese.edu/studentservices/,official McNeese first; authoritative government/partner sources second; verified external discovery when the intent requires it,"Return typed fields, source URL, publication/update date when available, and verification timestamp. Label external options separately from official McNeese information.",low,2026-08-03
CAT-114,Student Government Association,Student Organizations and Activities,CAT-114-S02,events calendar and announcements,cultural_community,"Queries about Student Government Association, including its public services, requirements, processes, contacts, dates, policies, troubleshooting, and relevant external sources.",Student Government Association | McNeese SGA | Student Government McNeese,https://www.mcneese.edu/studentservices/,official McNeese first; authoritative government/partner sources second; verified external discovery when the intent requires it,"Return typed fields, source URL, publication/update date when available, and verification timestamp. Label external options separately from official McNeese information.",low,2026-08-03
CAT-114,Student Government Association,Student Organizations and Activities,CAT-114-S03,registration membership and eligibility,cultural_community,"Queries about Student Government Association, including its public services, requirements, processes, contacts, dates, policies, troubleshooting, and relevant external sources.",Student Government Association | McNeese SGA | Student Government McNeese,https://www.mcneese.edu/studentservices/,official McNeese first; authoritative government/partner sources second; verified external discovery when the intent requires it,"Return typed fields, source URL, publication/update date when available, and verification timestamp. Label external options separately from official McNeese information.",low,2026-08-03
CAT-114,Student Government Association,Student Organizations and Activities,CAT-114-S04,tickets prices sponsorships and funding,cultural_community,"Queries about Student Government Association, including its public services, requirements, processes, contacts, dates, policies, troubleshooting, and relevant external sources.",Student Government Association | McNeese SGA | Student Government McNeese,https://www.mcneese.edu/studentservices/,official McNeese first; authoritative government/partner sources second; verified external discovery when the intent requires it,"Return typed fields, source URL, publication/update date when available, and verification timestamp. Label external options separately from official McNeese information.",low,2026-08-03
CAT-114,Student Government Association,Student Organizations and Activities,CAT-114-S05,venues directions parking and accessibility,cultural_community,"Queries about Student Government Association, including its public services, requirements, processes, contacts, dates, policies, troubleshooting, and relevant external sources.",Student Government Association | McNeese SGA | Student Government McNeese,https://www.mcneese.edu/studentservices/,official McNeese first; authoritative government/partner sources second; verified external discovery when the intent requires it,"Return typed fields, source URL, publication/update date when available, and verification timestamp. Label external options separately from official McNeese information.",low,2026-08-03
CAT-114,Student Government Association,Student Organizations and Activities,CAT-114-S06,contacts organizers and office hours,cultural_community,"Queries about Student Government Association, including its public services, requirements, processes, contacts, dates, policies, troubleshooting, and relevant external sources.",Student Government Association | McNeese SGA | Student Government McNeese,https://www.mcneese.edu/studentservices/,official McNeese first; authoritative government/partner sources second; verified external discovery when the intent requires it,"Return typed fields, source URL, publication/update date when available, and verification timestamp. Label external options separately from official McNeese information.",low,2026-08-03
CAT-114,Student Government Association,Student Organizations and Activities,CAT-114-S07,news media and public information,cultural_community,"Queries about Student Government Association, including its public services, requirements, processes, contacts, dates, policies, troubleshooting, and relevant external sources.",Student Government Association | McNeese SGA | Student Government McNeese,https://www.mcneese.edu/studentservices/,official McNeese first; authoritative government/partner sources second; verified external discovery when the intent requires it,"Return typed fields, source URL, publication/update date when available, and verification timestamp. Label external options separately from official McNeese information.",low,2026-08-03
CAT-114,Student Government Association,Student Organizations and Activities,CAT-114-S08,community partners and external opportunities,cultural_community,"Queries about Student Government Association, including its public services, requirements, processes, contacts, dates, policies, troubleshooting, and relevant external sources.",Student Government Association | McNeese SGA | Student Government McNeese,https://www.mcneese.edu/studentservices/,official McNeese first; authoritative government/partner sources second; verified external discovery when the intent requires it,"Return typed fields, source URL, publication/update date when available, and verification timestamp. Label external options separately from official McNeese information.",low,2026-08-03
CAT-115,Student Publications and Media,Media and Publications,CAT-115-S01,programs services and participation,cultural_community,"Queries about Student Publications and Media, including its public services, requirements, processes, contacts, dates, policies, troubleshooting, and relevant external sources.",Student Publications and Media | McNeese student publications | campus newspaper,https://www.mcneese.edu/a-to-z/,official McNeese first; authoritative government/partner sources second; verified external discovery when the intent requires it,"Return typed fields, source URL, publication/update date when available, and verification timestamp. Label external options separately from official McNeese information.",low,2026-08-03
CAT-115,Student Publications and Media,Media and Publications,CAT-115-S02,events calendar and announcements,cultural_community,"Queries about Student Publications and Media, including its public services, requirements, processes, contacts, dates, policies, troubleshooting, and relevant external sources.",Student Publications and Media | McNeese student publications | campus newspaper,https://www.mcneese.edu/a-to-z/,official McNeese first; authoritative government/partner sources second; verified external discovery when the intent requires it,"Return typed fields, source URL, publication/update date when available, and verification timestamp. Label external options separately from official McNeese information.",low,2026-08-03
CAT-115,Student Publications and Media,Media and Publications,CAT-115-S03,registration membership and eligibility,cultural_community,"Queries about Student Publications and Media, including its public services, requirements, processes, contacts, dates, policies, troubleshooting, and relevant external sources.",Student Publications and Media | McNeese student publications | campus newspaper,https://www.mcneese.edu/a-to-z/,official McNeese first; authoritative government/partner sources second; verified external discovery when the intent requires it,"Return typed fields, source URL, publication/update date when available, and verification timestamp. Label external options separately from official McNeese information.",low,2026-08-03
CAT-115,Student Publications and Media,Media and Publications,CAT-115-S04,tickets prices sponsorships and funding,cultural_community,"Queries about Student Publications and Media, including its public services, requirements, processes, contacts, dates, policies, troubleshooting, and relevant external sources.",Student Publications and Media | McNeese student publications | campus newspaper,https://www.mcneese.edu/a-to-z/,official McNeese first; authoritative government/partner sources second; verified external discovery when the intent requires it,"Return typed fields, source URL, publication/update date when available, and verification timestamp. Label external options separately from official McNeese information.",low,2026-08-03
CAT-115,Student Publications and Media,Media and Publications,CAT-115-S05,venues directions parking and accessibility,cultural_community,"Queries about Student Publications and Media, including its public services, requirements, processes, contacts, dates, policies, troubleshooting, and relevant external sources.",Student Publications and Media | McNeese student publications | campus newspaper,https://www.mcneese.edu/a-to-z/,official McNeese first; authoritative government/partner sources second; verified external discovery when the intent requires it,"Return typed fields, source URL, publication/update date when available, and verification timestamp. Label external options separately from official McNeese information.",low,2026-08-03
CAT-115,Student Publications and Media,Media and Publications,CAT-115-S06,contacts organizers and office hours,cultural_community,"Queries about Student Publications and Media, including its public services, requirements, processes, contacts, dates, policies, troubleshooting, and relevant external sources.",Student Publications and Media | McNeese student publications | campus newspaper,https://www.mcneese.edu/a-to-z/,official McNeese first; authoritative government/partner sources second; verified external discovery when the intent requires it,"Return typed fields, source URL, publication/update date when available, and verification timestamp. Label external options separately from official McNeese information.",low,2026-08-03
CAT-115,Student Publications and Media,Media and Publications,CAT-115-S07,news media and public information,cultural_community,"Queries about Student Publications and Media, including its public services, requirements, processes, contacts, dates, policies, troubleshooting, and relevant external sources.",Student Publications and Media | McNeese student publications | campus newspaper,https://www.mcneese.edu/a-to-z/,official McNeese first; authoritative government/partner sources second; verified external discovery when the intent requires it,"Return typed fields, source URL, publication/update date when available, and verification timestamp. Label external options separately from official McNeese information.",low,2026-08-03
CAT-115,Student Publications and Media,Media and Publications,CAT-115-S08,community partners and external opportunities,cultural_community,"Queries about Student Publications and Media, including its public services, requirements, processes, contacts, dates, policies, troubleshooting, and relevant external sources.",Student Publications and Media | McNeese student publications | campus newspaper,https://www.mcneese.edu/a-to-z/,official McNeese first; authoritative government/partner sources second; verified external discovery when the intent requires it,"Return typed fields, source URL, publication/update date when available, and verification timestamp. Label external options separately from official McNeese information.",low,2026-08-03
CAT-116,Off-Campus Housing and Local Living,Housing and Dining,CAT-116-S01,nearby options and geographic search,external_local,"Queries about Off-Campus Housing and Local Living, including its public services, requirements, processes, contacts, dates, policies, troubleshooting, and relevant external sources.",Off-Campus Housing and Local Living | apartments near McNeese | off campus housing Lake Charles,https://www.mcneese.edu/studentservices/resources/,official McNeese first; authoritative government/partner sources second; verified external discovery when the intent requires it,"Return typed fields, source URL, publication/update date when available, and verification timestamp. Label external options separately from official McNeese information.",low,2026-08-03
CAT-116,Off-Campus Housing and Local Living,Housing and Dining,CAT-116-S02,availability hours and current status,external_local,"Queries about Off-Campus Housing and Local Living, including its public services, requirements, processes, contacts, dates, policies, troubleshooting, and relevant external sources.",Off-Campus Housing and Local Living | apartments near McNeese | off campus housing Lake Charles,https://www.mcneese.edu/studentservices/resources/,official McNeese first; authoritative government/partner sources second; verified external discovery when the intent requires it,"Return typed fields, source URL, publication/update date when available, and verification timestamp. Label external options separately from official McNeese information.",low,2026-08-03
CAT-116,Off-Campus Housing and Local Living,Housing and Dining,CAT-116-S03,prices fees deposits and affordability,external_local,"Queries about Off-Campus Housing and Local Living, including its public services, requirements, processes, contacts, dates, policies, troubleshooting, and relevant external sources.",Off-Campus Housing and Local Living | apartments near McNeese | off campus housing Lake Charles,https://www.mcneese.edu/studentservices/resources/,official McNeese first; authoritative government/partner sources second; verified external discovery when the intent requires it,"Return typed fields, source URL, publication/update date when available, and verification timestamp. Label external options separately from official McNeese information.",low,2026-08-03
CAT-116,Off-Campus Housing and Local Living,Housing and Dining,CAT-116-S04,eligibility requirements and restrictions,external_local,"Queries about Off-Campus Housing and Local Living, including its public services, requirements, processes, contacts, dates, policies, troubleshooting, and relevant external sources.",Off-Campus Housing and Local Living | apartments near McNeese | off campus housing Lake Charles,https://www.mcneese.edu/studentservices/resources/,official McNeese first; authoritative government/partner sources second; verified external discovery when the intent requires it,"Return typed fields, source URL, publication/update date when available, and verification timestamp. Label external options separately from official McNeese information.",low,2026-08-03
CAT-116,Off-Campus Housing and Local Living,Housing and Dining,CAT-116-S05,directions transportation parking and accessibility,external_local,"Queries about Off-Campus Housing and Local Living, including its public services, requirements, processes, contacts, dates, policies, troubleshooting, and relevant external sources.",Off-Campus Housing and Local Living | apartments near McNeese | off campus housing Lake Charles,https://www.mcneese.edu/studentservices/resources/,official McNeese first; authoritative government/partner sources second; verified external discovery when the intent requires it,"Return typed fields, source URL, publication/update date when available, and verification timestamp. Label external options separately from official McNeese information.",low,2026-08-03
CAT-116,Off-Campus Housing and Local Living,Housing and Dining,CAT-116-S06,applications reservations and contact methods,external_local,"Queries about Off-Campus Housing and Local Living, including its public services, requirements, processes, contacts, dates, policies, troubleshooting, and relevant external sources.",Off-Campus Housing and Local Living | apartments near McNeese | off campus housing Lake Charles,https://www.mcneese.edu/studentservices/resources/,official McNeese first; authoritative government/partner sources second; verified external discovery when the intent requires it,"Return typed fields, source URL, publication/update date when available, and verification timestamp. Label external options separately from official McNeese information.",low,2026-08-03
CAT-116,Off-Campus Housing and Local Living,Housing and Dining,CAT-116-S07,reviews verification safety and trust,external_local,"Queries about Off-Campus Housing and Local Living, including its public services, requirements, processes, contacts, dates, policies, troubleshooting, and relevant external sources.",Off-Campus Housing and Local Living | apartments near McNeese | off campus housing Lake Charles,https://www.mcneese.edu/studentservices/resources/,official McNeese first; authoritative government/partner sources second; verified external discovery when the intent requires it,"Return typed fields, source URL, publication/update date when available, and verification timestamp. Label external options separately from official McNeese information.",low,2026-08-03
CAT-116,Off-Campus Housing and Local Living,Housing and Dining,CAT-116-S08,official local sources and alternative providers,external_local,"Queries about Off-Campus Housing and Local Living, including its public services, requirements, processes, contacts, dates, policies, troubleshooting, and relevant external sources.",Off-Campus Housing and Local Living | apartments near McNeese | off campus housing Lake Charles,https://www.mcneese.edu/studentservices/resources/,official McNeese first; authoritative government/partner sources second; verified external discovery when the intent requires it,"Return typed fields, source URL, publication/update date when available, and verification timestamp. Label external options separately from official McNeese information.",low,2026-08-03
CAT-117,Local Transportation and Mobility,Campus Operations,CAT-117-S01,nearby options and geographic search,external_local,"Queries about Local Transportation and Mobility, including its public services, requirements, processes, contacts, dates, policies, troubleshooting, and relevant external sources.",Local Transportation and Mobility | transportation near McNeese | Lake Charles transit McNeese,https://www.mcneese.edu/campusmaps/,official McNeese first; authoritative government/partner sources second; verified external discovery when the intent requires it,"Return typed fields, source URL, publication/update date when available, and verification timestamp. Label external options separately from official McNeese information.",low,2026-08-03
CAT-117,Local Transportation and Mobility,Campus Operations,CAT-117-S02,availability hours and current status,external_local,"Queries about Local Transportation and Mobility, including its public services, requirements, processes, contacts, dates, policies, troubleshooting, and relevant external sources.",Local Transportation and Mobility | transportation near McNeese | Lake Charles transit McNeese,https://www.mcneese.edu/campusmaps/,official McNeese first; authoritative government/partner sources second; verified external discovery when the intent requires it,"Return typed fields, source URL, publication/update date when available, and verification timestamp. Label external options separately from official McNeese information.",low,2026-08-03
CAT-117,Local Transportation and Mobility,Campus Operations,CAT-117-S03,prices fees deposits and affordability,external_local,"Queries about Local Transportation and Mobility, including its public services, requirements, processes, contacts, dates, policies, troubleshooting, and relevant external sources.",Local Transportation and Mobility | transportation near McNeese | Lake Charles transit McNeese,https://www.mcneese.edu/campusmaps/,official McNeese first; authoritative government/partner sources second; verified external discovery when the intent requires it,"Return typed fields, source URL, publication/update date when available, and verification timestamp. Label external options separately from official McNeese information.",low,2026-08-03
CAT-117,Local Transportation and Mobility,Campus Operations,CAT-117-S04,eligibility requirements and restrictions,external_local,"Queries about Local Transportation and Mobility, including its public services, requirements, processes, contacts, dates, policies, troubleshooting, and relevant external sources.",Local Transportation and Mobility | transportation near McNeese | Lake Charles transit McNeese,https://www.mcneese.edu/campusmaps/,official McNeese first; authoritative government/partner sources second; verified external discovery when the intent requires it,"Return typed fields, source URL, publication/update date when available, and verification timestamp. Label external options separately from official McNeese information.",low,2026-08-03
CAT-117,Local Transportation and Mobility,Campus Operations,CAT-117-S05,directions transportation parking and accessibility,external_local,"Queries about Local Transportation and Mobility, including its public services, requirements, processes, contacts, dates, policies, troubleshooting, and relevant external sources.",Local Transportation and Mobility | transportation near McNeese | Lake Charles transit McNeese,https://www.mcneese.edu/campusmaps/,official McNeese first; authoritative government/partner sources second; verified external discovery when the intent requires it,"Return typed fields, source URL, publication/update date when available, and verification timestamp. Label external options separately from official McNeese information.",low,2026-08-03
CAT-117,Local Transportation and Mobility,Campus Operations,CAT-117-S06,applications reservations and contact methods,external_local,"Queries about Local Transportation and Mobility, including its public services, requirements, processes, contacts, dates, policies, troubleshooting, and relevant external sources.",Local Transportation and Mobility | transportation near McNeese | Lake Charles transit McNeese,https://www.mcneese.edu/campusmaps/,official McNeese first; authoritative government/partner sources second; verified external discovery when the intent requires it,"Return typed fields, source URL, publication/update date when available, and verification timestamp. Label external options separately from official McNeese information.",low,2026-08-03
CAT-117,Local Transportation and Mobility,Campus Operations,CAT-117-S07,reviews verification safety and trust,external_local,"Queries about Local Transportation and Mobility, including its public services, requirements, processes, contacts, dates, policies, troubleshooting, and relevant external sources.",Local Transportation and Mobility | transportation near McNeese | Lake Charles transit McNeese,https://www.mcneese.edu/campusmaps/,official McNeese first; authoritative government/partner sources second; verified external discovery when the intent requires it,"Return typed fields, source URL, publication/update date when available, and verification timestamp. Label external options separately from official McNeese information.",low,2026-08-03
CAT-117,Local Transportation and Mobility,Campus Operations,CAT-117-S08,official local sources and alternative providers,external_local,"Queries about Local Transportation and Mobility, including its public services, requirements, processes, contacts, dates, policies, troubleshooting, and relevant external sources.",Local Transportation and Mobility | transportation near McNeese | Lake Charles transit McNeese,https://www.mcneese.edu/campusmaps/,official McNeese first; authoritative government/partner sources second; verified external discovery when the intent requires it,"Return typed fields, source URL, publication/update date when available, and verification timestamp. Label external options separately from official McNeese information.",low,2026-08-03
CAT-118,"External Jobs, Internships, and Employer Opportunities",Careers and Employment,CAT-118-S01,job listings and open positions,employment,"Queries about External Jobs, Internships, and Employer Opportunities, including its public services, requirements, processes, contacts, dates, policies, troubleshooting, and relevant external sources.","External Jobs, Internships, and Employer Opportunities | jobs near McNeese | internships Lake Charles",https://www.mcneese.edu/a-to-z/,official McNeese first; authoritative government/partner sources second; verified external discovery when the intent requires it,"Return typed fields, source URL, publication/update date when available, and verification timestamp. Label external options separately from official McNeese information.",medium,2026-08-03
CAT-118,"External Jobs, Internships, and Employer Opportunities",Careers and Employment,CAT-118-S02,student employment and work study,employment,"Queries about External Jobs, Internships, and Employer Opportunities, including its public services, requirements, processes, contacts, dates, policies, troubleshooting, and relevant external sources.","External Jobs, Internships, and Employer Opportunities | jobs near McNeese | internships Lake Charles",https://www.mcneese.edu/a-to-z/,official McNeese first; authoritative government/partner sources second; verified external discovery when the intent requires it,"Return typed fields, source URL, publication/update date when available, and verification timestamp. Label external options separately from official McNeese information.",medium,2026-08-03
CAT-118,"External Jobs, Internships, and Employer Opportunities",Careers and Employment,CAT-118-S03,internships co-ops and experiential learning,employment,"Queries about External Jobs, Internships, and Employer Opportunities, including its public services, requirements, processes, contacts, dates, policies, troubleshooting, and relevant external sources.","External Jobs, Internships, and Employer Opportunities | jobs near McNeese | internships Lake Charles",https://www.mcneese.edu/a-to-z/,official McNeese first; authoritative government/partner sources second; verified external discovery when the intent requires it,"Return typed fields, source URL, publication/update date when available, and verification timestamp. Label external options separately from official McNeese information.",medium,2026-08-03
CAT-118,"External Jobs, Internships, and Employer Opportunities",Careers and Employment,CAT-118-S04,faculty staff and graduate assistant roles,employment,"Queries about External Jobs, Internships, and Employer Opportunities, including its public services, requirements, processes, contacts, dates, policies, troubleshooting, and relevant external sources.","External Jobs, Internships, and Employer Opportunities | jobs near McNeese | internships Lake Charles",https://www.mcneese.edu/a-to-z/,official McNeese first; authoritative government/partner sources second; verified external discovery when the intent requires it,"Return typed fields, source URL, publication/update date when available, and verification timestamp. Label external options separately from official McNeese information.",medium,2026-08-03
CAT-118,"External Jobs, Internships, and Employer Opportunities",Careers and Employment,CAT-118-S05,application resumes interviews and hiring steps,employment,"Queries about External Jobs, Internships, and Employer Opportunities, including its public services, requirements, processes, contacts, dates, policies, troubleshooting, and relevant external sources.","External Jobs, Internships, and Employer Opportunities | jobs near McNeese | internships Lake Charles",https://www.mcneese.edu/a-to-z/,official McNeese first; authoritative government/partner sources second; verified external discovery when the intent requires it,"Return typed fields, source URL, publication/update date when available, and verification timestamp. Label external options separately from official McNeese information.",medium,2026-08-03
CAT-118,"External Jobs, Internships, and Employer Opportunities",Careers and Employment,CAT-118-S06,eligibility authorization and international student rules,employment,"Queries about External Jobs, Internships, and Employer Opportunities, including its public services, requirements, processes, contacts, dates, policies, troubleshooting, and relevant external sources.","External Jobs, Internships, and Employer Opportunities | jobs near McNeese | internships Lake Charles",https://www.mcneese.edu/a-to-z/,official McNeese first; authoritative government/partner sources second; verified external discovery when the intent requires it,"Return typed fields, source URL, publication/update date when available, and verification timestamp. Label external options separately from official McNeese information.",medium,2026-08-03
CAT-118,"External Jobs, Internships, and Employer Opportunities",Careers and Employment,CAT-118-S07,pay benefits schedules and workplace policies,employment,"Queries about External Jobs, Internships, and Employer Opportunities, including its public services, requirements, processes, contacts, dates, policies, troubleshooting, and relevant external sources.","External Jobs, Internships, and Employer Opportunities | jobs near McNeese | internships Lake Charles",https://www.mcneese.edu/a-to-z/,official McNeese first; authoritative government/partner sources second; verified external discovery when the intent requires it,"Return typed fields, source URL, publication/update date when available, and verification timestamp. Label external options separately from official McNeese information.",medium,2026-08-03
CAT-118,"External Jobs, Internships, and Employer Opportunities",Careers and Employment,CAT-118-S08,external job boards employers and career research,employment,"Queries about External Jobs, Internships, and Employer Opportunities, including its public services, requirements, processes, contacts, dates, policies, troubleshooting, and relevant external sources.","External Jobs, Internships, and Employer Opportunities | jobs near McNeese | internships Lake Charles",https://www.mcneese.edu/a-to-z/,official McNeese first; authoritative government/partner sources second; verified external discovery when the intent requires it,"Return typed fields, source URL, publication/update date when available, and verification timestamp. Label external options separately from official McNeese information.",medium,2026-08-03
CAT-119,Local Healthcare and Community Support,Health and Wellness,CAT-119-S01,official rules eligibility and definitions,high_stakes_official,"Queries about Local Healthcare and Community Support, including its public services, requirements, processes, contacts, dates, policies, troubleshooting, and relevant external sources.",Local Healthcare and Community Support | healthcare near McNeese | community support Lake Charles,https://www.mcneese.edu/studentservices/resources/,official McNeese first; authoritative government/partner sources second; verified external discovery when the intent requires it,"Return typed fields, source URL, publication/update date when available, and verification timestamp. Label external options separately from official McNeese information.",high,2026-08-03
CAT-119,Local Healthcare and Community Support,Health and Wellness,CAT-119-S02,required documents forms and evidence,high_stakes_official,"Queries about Local Healthcare and Community Support, including its public services, requirements, processes, contacts, dates, policies, troubleshooting, and relevant external sources.",Local Healthcare and Community Support | healthcare near McNeese | community support Lake Charles,https://www.mcneese.edu/studentservices/resources/,official McNeese first; authoritative government/partner sources second; verified external discovery when the intent requires it,"Return typed fields, source URL, publication/update date when available, and verification timestamp. Label external options separately from official McNeese information.",high,2026-08-03
CAT-119,Local Healthcare and Community Support,Health and Wellness,CAT-119-S03,deadlines status and processing times,high_stakes_official,"Queries about Local Healthcare and Community Support, including its public services, requirements, processes, contacts, dates, policies, troubleshooting, and relevant external sources.",Local Healthcare and Community Support | healthcare near McNeese | community support Lake Charles,https://www.mcneese.edu/studentservices/resources/,official McNeese first; authoritative government/partner sources second; verified external discovery when the intent requires it,"Return typed fields, source URL, publication/update date when available, and verification timestamp. Label external options separately from official McNeese information.",high,2026-08-03
CAT-119,Local Healthcare and Community Support,Health and Wellness,CAT-119-S04,authorized contacts appointments and escalation,high_stakes_official,"Queries about Local Healthcare and Community Support, including its public services, requirements, processes, contacts, dates, policies, troubleshooting, and relevant external sources.",Local Healthcare and Community Support | healthcare near McNeese | community support Lake Charles,https://www.mcneese.edu/studentservices/resources/,official McNeese first; authoritative government/partner sources second; verified external discovery when the intent requires it,"Return typed fields, source URL, publication/update date when available, and verification timestamp. Label external options separately from official McNeese information.",high,2026-08-03
CAT-119,Local Healthcare and Community Support,Health and Wellness,CAT-119-S05,appeals exceptions complaints and due process,high_stakes_official,"Queries about Local Healthcare and Community Support, including its public services, requirements, processes, contacts, dates, policies, troubleshooting, and relevant external sources.",Local Healthcare and Community Support | healthcare near McNeese | community support Lake Charles,https://www.mcneese.edu/studentservices/resources/,official McNeese first; authoritative government/partner sources second; verified external discovery when the intent requires it,"Return typed fields, source URL, publication/update date when available, and verification timestamp. Label external options separately from official McNeese information.",high,2026-08-03
CAT-119,Local Healthcare and Community Support,Health and Wellness,CAT-119-S06,privacy confidentiality and records,high_stakes_official,"Queries about Local Healthcare and Community Support, including its public services, requirements, processes, contacts, dates, policies, troubleshooting, and relevant external sources.",Local Healthcare and Community Support | healthcare near McNeese | community support Lake Charles,https://www.mcneese.edu/studentservices/resources/,official McNeese first; authoritative government/partner sources second; verified external discovery when the intent requires it,"Return typed fields, source URL, publication/update date when available, and verification timestamp. Label external options separately from official McNeese information.",high,2026-08-03
CAT-119,Local Healthcare and Community Support,Health and Wellness,CAT-119-S07,emergency or time sensitive assistance,high_stakes_official,"Queries about Local Healthcare and Community Support, including its public services, requirements, processes, contacts, dates, policies, troubleshooting, and relevant external sources.",Local Healthcare and Community Support | healthcare near McNeese | community support Lake Charles,https://www.mcneese.edu/studentservices/resources/,official McNeese first; authoritative government/partner sources second; verified external discovery when the intent requires it,"Return typed fields, source URL, publication/update date when available, and verification timestamp. Label external options separately from official McNeese information.",high,2026-08-03
CAT-119,Local Healthcare and Community Support,Health and Wellness,CAT-119-S08,federal state and university authoritative sources,high_stakes_official,"Queries about Local Healthcare and Community Support, including its public services, requirements, processes, contacts, dates, policies, troubleshooting, and relevant external sources.",Local Healthcare and Community Support | healthcare near McNeese | community support Lake Charles,https://www.mcneese.edu/studentservices/resources/,official McNeese first; authoritative government/partner sources second; verified external discovery when the intent requires it,"Return typed fields, source URL, publication/update date when available, and verification timestamp. Label external options separately from official McNeese information.",high,2026-08-03
CAT-120,"Food, Groceries, and Essential Needs Near Campus",Housing and Dining,CAT-120-S01,nearby options and geographic search,external_local,"Queries about Food, Groceries, and Essential Needs Near Campus, including its public services, requirements, processes, contacts, dates, policies, troubleshooting, and relevant external sources.","Food, Groceries, and Essential Needs Near Campus | groceries near McNeese | student food resources Lake Charles",https://www.mcneese.edu/studentservices/resources/,official McNeese first; authoritative government/partner sources second; verified external discovery when the intent requires it,"Return typed fields, source URL, publication/update date when available, and verification timestamp. Label external options separately from official McNeese information.",low,2026-08-03
CAT-120,"Food, Groceries, and Essential Needs Near Campus",Housing and Dining,CAT-120-S02,availability hours and current status,external_local,"Queries about Food, Groceries, and Essential Needs Near Campus, including its public services, requirements, processes, contacts, dates, policies, troubleshooting, and relevant external sources.","Food, Groceries, and Essential Needs Near Campus | groceries near McNeese | student food resources Lake Charles",https://www.mcneese.edu/studentservices/resources/,official McNeese first; authoritative government/partner sources second; verified external discovery when the intent requires it,"Return typed fields, source URL, publication/update date when available, and verification timestamp. Label external options separately from official McNeese information.",low,2026-08-03
CAT-120,"Food, Groceries, and Essential Needs Near Campus",Housing and Dining,CAT-120-S03,prices fees deposits and affordability,external_local,"Queries about Food, Groceries, and Essential Needs Near Campus, including its public services, requirements, processes, contacts, dates, policies, troubleshooting, and relevant external sources.","Food, Groceries, and Essential Needs Near Campus | groceries near McNeese | student food resources Lake Charles",https://www.mcneese.edu/studentservices/resources/,official McNeese first; authoritative government/partner sources second; verified external discovery when the intent requires it,"Return typed fields, source URL, publication/update date when available, and verification timestamp. Label external options separately from official McNeese information.",low,2026-08-03
CAT-120,"Food, Groceries, and Essential Needs Near Campus",Housing and Dining,CAT-120-S04,eligibility requirements and restrictions,external_local,"Queries about Food, Groceries, and Essential Needs Near Campus, including its public services, requirements, processes, contacts, dates, policies, troubleshooting, and relevant external sources.","Food, Groceries, and Essential Needs Near Campus | groceries near McNeese | student food resources Lake Charles",https://www.mcneese.edu/studentservices/resources/,official McNeese first; authoritative government/partner sources second; verified external discovery when the intent requires it,"Return typed fields, source URL, publication/update date when available, and verification timestamp. Label external options separately from official McNeese information.",low,2026-08-03
CAT-120,"Food, Groceries, and Essential Needs Near Campus",Housing and Dining,CAT-120-S05,directions transportation parking and accessibility,external_local,"Queries about Food, Groceries, and Essential Needs Near Campus, including its public services, requirements, processes, contacts, dates, policies, troubleshooting, and relevant external sources.","Food, Groceries, and Essential Needs Near Campus | groceries near McNeese | student food resources Lake Charles",https://www.mcneese.edu/studentservices/resources/,official McNeese first; authoritative government/partner sources second; verified external discovery when the intent requires it,"Return typed fields, source URL, publication/update date when available, and verification timestamp. Label external options separately from official McNeese information.",low,2026-08-03
CAT-120,"Food, Groceries, and Essential Needs Near Campus",Housing and Dining,CAT-120-S06,applications reservations and contact methods,external_local,"Queries about Food, Groceries, and Essential Needs Near Campus, including its public services, requirements, processes, contacts, dates, policies, troubleshooting, and relevant external sources.","Food, Groceries, and Essential Needs Near Campus | groceries near McNeese | student food resources Lake Charles",https://www.mcneese.edu/studentservices/resources/,official McNeese first; authoritative government/partner sources second; verified external discovery when the intent requires it,"Return typed fields, source URL, publication/update date when available, and verification timestamp. Label external options separately from official McNeese information.",low,2026-08-03
CAT-120,"Food, Groceries, and Essential Needs Near Campus",Housing and Dining,CAT-120-S07,reviews verification safety and trust,external_local,"Queries about Food, Groceries, and Essential Needs Near Campus, including its public services, requirements, processes, contacts, dates, policies, troubleshooting, and relevant external sources.","Food, Groceries, and Essential Needs Near Campus | groceries near McNeese | student food resources Lake Charles",https://www.mcneese.edu/studentservices/resources/,official McNeese first; authoritative government/partner sources second; verified external discovery when the intent requires it,"Return typed fields, source URL, publication/update date when available, and verification timestamp. Label external options separately from official McNeese information.",low,2026-08-03
CAT-120,"Food, Groceries, and Essential Needs Near Campus",Housing and Dining,CAT-120-S08,official local sources and alternative providers,external_local,"Queries about Food, Groceries, and Essential Needs Near Campus, including its public services, requirements, processes, contacts, dates, policies, troubleshooting, and relevant external sources.","Food, Groceries, and Essential Needs Near Campus | groceries near McNeese | student food resources Lake Charles",https://www.mcneese.edu/studentservices/resources/,official McNeese first; authoritative government/partner sources second; verified external discovery when the intent requires it,"Return typed fields, source URL, publication/update date when available, and verification timestamp. Label external options separately from official McNeese information.",low,2026-08-03
CAT-121,"Technology Accounts, Banner, Moodle, Email, and Wi-Fi",Technology and Systems,CAT-121-S01,access login and authentication,academic_system,"Queries about Technology Accounts, Banner, Moodle, Email, and Wi-Fi, including its public services, requirements, processes, contacts, dates, policies, troubleshooting, and relevant external sources.","Technology Accounts, Banner, Moodle, Email, and Wi-Fi | MyMcNeese login | McNeese Moodle email wifi",https://www.mcneese.edu/a-to-z/,official McNeese first; authoritative government/partner sources second; verified external discovery when the intent requires it,"Return typed fields, source URL, publication/update date when available, and verification timestamp. Label external options separately from official McNeese information.",medium,2026-08-03
CAT-121,"Technology Accounts, Banner, Moodle, Email, and Wi-Fi",Technology and Systems,CAT-121-S02,search browse and navigation,academic_system,"Queries about Technology Accounts, Banner, Moodle, Email, and Wi-Fi, including its public services, requirements, processes, contacts, dates, policies, troubleshooting, and relevant external sources.","Technology Accounts, Banner, Moodle, Email, and Wi-Fi | MyMcNeese login | McNeese Moodle email wifi",https://www.mcneese.edu/a-to-z/,official McNeese first; authoritative government/partner sources second; verified external discovery when the intent requires it,"Return typed fields, source URL, publication/update date when available, and verification timestamp. Label external options separately from official McNeese information.",medium,2026-08-03
CAT-121,"Technology Accounts, Banner, Moodle, Email, and Wi-Fi",Technology and Systems,CAT-121-S03,dates deadlines and term availability,academic_system,"Queries about Technology Accounts, Banner, Moodle, Email, and Wi-Fi, including its public services, requirements, processes, contacts, dates, policies, troubleshooting, and relevant external sources.","Technology Accounts, Banner, Moodle, Email, and Wi-Fi | MyMcNeese login | McNeese Moodle email wifi",https://www.mcneese.edu/a-to-z/,official McNeese first; authoritative government/partner sources second; verified external discovery when the intent requires it,"Return typed fields, source URL, publication/update date when available, and verification timestamp. Label external options separately from official McNeese information.",medium,2026-08-03
CAT-121,"Technology Accounts, Banner, Moodle, Email, and Wi-Fi",Technology and Systems,CAT-121-S04,requirements restrictions and holds,academic_system,"Queries about Technology Accounts, Banner, Moodle, Email, and Wi-Fi, including its public services, requirements, processes, contacts, dates, policies, troubleshooting, and relevant external sources.","Technology Accounts, Banner, Moodle, Email, and Wi-Fi | MyMcNeese login | McNeese Moodle email wifi",https://www.mcneese.edu/a-to-z/,official McNeese first; authoritative government/partner sources second; verified external discovery when the intent requires it,"Return typed fields, source URL, publication/update date when available, and verification timestamp. Label external options separately from official McNeese information.",medium,2026-08-03
CAT-121,"Technology Accounts, Banner, Moodle, Email, and Wi-Fi",Technology and Systems,CAT-121-S05,records forms exports and confirmations,academic_system,"Queries about Technology Accounts, Banner, Moodle, Email, and Wi-Fi, including its public services, requirements, processes, contacts, dates, policies, troubleshooting, and relevant external sources.","Technology Accounts, Banner, Moodle, Email, and Wi-Fi | MyMcNeese login | McNeese Moodle email wifi",https://www.mcneese.edu/a-to-z/,official McNeese first; authoritative government/partner sources second; verified external discovery when the intent requires it,"Return typed fields, source URL, publication/update date when available, and verification timestamp. Label external options separately from official McNeese information.",medium,2026-08-03
CAT-121,"Technology Accounts, Banner, Moodle, Email, and Wi-Fi",Technology and Systems,CAT-121-S06,errors troubleshooting and support,academic_system,"Queries about Technology Accounts, Banner, Moodle, Email, and Wi-Fi, including its public services, requirements, processes, contacts, dates, policies, troubleshooting, and relevant external sources.","Technology Accounts, Banner, Moodle, Email, and Wi-Fi | MyMcNeese login | McNeese Moodle email wifi",https://www.mcneese.edu/a-to-z/,official McNeese first; authoritative government/partner sources second; verified external discovery when the intent requires it,"Return typed fields, source URL, publication/update date when available, and verification timestamp. Label external options separately from official McNeese information.",medium,2026-08-03
CAT-121,"Technology Accounts, Banner, Moodle, Email, and Wi-Fi",Technology and Systems,CAT-121-S07,data fields status meanings and interpretation,academic_system,"Queries about Technology Accounts, Banner, Moodle, Email, and Wi-Fi, including its public services, requirements, processes, contacts, dates, policies, troubleshooting, and relevant external sources.","Technology Accounts, Banner, Moodle, Email, and Wi-Fi | MyMcNeese login | McNeese Moodle email wifi",https://www.mcneese.edu/a-to-z/,official McNeese first; authoritative government/partner sources second; verified external discovery when the intent requires it,"Return typed fields, source URL, publication/update date when available, and verification timestamp. Label external options separately from official McNeese information.",medium,2026-08-03
CAT-121,"Technology Accounts, Banner, Moodle, Email, and Wi-Fi",Technology and Systems,CAT-121-S08,privacy security and authorized access,academic_system,"Queries about Technology Accounts, Banner, Moodle, Email, and Wi-Fi, including its public services, requirements, processes, contacts, dates, policies, troubleshooting, and relevant external sources.","Technology Accounts, Banner, Moodle, Email, and Wi-Fi | MyMcNeese login | McNeese Moodle email wifi",https://www.mcneese.edu/a-to-z/,official McNeese first; authoritative government/partner sources second; verified external discovery when the intent requires it,"Return typed fields, source URL, publication/update date when available, and verification timestamp. Label external options separately from official McNeese information.",medium,2026-08-03
CAT-122,"Forms, Documents, and Application Status",Admissions and Enrollment,CAT-122-S01,access login and authentication,academic_system,"Queries about Forms, Documents, and Application Status, including its public services, requirements, processes, contacts, dates, policies, troubleshooting, and relevant external sources.","Forms, Documents, and Application Status | McNeese forms | McNeese application status",https://www.mcneese.edu/admissions/apply/,official McNeese first; authoritative government/partner sources second; verified external discovery when the intent requires it,"Return typed fields, source URL, publication/update date when available, and verification timestamp. Label external options separately from official McNeese information.",medium,2026-08-03
CAT-122,"Forms, Documents, and Application Status",Admissions and Enrollment,CAT-122-S02,search browse and navigation,academic_system,"Queries about Forms, Documents, and Application Status, including its public services, requirements, processes, contacts, dates, policies, troubleshooting, and relevant external sources.","Forms, Documents, and Application Status | McNeese forms | McNeese application status",https://www.mcneese.edu/admissions/apply/,official McNeese first; authoritative government/partner sources second; verified external discovery when the intent requires it,"Return typed fields, source URL, publication/update date when available, and verification timestamp. Label external options separately from official McNeese information.",medium,2026-08-03
CAT-122,"Forms, Documents, and Application Status",Admissions and Enrollment,CAT-122-S03,dates deadlines and term availability,academic_system,"Queries about Forms, Documents, and Application Status, including its public services, requirements, processes, contacts, dates, policies, troubleshooting, and relevant external sources.","Forms, Documents, and Application Status | McNeese forms | McNeese application status",https://www.mcneese.edu/admissions/apply/,official McNeese first; authoritative government/partner sources second; verified external discovery when the intent requires it,"Return typed fields, source URL, publication/update date when available, and verification timestamp. Label external options separately from official McNeese information.",medium,2026-08-03
CAT-122,"Forms, Documents, and Application Status",Admissions and Enrollment,CAT-122-S04,requirements restrictions and holds,academic_system,"Queries about Forms, Documents, and Application Status, including its public services, requirements, processes, contacts, dates, policies, troubleshooting, and relevant external sources.","Forms, Documents, and Application Status | McNeese forms | McNeese application status",https://www.mcneese.edu/admissions/apply/,official McNeese first; authoritative government/partner sources second; verified external discovery when the intent requires it,"Return typed fields, source URL, publication/update date when available, and verification timestamp. Label external options separately from official McNeese information.",medium,2026-08-03
CAT-122,"Forms, Documents, and Application Status",Admissions and Enrollment,CAT-122-S05,records forms exports and confirmations,academic_system,"Queries about Forms, Documents, and Application Status, including its public services, requirements, processes, contacts, dates, policies, troubleshooting, and relevant external sources.","Forms, Documents, and Application Status | McNeese forms | McNeese application status",https://www.mcneese.edu/admissions/apply/,official McNeese first; authoritative government/partner sources second; verified external discovery when the intent requires it,"Return typed fields, source URL, publication/update date when available, and verification timestamp. Label external options separately from official McNeese information.",medium,2026-08-03
CAT-122,"Forms, Documents, and Application Status",Admissions and Enrollment,CAT-122-S06,errors troubleshooting and support,academic_system,"Queries about Forms, Documents, and Application Status, including its public services, requirements, processes, contacts, dates, policies, troubleshooting, and relevant external sources.","Forms, Documents, and Application Status | McNeese forms | McNeese application status",https://www.mcneese.edu/admissions/apply/,official McNeese first; authoritative government/partner sources second; verified external discovery when the intent requires it,"Return typed fields, source URL, publication/update date when available, and verification timestamp. Label external options separately from official McNeese information.",medium,2026-08-03
CAT-122,"Forms, Documents, and Application Status",Admissions and Enrollment,CAT-122-S07,data fields status meanings and interpretation,academic_system,"Queries about Forms, Documents, and Application Status, including its public services, requirements, processes, contacts, dates, policies, troubleshooting, and relevant external sources.","Forms, Documents, and Application Status | McNeese forms | McNeese application status",https://www.mcneese.edu/admissions/apply/,official McNeese first; authoritative government/partner sources second; verified external discovery when the intent requires it,"Return typed fields, source URL, publication/update date when available, and verification timestamp. Label external options separately from official McNeese information.",medium,2026-08-03
CAT-122,"Forms, Documents, and Application Status",Admissions and Enrollment,CAT-122-S08,privacy security and authorized access,academic_system,"Queries about Forms, Documents, and Application Status, including its public services, requirements, processes, contacts, dates, policies, troubleshooting, and relevant external sources.","Forms, Documents, and Application Status | McNeese forms | McNeese application status",https://www.mcneese.edu/admissions/apply/,official McNeese first; authoritative government/partner sources second; verified external discovery when the intent requires it,"Return typed fields, source URL, publication/update date when available, and verification timestamp. Label external options separately from official McNeese information.",medium,2026-08-03
CAT-123,"Academic Appeals, Suspension, Probation, and Reinstatement",Academic Records and Graduation,CAT-123-S01,official rules eligibility and definitions,high_stakes_official,"Queries about Academic Appeals, Suspension, Probation, and Reinstatement, including its public services, requirements, processes, contacts, dates, policies, troubleshooting, and relevant external sources.","Academic Appeals, Suspension, Probation, and Reinstatement | McNeese academic appeal | academic suspension McNeese",https://www.mcneese.edu/policy/academics/,official McNeese first; authoritative government/partner sources second; verified external discovery when the intent requires it,"Return typed fields, source URL, publication/update date when available, and verification timestamp. Label external options separately from official McNeese information.",high,2026-08-03
CAT-123,"Academic Appeals, Suspension, Probation, and Reinstatement",Academic Records and Graduation,CAT-123-S02,required documents forms and evidence,high_stakes_official,"Queries about Academic Appeals, Suspension, Probation, and Reinstatement, including its public services, requirements, processes, contacts, dates, policies, troubleshooting, and relevant external sources.","Academic Appeals, Suspension, Probation, and Reinstatement | McNeese academic appeal | academic suspension McNeese",https://www.mcneese.edu/policy/academics/,official McNeese first; authoritative government/partner sources second; verified external discovery when the intent requires it,"Return typed fields, source URL, publication/update date when available, and verification timestamp. Label external options separately from official McNeese information.",high,2026-08-03
CAT-123,"Academic Appeals, Suspension, Probation, and Reinstatement",Academic Records and Graduation,CAT-123-S03,deadlines status and processing times,high_stakes_official,"Queries about Academic Appeals, Suspension, Probation, and Reinstatement, including its public services, requirements, processes, contacts, dates, policies, troubleshooting, and relevant external sources.","Academic Appeals, Suspension, Probation, and Reinstatement | McNeese academic appeal | academic suspension McNeese",https://www.mcneese.edu/policy/academics/,official McNeese first; authoritative government/partner sources second; verified external discovery when the intent requires it,"Return typed fields, source URL, publication/update date when available, and verification timestamp. Label external options separately from official McNeese information.",high,2026-08-03
CAT-123,"Academic Appeals, Suspension, Probation, and Reinstatement",Academic Records and Graduation,CAT-123-S04,authorized contacts appointments and escalation,high_stakes_official,"Queries about Academic Appeals, Suspension, Probation, and Reinstatement, including its public services, requirements, processes, contacts, dates, policies, troubleshooting, and relevant external sources.","Academic Appeals, Suspension, Probation, and Reinstatement | McNeese academic appeal | academic suspension McNeese",https://www.mcneese.edu/policy/academics/,official McNeese first; authoritative government/partner sources second; verified external discovery when the intent requires it,"Return typed fields, source URL, publication/update date when available, and verification timestamp. Label external options separately from official McNeese information.",high,2026-08-03
CAT-123,"Academic Appeals, Suspension, Probation, and Reinstatement",Academic Records and Graduation,CAT-123-S05,appeals exceptions complaints and due process,high_stakes_official,"Queries about Academic Appeals, Suspension, Probation, and Reinstatement, including its public services, requirements, processes, contacts, dates, policies, troubleshooting, and relevant external sources.","Academic Appeals, Suspension, Probation, and Reinstatement | McNeese academic appeal | academic suspension McNeese",https://www.mcneese.edu/policy/academics/,official McNeese first; authoritative government/partner sources second; verified external discovery when the intent requires it,"Return typed fields, source URL, publication/update date when available, and verification timestamp. Label external options separately from official McNeese information.",high,2026-08-03
CAT-123,"Academic Appeals, Suspension, Probation, and Reinstatement",Academic Records and Graduation,CAT-123-S06,privacy confidentiality and records,high_stakes_official,"Queries about Academic Appeals, Suspension, Probation, and Reinstatement, including its public services, requirements, processes, contacts, dates, policies, troubleshooting, and relevant external sources.","Academic Appeals, Suspension, Probation, and Reinstatement | McNeese academic appeal | academic suspension McNeese",https://www.mcneese.edu/policy/academics/,official McNeese first; authoritative government/partner sources second; verified external discovery when the intent requires it,"Return typed fields, source URL, publication/update date when available, and verification timestamp. Label external options separately from official McNeese information.",high,2026-08-03
CAT-123,"Academic Appeals, Suspension, Probation, and Reinstatement",Academic Records and Graduation,CAT-123-S07,emergency or time sensitive assistance,high_stakes_official,"Queries about Academic Appeals, Suspension, Probation, and Reinstatement, including its public services, requirements, processes, contacts, dates, policies, troubleshooting, and relevant external sources.","Academic Appeals, Suspension, Probation, and Reinstatement | McNeese academic appeal | academic suspension McNeese",https://www.mcneese.edu/policy/academics/,official McNeese first; authoritative government/partner sources second; verified external discovery when the intent requires it,"Return typed fields, source URL, publication/update date when available, and verification timestamp. Label external options separately from official McNeese information.",high,2026-08-03
CAT-123,"Academic Appeals, Suspension, Probation, and Reinstatement",Academic Records and Graduation,CAT-123-S08,federal state and university authoritative sources,high_stakes_official,"Queries about Academic Appeals, Suspension, Probation, and Reinstatement, including its public services, requirements, processes, contacts, dates, policies, troubleshooting, and relevant external sources.","Academic Appeals, Suspension, Probation, and Reinstatement | McNeese academic appeal | academic suspension McNeese",https://www.mcneese.edu/policy/academics/,official McNeese first; authoritative government/partner sources second; verified external discovery when the intent requires it,"Return typed fields, source URL, publication/update date when available, and verification timestamp. Label external options separately from official McNeese information.",high,2026-08-03
CAT-124,"Privacy, FERPA, Records Access, and Data Governance","Safety, Rights, and Compliance",CAT-124-S01,official rules eligibility and definitions,high_stakes_official,"Queries about Privacy, FERPA, Records Access, and Data Governance, including its public services, requirements, processes, contacts, dates, policies, troubleshooting, and relevant external sources.","Privacy, FERPA, Records Access, and Data Governance | McNeese FERPA | student privacy McNeese",https://www.mcneese.edu/policy/,official McNeese first; authoritative government/partner sources second; verified external discovery when the intent requires it,"Return typed fields, source URL, publication/update date when available, and verification timestamp. Label external options separately from official McNeese information.",high,2026-08-03
CAT-124,"Privacy, FERPA, Records Access, and Data Governance","Safety, Rights, and Compliance",CAT-124-S02,required documents forms and evidence,high_stakes_official,"Queries about Privacy, FERPA, Records Access, and Data Governance, including its public services, requirements, processes, contacts, dates, policies, troubleshooting, and relevant external sources.","Privacy, FERPA, Records Access, and Data Governance | McNeese FERPA | student privacy McNeese",https://www.mcneese.edu/policy/,official McNeese first; authoritative government/partner sources second; verified external discovery when the intent requires it,"Return typed fields, source URL, publication/update date when available, and verification timestamp. Label external options separately from official McNeese information.",high,2026-08-03
CAT-124,"Privacy, FERPA, Records Access, and Data Governance","Safety, Rights, and Compliance",CAT-124-S03,deadlines status and processing times,high_stakes_official,"Queries about Privacy, FERPA, Records Access, and Data Governance, including its public services, requirements, processes, contacts, dates, policies, troubleshooting, and relevant external sources.","Privacy, FERPA, Records Access, and Data Governance | McNeese FERPA | student privacy McNeese",https://www.mcneese.edu/policy/,official McNeese first; authoritative government/partner sources second; verified external discovery when the intent requires it,"Return typed fields, source URL, publication/update date when available, and verification timestamp. Label external options separately from official McNeese information.",high,2026-08-03
CAT-124,"Privacy, FERPA, Records Access, and Data Governance","Safety, Rights, and Compliance",CAT-124-S04,authorized contacts appointments and escalation,high_stakes_official,"Queries about Privacy, FERPA, Records Access, and Data Governance, including its public services, requirements, processes, contacts, dates, policies, troubleshooting, and relevant external sources.","Privacy, FERPA, Records Access, and Data Governance | McNeese FERPA | student privacy McNeese",https://www.mcneese.edu/policy/,official McNeese first; authoritative government/partner sources second; verified external discovery when the intent requires it,"Return typed fields, source URL, publication/update date when available, and verification timestamp. Label external options separately from official McNeese information.",high,2026-08-03
CAT-124,"Privacy, FERPA, Records Access, and Data Governance","Safety, Rights, and Compliance",CAT-124-S05,appeals exceptions complaints and due process,high_stakes_official,"Queries about Privacy, FERPA, Records Access, and Data Governance, including its public services, requirements, processes, contacts, dates, policies, troubleshooting, and relevant external sources.","Privacy, FERPA, Records Access, and Data Governance | McNeese FERPA | student privacy McNeese",https://www.mcneese.edu/policy/,official McNeese first; authoritative government/partner sources second; verified external discovery when the intent requires it,"Return typed fields, source URL, publication/update date when available, and verification timestamp. Label external options separately from official McNeese information.",high,2026-08-03
CAT-124,"Privacy, FERPA, Records Access, and Data Governance","Safety, Rights, and Compliance",CAT-124-S06,privacy confidentiality and records,high_stakes_official,"Queries about Privacy, FERPA, Records Access, and Data Governance, including its public services, requirements, processes, contacts, dates, policies, troubleshooting, and relevant external sources.","Privacy, FERPA, Records Access, and Data Governance | McNeese FERPA | student privacy McNeese",https://www.mcneese.edu/policy/,official McNeese first; authoritative government/partner sources second; verified external discovery when the intent requires it,"Return typed fields, source URL, publication/update date when available, and verification timestamp. Label external options separately from official McNeese information.",high,2026-08-03
CAT-124,"Privacy, FERPA, Records Access, and Data Governance","Safety, Rights, and Compliance",CAT-124-S07,emergency or time sensitive assistance,high_stakes_official,"Queries about Privacy, FERPA, Records Access, and Data Governance, including its public services, requirements, processes, contacts, dates, policies, troubleshooting, and relevant external sources.","Privacy, FERPA, Records Access, and Data Governance | McNeese FERPA | student privacy McNeese",https://www.mcneese.edu/policy/,official McNeese first; authoritative government/partner sources second; verified external discovery when the intent requires it,"Return typed fields, source URL, publication/update date when available, and verification timestamp. Label external options separately from official McNeese information.",high,2026-08-03
CAT-124,"Privacy, FERPA, Records Access, and Data Governance","Safety, Rights, and Compliance",CAT-124-S08,federal state and university authoritative sources,high_stakes_official,"Queries about Privacy, FERPA, Records Access, and Data Governance, including its public services, requirements, processes, contacts, dates, policies, troubleshooting, and relevant external sources.","Privacy, FERPA, Records Access, and Data Governance | McNeese FERPA | student privacy McNeese",https://www.mcneese.edu/policy/,official McNeese first; authoritative government/partner sources second; verified external discovery when the intent requires it,"Return typed fields, source URL, publication/update date when available, and verification timestamp. Label external options separately from official McNeese information.",high,2026-08-03
