source_id,source_name,url,domain,content_type,category,parent_source_id,is_leaf,catalog_year,priority_for_ingest,PM_Review_Status,Allowed_for_AI_Retrieval,last_ingested_timestamp,content_hash,discovered_from,notes
SRC-001,McNeese Main Website Root,https://www.mcneese.edu/,www.mcneese.edu,html,University Overview / Navigation,,false,,high,Pending,Yes,,,seed,"Use for source discovery, not as the main answer source when a more specific page exists."
SRC-002,Admissions Overview,https://www.mcneese.edu/admissions/,www.mcneese.edu,html,Admissions / Future Students,,false,,high,Approved,Yes,2026-07-05T21:36:58,,seed,High priority for prospective-student assistant queries.
SRC-003,International Student Services,https://www.mcneese.edu/international/,www.mcneese.edu,html,International Admissions / Student Services,,false,,high,Pending,Yes,2026-07-05T21:37:01,,seed,Review carefully for immigration/legal sensitivity; cite source directly.
SRC-004,Estimated Costs,https://www.mcneese.edu/admissions/estimated-costs/,www.mcneese.edu,html,Tuition / Cost / Financial Planning,,false,,high,Approved,Yes,2026-07-05T21:37:04,,seed,Cost data changes often; set recrawl priority high before each term.
SRC-005,Financial Aid,https://www.mcneese.edu/financial-aid/,www.mcneese.edu,html,Financial Aid,,false,,high,Approved,Yes,2026-07-05T21:37:07,,seed,Financial data can be high-stakes; require citations and last-checked date.
SRC-006,Scholarships,https://www.mcneese.edu/student-central/scholarships/,www.mcneese.edu,html,Scholarships,,false,,high,Approved,Yes,2026-07-05T21:37:09,,seed,Redirects from /scholarships/ to Student Central scholarship page.
SRC-007,Undergraduate Programs,https://www.mcneese.edu/academics/undergraduate-programs/,www.mcneese.edu,html,Academic Programs,,false,,high,Approved,Yes,,,seed,Use catalog as source of truth for exact degree requirements.
SRC-008,Graduate Programs,https://www.mcneese.edu/academics/graduate-programs/,www.mcneese.edu,html,Graduate Programs,,false,,high,Pending,Yes,,,seed,Use catalog/graduate school pages for exact requirements.
SRC-009,Online Programs,https://www.mcneese.edu/academics/online-program/,www.mcneese.edu,html,Online Programs,,false,,high,Pending,Yes,,,seed,Confirm exact program counts before public release.
SRC-010,Colleges and Departments,https://www.mcneese.edu/academics/colleges-and-departments/,www.mcneese.edu,html,Colleges / Departments,,false,,high,Pending,Yes,,,seed,High value for source routing and department ownership mapping.
SRC-011,Academic Catalog,https://catalog.mcneese.edu/,catalog.mcneese.edu,html,Catalog / Degree Requirements / Policies,,false,,high,Approved,Yes,,,seed,Treat as source of truth for degree requirements; verify catalog year.
SRC-012,Academic Schedule,https://www.mcneese.edu/schedule/,www.mcneese.edu,html,Academic Calendar / Schedule,,false,,high,Approved,Yes,,,seed,High recrawl priority before and during registration periods.
SRC-013,Class Search,https://schedule.mcneese.edu/,schedule.mcneese.edu,html,Course Search / Class Listings,,false,,high,Approved,"Yes, with limits",,,seed,May be dynamic; avoid claiming seat availability unless verified live.
SRC-014,Student Central,https://www.mcneese.edu/student-central/,www.mcneese.edu,html,Student Services / One Stop,,false,,high,Approved,Yes,,,seed,Do not ingest Canvas/Banner login-only data in Sprint 1.
SRC-015,Office of the Registrar,https://www.mcneese.edu/registrar/,www.mcneese.edu,html,Registrar / Student Records / Academic Policy,,false,,high,Approved,Yes,,,seed,Important high-trust source for academic standing workflow.
SRC-016,Campus Life,https://www.mcneese.edu/campus-life/,www.mcneese.edu,html,Student Life / Support Services,,false,,high,Pending,Yes,,,seed,Some health/wellness answers should cite official pages and avoid medical advice.
SRC-017,Campus Maps,https://www.mcneese.edu/campusmaps/,www.mcneese.edu,html,Campus Map / Directions,,false,,high,Pending,Yes,,,seed,May need map/image handling later.
SRC-018,Research and Sponsored Programs,https://www.mcneese.edu/grants/,www.mcneese.edu,html,Research / Grants,,false,,high,Pending,Yes,,,seed,Redirect observed from /research/ to /grants/.
SRC-019,Faculty and Staff Hub,https://www.mcneese.edu/faculty-staff/,www.mcneese.edu,html,Faculty & Staff Resources,,false,,high,Pending,Yes,,,seed,"Exclude login-only portals such as MyMcNeese, Banner, Moodle unless public docs only."
SRC-020,University Policies,https://www.mcneese.edu/policy/,www.mcneese.edu,html,Policies / Governance,,false,,high,Pending,Yes,,,seed,Use direct policy page citations; set version/date checks if available.
SRC-021,Emergency Preparedness / University Status,https://www.mcneese.edu/emergency/,www.mcneese.edu,html,Emergency / Safety,,false,,high,Pending,Yes,,,seed,Do not cache during emergency; always check live source.
SRC-022,Consumer Information Disclosures,https://www.mcneese.edu/ire/consumer-disclosures/,www.mcneese.edu,html,Consumer Information / Compliance,,false,,high,Pending,Yes,,,seed,May include linked PDFs/reports; verify before ingestion.
SRC-023,Title IX and Power-Based Violence Reporting,https://www.mcneese.edu/titleix/data/,www.mcneese.edu,html,Title IX / Reporting / Compliance,,false,,high,Pending,"Yes, with care",,,seed,Sensitive topic: do not summarize beyond source; provide direct referral/citation.
SRC-024,Office of Campus Compliance and Civility,https://www.mcneese.edu/compliance/,www.mcneese.edu,html,Compliance / Civility / Reporting,,false,,high,Pending,"Yes, with care",,,seed,Sensitive; require official citations.
SRC-025,Library,https://www.mcneese.edu/library/,www.mcneese.edu,html,Library / Research Resources,,false,,high,Pending,Yes,,,seed,Do not ingest paywalled/auth-only library database content.
SRC-026,Today at McNeese / News and Events,https://www.mcneese.edu/today/,www.mcneese.edu,html,News / Events / Announcements,,false,,high,Pending,Yes,,,seed,Time-sensitive; keep publish/event dates in retrieval metadata.
SRC-027,Bookstore,https://www.mcneese.edu/bookstore/,www.mcneese.edu,html,Bookstore / Textbooks / Merch,,false,,high,Pending,"Yes, limited",,,seed,"External vendor/store links should be treated as referral sources, not knowledge base truth for inventory/prices."
SRC-028,Athletics,https://mcneesesports.com/,mcneesesports.com,html,Athletics / Sports / Tickets / Teams,,false,,high,Approved,Yes,,,seed,Separate domain; verify crawl rules and source ownership before automated ingestion.
SRC-029,Organizations and Engagement,https://mcneese.presence.io/,mcneese.presence.io,html,Organizations / Engagement,,false,,high,Approved,"Yes, limited",,,seed,External platform; verify public API/crawl permission before ingestion.
SRC-030,Terms of Use / Web Disclaimer,https://www.mcneese.edu/terms-of-use/,www.mcneese.edu,html,Website Terms / Web Disclaimer,,false,,high,Pending,Yes,,,seed,Keep separate from student-facing QA corpus unless needed.
SRC-031,Freshman Academic Scholarships,https://www.mcneese.edu/scholarships/freshman_academic_scholarships/,www.mcneese.edu,html,Scholarships,,false,,high,Approved,Yes,2026-07-05T21:37:12,,seed,Contains award tables that must be preserved as structured Markdown.
SRC-032,Continuing Student Academic Scholarships,https://www.mcneese.edu/scholarships/continuing_student_academic_scholarships/,www.mcneese.edu,html,Scholarships,,false,,high,Approved,Yes,2026-07-05T21:37:14,,seed,Application-process page; pair with award-tier pages for full answers.
SRC-033,International Scholarships,https://www.mcneese.edu/student-central/international-scholarships/,www.mcneese.edu,html,Scholarships / International,,false,,high,Approved,Yes,2026-07-05T21:37:17,,seed,Contains GPA/test-score/dollar tables that must be preserved as structured Markdown.
SRC-034,apply,https://www.mcneese.edu/admissions/apply,www.mcneese.edu,html,admissions_leaf,SRC-002,true,,high,Pending_Review,,2026-07-05T21:37:23,,sitemap_xml,
SRC-035,athletics,https://www.mcneese.edu/financial-aid/athletics,www.mcneese.edu,html,financial_aid_leaf,SRC-005,true,,high,Pending_Review,,2026-07-05T21:37:25,,sitemap_xml,
SRC-036,continuing_student_academic_scholarships,https://www.mcneese.edu/financial-aid/continuing_student_academic_scholarships,www.mcneese.edu,html,financial_aid_leaf,SRC-032,true,,high,Pending_Review,,2026-07-05T21:37:27,,sitemap_xml,
SRC-037,courses-not-eligible-for-federal-assistance,https://www.mcneese.edu/financial-aid/courses-not-eligible-for-federal-assistance,www.mcneese.edu,html,financial_aid_leaf,SRC-005,true,,high,Pending_Review,,2026-07-05T21:37:29,,sitemap_xml,
SRC-038,fafsa-resources,https://www.mcneese.edu/financial-aid/fafsa-resources,www.mcneese.edu,html,financial_aid_leaf,SRC-005,true,,high,Pending_Review,,2026-07-05T21:37:32,,sitemap_xml,
SRC-039,fafsa-videos-resources,https://www.mcneese.edu/financial-aid/fafsa-videos-resources,www.mcneese.edu,html,financial_aid_leaf,SRC-005,true,,high,Pending_Review,,2026-07-05T21:37:34,,sitemap_xml,
SRC-040,forms,https://www.mcneese.edu/financial-aid/forms,www.mcneese.edu,html,financial_aid_leaf,SRC-005,true,,high,Pending_Review,,2026-07-05T21:37:38,,sitemap_xml,
SRC-041,freshman_academic_scholarships,https://www.mcneese.edu/financial-aid/freshman_academic_scholarships,www.mcneese.edu,html,financial_aid_leaf,SRC-031,true,,high,Pending_Review,,2026-07-05T21:37:41,,sitemap_xml,
SRC-042,gainful-employment-disclosure-information,https://www.mcneese.edu/financial-aid/gainful-employment-disclosure-information,www.mcneese.edu,html,financial_aid_leaf,SRC-005,true,,high,Pending_Review,,2026-07-05T21:37:44,,sitemap_xml,
SRC-043,glossary,https://www.mcneese.edu/financial-aid/glossary,www.mcneese.edu,html,financial_aid_leaf,SRC-005,true,,high,Pending_Review,,2026-07-05T21:37:47,,sitemap_xml,
SRC-044,glossary-terms-and-conditions,https://www.mcneese.edu/financial-aid/glossary-terms-and-conditions,www.mcneese.edu,html,financial_aid_leaf,SRC-005,true,,high,Pending_Review,,2026-07-05T21:37:53,,sitemap_xml,
SRC-045,graduate_scholarships,https://www.mcneese.edu/financial-aid/graduate_scholarships,www.mcneese.edu,html,financial_aid_leaf,SRC-006,true,,high,Pending_Review,,2026-07-05T21:37:55,,sitemap_xml,
SRC-046,home-financial_aid_forms-financial-aid-document-examples,https://www.mcneese.edu/financial-aid/home-financial_aid_forms-financial-aid-document-examples,www.mcneese.edu,html,financial_aid_leaf,SRC-005,true,,high,Pending_Review,,2026-07-05T21:37:58,,sitemap_xml,
SRC-047,home-verification-gateway,https://www.mcneese.edu/financial-aid/home-verification-gateway,www.mcneese.edu,html,financial_aid_leaf,SRC-005,true,,high,Pending_Review,,2026-07-05T21:38:01,,sitemap_xml,
SRC-048,honorscollege,https://www.mcneese.edu/financial-aid/honorscollege,www.mcneese.edu,html,financial_aid_leaf,SRC-005,true,,high,Pending_Review,,2026-07-05T21:38:03,,sitemap_xml,
SRC-049,how-to,https://www.mcneese.edu/financial-aid/how-to,www.mcneese.edu,html,financial_aid_leaf,SRC-005,true,,high,Pending_Review,,2026-07-05T21:38:05,,sitemap_xml,
SRC-050,how-to-appeal,https://www.mcneese.edu/financial-aid/how-to-appeal,www.mcneese.edu,html,financial_aid_leaf,SRC-005,true,,high,Pending_Review,,2026-07-05T21:38:08,,sitemap_xml,
SRC-051,how-to-apply-for-financial-aid,https://www.mcneese.edu/financial-aid/how-to-apply-for-financial-aid,www.mcneese.edu,html,financial_aid_leaf,SRC-005,true,,high,Pending_Review,,2026-07-05T21:38:11,,sitemap_xml,
SRC-052,inbox,https://www.mcneese.edu/financial-aid/inbox,www.mcneese.edu,html,financial_aid_leaf,SRC-005,true,,high,Pending_Review,,2026-07-05T21:38:13,,sitemap_xml,
SRC-053,international-scholarships,https://www.mcneese.edu/financial-aid/international-scholarships,www.mcneese.edu,html,financial_aid_leaf,SRC-033,true,,high,Pending_Review,,2026-07-05T21:38:15,,sitemap_xml,
SRC-054,performancescholarships,https://www.mcneese.edu/financial-aid/performancescholarships,www.mcneese.edu,html,financial_aid_leaf,SRC-006,true,,high,Pending_Review,,2026-07-05T21:38:17,,sitemap_xml,
SRC-055,post-baccalaureate-certificates-in-education,https://www.mcneese.edu/financial-aid/post-baccalaureate-certificates-in-education,www.mcneese.edu,html,financial_aid_leaf,SRC-005,true,,high,Pending_Review,,2026-07-05T21:38:20,,sitemap_xml,
SRC-056,post-baccalaureate-certificates-in-education-2,https://www.mcneese.edu/financial-aid/post-baccalaureate-certificates-in-education-2,www.mcneese.edu,html,financial_aid_leaf,SRC-005,true,,high,Pending_Review,,2026-07-05T21:38:22,,sitemap_xml,
SRC-057,private-ed-loan-disclosure,https://www.mcneese.edu/financial-aid/private-ed-loan-disclosure,www.mcneese.edu,html,financial_aid_leaf,SRC-005,true,,high,Pending_Review,,2026-07-05T21:38:24,,sitemap_xml,
SRC-058,private-education-loan-application-self-certific,https://www.mcneese.edu/financial-aid/private-education-loan-application-self-certific,www.mcneese.edu,html,financial_aid_leaf,SRC-005,true,,high,Pending_Review,,2026-07-05T21:38:27,,sitemap_xml,
SRC-059,professional-judgments,https://www.mcneese.edu/financial-aid/professional-judgments,www.mcneese.edu,html,financial_aid_leaf,SRC-005,true,,high,Pending_Review,,2026-07-05T21:38:30,,sitemap_xml,
SRC-060,scholarships-the-horatio-alger-national-and-state-scholarships,https://www.mcneese.edu/financial-aid/scholarships-the-horatio-alger-national-and-state-scholarships,www.mcneese.edu,html,financial_aid_leaf,SRC-006,true,,high,Pending_Review,,2026-07-05T21:38:32,,sitemap_xml,
SRC-061,shopping-sheet,https://www.mcneese.edu/financial-aid/shopping-sheet,www.mcneese.edu,html,financial_aid_leaf,SRC-005,true,,high,Pending_Review,,2026-07-05T21:38:35,,sitemap_xml,
SRC-062,status,https://www.mcneese.edu/financial-aid/status,www.mcneese.edu,html,financial_aid_leaf,SRC-005,true,,high,Pending_Review,,2026-07-05T21:38:36,,sitemap_xml,
SRC-063,student-loans-101,https://www.mcneese.edu/financial-aid/student-loans-101,www.mcneese.edu,html,financial_aid_leaf,SRC-005,true,,high,Pending_Review,,2026-07-05T21:38:39,,sitemap_xml,
SRC-064,submit,https://www.mcneese.edu/financial-aid/submit,www.mcneese.edu,html,financial_aid_leaf,SRC-005,true,,high,Pending_Review,,2026-07-05T21:38:41,,sitemap_xml,
SRC-065,test,https://www.mcneese.edu/financial-aid/test,www.mcneese.edu,html,financial_aid_leaf,SRC-005,true,,high,Pending_Review,,2026-07-05T21:38:43,,sitemap_xml,
SRC-066,tops,https://www.mcneese.edu/financial-aid/tops,www.mcneese.edu,html,financial_aid_leaf,SRC-005,true,,high,Pending_Review,,2026-07-05T21:38:46,,sitemap_xml,
SRC-067,transfer_scholarships,https://www.mcneese.edu/financial-aid/transfer_scholarships,www.mcneese.edu,html,financial_aid_leaf,SRC-006,true,,high,Pending_Review,,2026-07-05T21:38:48,,sitemap_xml,
SRC-068,truth-in-lending-act,https://www.mcneese.edu/financial-aid/truth-in-lending-act,www.mcneese.edu,html,financial_aid_leaf,SRC-005,true,,high,Pending_Review,,2026-07-05T21:38:52,,sitemap_xml,
SRC-069,understanding-aid,https://www.mcneese.edu/financial-aid/understanding-aid,www.mcneese.edu,html,financial_aid_leaf,SRC-005,true,,high,Pending_Review,,2026-07-05T21:38:55,,sitemap_xml,
SRC-070,accounting,https://www.mcneese.edu/academics/undergraduate-programs/accounting,www.mcneese.edu,html,academic_leaf,SRC-007,true,,medium,Pending_Review,,,,sitemap_xml,
SRC-071,business-administration,https://www.mcneese.edu/academics/undergraduate-programs/business-administration,www.mcneese.edu,html,academic_leaf,SRC-007,true,,medium,Pending_Review,,,,sitemap_xml,
SRC-072,theatre-arts,https://www.mcneese.edu/academics/undergraduate-programs/theatre-arts,www.mcneese.edu,html,academic_leaf,SRC-007,true,,medium,Pending_Review,,,,sitemap_xml,
SRC-073,Agricultural Education Grades 6-12,https://catalog.mcneese.edu/preview_program.php?catoid=102&poid=61470,catalog.mcneese.edu,dynamic_catalog,catalog_program,SRC-011,true,2026-2027,high,Pending_Review,,,,catalog_inventory,
SRC-074,Pre-Veterinary Medicine,https://catalog.mcneese.edu/preview_program.php?catoid=102&poid=61471,catalog.mcneese.edu,dynamic_catalog,catalog_program,SRC-011,true,2026-2027,high,Pending_Review,,2026-07-05T21:27:22,,catalog_inventory,
SRC-075,Agricultural Sciences,https://catalog.mcneese.edu/preview_program.php?catoid=102&poid=61472,catalog.mcneese.edu,dynamic_catalog,catalog_program,SRC-011,true,2026-2027,high,Pending_Review,,2026-07-05T21:27:28,,catalog_inventory,
SRC-076,Biology Education Grades 6-12,https://catalog.mcneese.edu/preview_program.php?catoid=102&poid=61475,catalog.mcneese.edu,dynamic_catalog,catalog_program,SRC-011,true,2026-2027,high,Pending_Review,,2026-07-05T21:27:35,,catalog_inventory,
SRC-077,Biology,https://catalog.mcneese.edu/preview_program.php?catoid=102&poid=61476,catalog.mcneese.edu,dynamic_catalog,catalog_program,SRC-011,true,2026-2027,high,Pending_Review,,2026-07-05T21:27:41,,catalog_inventory,
SRC-078,Chemical Engineering,https://catalog.mcneese.edu/preview_program.php?catoid=102&poid=61479,catalog.mcneese.edu,dynamic_catalog,catalog_program,SRC-011,true,2026-2027,high,Pending_Review,,2026-07-05T21:27:47,,catalog_inventory,
SRC-079,Chemistry Education Grades 6-12,https://catalog.mcneese.edu/preview_program.php?catoid=102&poid=61481,catalog.mcneese.edu,dynamic_catalog,catalog_program,SRC-011,true,2026-2027,high,Pending_Review,,2026-07-05T21:27:53,,catalog_inventory,
SRC-080,Chemistry,https://catalog.mcneese.edu/preview_program.php?catoid=102&poid=61482,catalog.mcneese.edu,dynamic_catalog,catalog_program,SRC-011,true,2026-2027,high,Pending_Review,,2026-07-05T21:27:59,,catalog_inventory,
SRC-081,Classical Studies,https://catalog.mcneese.edu/preview_program.php?catoid=102&poid=61483,catalog.mcneese.edu,dynamic_catalog,catalog_program,SRC-011,true,2026-2027,high,Pending_Review,,2026-07-05T21:28:05,,catalog_inventory,
SRC-082,Medical Laboratory Science,https://catalog.mcneese.edu/preview_program.php?catoid=102&poid=61484,catalog.mcneese.edu,dynamic_catalog,catalog_program,SRC-011,true,2026-2027,high,Pending_Review,,2026-07-05T21:28:11,,catalog_inventory,
SRC-083,Communication Studies,https://catalog.mcneese.edu/preview_program.php?catoid=102&poid=61485,catalog.mcneese.edu,dynamic_catalog,catalog_program,SRC-011,true,2026-2027,high,Pending_Review,,2026-07-05T21:28:18,,catalog_inventory,
SRC-084,Comparative Literature,https://catalog.mcneese.edu/preview_program.php?catoid=102&poid=61486,catalog.mcneese.edu,dynamic_catalog,catalog_program,SRC-011,true,2026-2027,high,Pending_Review,,2026-07-05T21:28:24,,catalog_inventory,
SRC-085,General Computer Science,https://catalog.mcneese.edu/preview_program.php?catoid=102&poid=61487,catalog.mcneese.edu,dynamic_catalog,catalog_program,SRC-011,true,2026-2027,high,Pending_Review,,2026-07-05T21:28:31,,catalog_inventory,
SRC-086,Computer Science,https://catalog.mcneese.edu/preview_program.php?catoid=102&poid=61488,catalog.mcneese.edu,dynamic_catalog,catalog_program,SRC-011,true,2026-2027,high,Pending_Review,,2026-07-05T21:28:37,,catalog_inventory,
SRC-087,Poetry,https://catalog.mcneese.edu/preview_program.php?catoid=102&poid=61489,catalog.mcneese.edu,dynamic_catalog,catalog_program,SRC-011,true,2026-2027,high,Pending_Review,,2026-07-05T21:28:43,,catalog_inventory,
SRC-088,Criminal Justice,https://catalog.mcneese.edu/preview_program.php?catoid=102&poid=61490,catalog.mcneese.edu,dynamic_catalog,catalog_program,SRC-011,true,2026-2027,high,Pending_Review,,2026-07-05T21:28:49,,catalog_inventory,
SRC-089,Criminal Justice,https://catalog.mcneese.edu/preview_program.php?catoid=102&poid=61491,catalog.mcneese.edu,dynamic_catalog,catalog_program,SRC-011,true,2026-2027,high,Pending_Review,,2026-07-05T21:28:56,,catalog_inventory,
SRC-090,Early Childhood Education Grades PK-3,https://catalog.mcneese.edu/preview_program.php?catoid=102&poid=61492,catalog.mcneese.edu,dynamic_catalog,catalog_program,SRC-011,true,2026-2027,high,Pending_Review,,2026-07-05T21:29:02,,catalog_inventory,
SRC-091,Elementary Education Grades 1-5,https://catalog.mcneese.edu/preview_program.php?catoid=102&poid=61497,catalog.mcneese.edu,dynamic_catalog,catalog_program,SRC-011,true,2026-2027,high,Pending_Review,,2026-07-05T21:29:09,,catalog_inventory,
SRC-092,Literature,https://catalog.mcneese.edu/preview_program.php?catoid=102&poid=61498,catalog.mcneese.edu,dynamic_catalog,catalog_program,SRC-011,true,2026-2027,high,Pending_Review,,2026-07-05T21:29:27,,catalog_inventory,
SRC-093,English Education Grades 6-12,https://catalog.mcneese.edu/preview_program.php?catoid=102&poid=61499,catalog.mcneese.edu,dynamic_catalog,catalog_program,SRC-011,true,2026-2027,high,Pending_Review,,2026-07-05T21:29:34,,catalog_inventory,
SRC-094,English,https://catalog.mcneese.edu/preview_program.php?catoid=102&poid=61500,catalog.mcneese.edu,dynamic_catalog,catalog_program,SRC-011,true,2026-2027,high,Pending_Review,,2026-07-05T21:29:40,,catalog_inventory,
SRC-095,Environmental Science Education Grades 6-12,https://catalog.mcneese.edu/preview_program.php?catoid=102&poid=61501,catalog.mcneese.edu,dynamic_catalog,catalog_program,SRC-011,true,2026-2027,high,Pending_Review,,2026-07-05T21:29:48,,catalog_inventory,
SRC-096,French,https://catalog.mcneese.edu/preview_program.php?catoid=102&poid=61505,catalog.mcneese.edu,dynamic_catalog,catalog_program,SRC-011,true,2026-2027,high,Pending_Review,,2026-07-05T21:29:55,,catalog_inventory,
SRC-097,General Education Curriculum,https://catalog.mcneese.edu/preview_program.php?catoid=102&poid=61507,catalog.mcneese.edu,dynamic_catalog,catalog_program,SRC-011,true,2026-2027,high,Pending_Review,,2026-07-05T21:30:01,,catalog_browse,
SRC-098,Applied and Natural Sciences,https://catalog.mcneese.edu/preview_program.php?catoid=102&poid=61508,catalog.mcneese.edu,dynamic_catalog,catalog_program,SRC-011,true,2026-2027,high,Pending_Review,,2026-07-05T21:30:08,,catalog_inventory,
SRC-099,General History,https://catalog.mcneese.edu/preview_program.php?catoid=102&poid=61511,catalog.mcneese.edu,dynamic_catalog,catalog_program,SRC-011,true,2026-2027,high,Pending_Review,,2026-07-05T21:30:15,,catalog_inventory,
SRC-100,History,https://catalog.mcneese.edu/preview_program.php?catoid=102&poid=61512,catalog.mcneese.edu,dynamic_catalog,catalog_program,SRC-011,true,2026-2027,high,Pending_Review,,2026-07-05T21:30:21,,catalog_inventory,
SRC-101,Mass Communication,https://catalog.mcneese.edu/preview_program.php?catoid=102&poid=61516,catalog.mcneese.edu,dynamic_catalog,catalog_program,SRC-011,true,2026-2027,high,Pending_Review,,2026-07-05T21:30:27,,catalog_inventory,
SRC-102,Mathematics,https://catalog.mcneese.edu/preview_program.php?catoid=102&poid=61517,catalog.mcneese.edu,dynamic_catalog,catalog_program,SRC-011,true,2026-2027,high,Pending_Review,,2026-07-05T21:30:33,,catalog_inventory,
SRC-103,Mathematics,https://catalog.mcneese.edu/preview_program.php?catoid=102&poid=61518,catalog.mcneese.edu,dynamic_catalog,catalog_program,SRC-011,true,2026-2027,high,Pending_Review,,2026-07-05T21:30:40,,catalog_inventory,
SRC-104,Mathematics Education Grades 6-12,https://catalog.mcneese.edu/preview_program.php?catoid=102&poid=61519,catalog.mcneese.edu,dynamic_catalog,catalog_program,SRC-011,true,2026-2027,high,Pending_Review,,2026-07-05T21:30:46,,catalog_inventory,
SRC-105,Mathematics,https://catalog.mcneese.edu/preview_program.php?catoid=102&poid=61520,catalog.mcneese.edu,dynamic_catalog,catalog_program,SRC-011,true,2026-2027,high,Pending_Review,,2026-07-05T21:30:52,,catalog_inventory,
SRC-106,No Concentration,https://catalog.mcneese.edu/preview_program.php?catoid=102&poid=61522,catalog.mcneese.edu,dynamic_catalog,catalog_program,SRC-011,true,2026-2027,high,Pending_Review,,2026-07-05T21:30:59,,catalog_inventory,
SRC-107,Nursing,https://catalog.mcneese.edu/preview_program.php?catoid=102&poid=61523,catalog.mcneese.edu,dynamic_catalog,catalog_program,SRC-011,true,2026-2027,high,Pending_Review,,2026-07-05T21:31:05,,catalog_inventory,
SRC-108,Family Nurse Practitioner,https://catalog.mcneese.edu/preview_program.php?catoid=102&poid=61524,catalog.mcneese.edu,dynamic_catalog,catalog_program,SRC-011,true,2026-2027,high,Pending_Review,,2026-07-05T21:31:11,,catalog_inventory,
SRC-109,Nutrition,https://catalog.mcneese.edu/preview_program.php?catoid=102&poid=61525,catalog.mcneese.edu,dynamic_catalog,catalog_program,SRC-011,true,2026-2027,high,Pending_Review,,2026-07-05T21:31:18,,catalog_inventory,
SRC-110,Philosophy,https://catalog.mcneese.edu/preview_program.php?catoid=102&poid=61528,catalog.mcneese.edu,dynamic_catalog,catalog_program,SRC-011,true,2026-2027,high,Pending_Review,,2026-07-05T21:31:24,,catalog_inventory,
SRC-111,Physics,https://catalog.mcneese.edu/preview_program.php?catoid=102&poid=61529,catalog.mcneese.edu,dynamic_catalog,catalog_program,SRC-011,true,2026-2027,high,Pending_Review,,2026-07-05T21:31:30,,catalog_inventory,
SRC-112,Psychology,https://catalog.mcneese.edu/preview_program.php?catoid=102&poid=61530,catalog.mcneese.edu,dynamic_catalog,catalog_program,SRC-011,true,2026-2027,high,Pending_Review,,2026-07-05T21:31:36,,catalog_inventory,
SRC-113,Radiologic Sciences,https://catalog.mcneese.edu/preview_program.php?catoid=102&poid=61532,catalog.mcneese.edu,dynamic_catalog,catalog_program,SRC-011,true,2026-2027,high,Pending_Review,,2026-07-05T21:31:43,,catalog_inventory,
SRC-114,General Sociology,https://catalog.mcneese.edu/preview_program.php?catoid=102&poid=61535,catalog.mcneese.edu,dynamic_catalog,catalog_program,SRC-011,true,2026-2027,high,Pending_Review,,2026-07-05T21:31:49,,catalog_inventory,
SRC-115,Sociology,https://catalog.mcneese.edu/preview_program.php?catoid=102&poid=61536,catalog.mcneese.edu,dynamic_catalog,catalog_program,SRC-011,true,2026-2027,high,Pending_Review,,2026-07-05T21:31:55,,catalog_inventory,
SRC-116,Spanish,https://catalog.mcneese.edu/preview_program.php?catoid=102&poid=61537,catalog.mcneese.edu,dynamic_catalog,catalog_program,SRC-011,true,2026-2027,high,Pending_Review,,2026-07-05T21:32:01,,catalog_inventory,
SRC-117,Statistics,https://catalog.mcneese.edu/preview_program.php?catoid=102&poid=61538,catalog.mcneese.edu,dynamic_catalog,catalog_program,SRC-011,true,2026-2027,high,Pending_Review,,2026-07-05T21:32:07,,catalog_inventory,
SRC-118,Theatre Arts,https://catalog.mcneese.edu/preview_program.php?catoid=102&poid=61540,catalog.mcneese.edu,dynamic_catalog,catalog_program,SRC-011,true,2026-2027,high,Pending_Review,,,,catalog_inventory,
SRC-119,Wildlife Management,https://catalog.mcneese.edu/preview_program.php?catoid=102&poid=61541,catalog.mcneese.edu,dynamic_catalog,catalog_program,SRC-011,true,2026-2027,high,Pending_Review,,,,catalog_inventory,
SRC-120,Writing,https://catalog.mcneese.edu/preview_program.php?catoid=102&poid=61542,catalog.mcneese.edu,dynamic_catalog,catalog_program,SRC-011,true,2026-2027,high,Pending_Review,,,,catalog_inventory,
SRC-121,Entrepreneurship,https://catalog.mcneese.edu/preview_program.php?catoid=102&poid=61543,catalog.mcneese.edu,dynamic_catalog,catalog_program,SRC-011,true,2026-2027,high,Pending_Review,,,,catalog_inventory,
SRC-122,Social Studies Education Grades 6-12,https://catalog.mcneese.edu/preview_program.php?catoid=102&poid=61545,catalog.mcneese.edu,dynamic_catalog,catalog_program,SRC-011,true,2026-2027,high,Pending_Review,,,,catalog_inventory,
SRC-123,Psychiatric Mental Health Nurse Practitioner,https://catalog.mcneese.edu/preview_program.php?catoid=102&poid=61548,catalog.mcneese.edu,dynamic_catalog,catalog_program,SRC-011,true,2026-2027,high,Pending_Review,,,,catalog_inventory,
SRC-124,Early Childhood Education Grades PK-3,https://catalog.mcneese.edu/preview_program.php?catoid=102&poid=61549,catalog.mcneese.edu,dynamic_catalog,catalog_program,SRC-011,true,2026-2027,high,Pending_Review,,,,catalog_inventory,
SRC-125,Elementary Education Grades 1-5,https://catalog.mcneese.edu/preview_program.php?catoid=102&poid=61550,catalog.mcneese.edu,dynamic_catalog,catalog_program,SRC-011,true,2026-2027,high,Pending_Review,,,,catalog_inventory,
SRC-126,Secondary Education Grades 6-12 [Agriculture],https://catalog.mcneese.edu/preview_program.php?catoid=102&poid=61553,catalog.mcneese.edu,dynamic_catalog,catalog_program,SRC-011,true,2026-2027,high,Pending_Review,,,,catalog_inventory,
SRC-127,School Librarian,https://catalog.mcneese.edu/preview_program.php?catoid=102&poid=61554,catalog.mcneese.edu,dynamic_catalog,catalog_program,SRC-011,true,2026-2027,high,Pending_Review,,,,catalog_inventory,
SRC-128,Agribusiness,https://catalog.mcneese.edu/preview_program.php?catoid=102&poid=61564,catalog.mcneese.edu,dynamic_catalog,catalog_program,SRC-011,true,2026-2027,high,Pending_Review,,,,catalog_inventory,
SRC-129,Animal Science,https://catalog.mcneese.edu/preview_program.php?catoid=102&poid=61565,catalog.mcneese.edu,dynamic_catalog,catalog_program,SRC-011,true,2026-2027,high,Pending_Review,,,,catalog_inventory,
SRC-130,Equine Science,https://catalog.mcneese.edu/preview_program.php?catoid=102&poid=61566,catalog.mcneese.edu,dynamic_catalog,catalog_program,SRC-011,true,2026-2027,high,Pending_Review,,,,catalog_inventory,
SRC-131,General Agriculture,https://catalog.mcneese.edu/preview_program.php?catoid=102&poid=61567,catalog.mcneese.edu,dynamic_catalog,catalog_program,SRC-011,true,2026-2027,high,Pending_Review,,,,catalog_inventory,
SRC-132,Pre-Dentistry,https://catalog.mcneese.edu/preview_program.php?catoid=102&poid=61568,catalog.mcneese.edu,dynamic_catalog,catalog_program,SRC-011,true,2026-2027,high,Pending_Review,,,,catalog_inventory,
SRC-133,Molecular Biology,https://catalog.mcneese.edu/preview_program.php?catoid=102&poid=61569,catalog.mcneese.edu,dynamic_catalog,catalog_program,SRC-011,true,2026-2027,high,Pending_Review,,,,catalog_inventory,
SRC-134,Pre-Medicine,https://catalog.mcneese.edu/preview_program.php?catoid=102&poid=61570,catalog.mcneese.edu,dynamic_catalog,catalog_program,SRC-011,true,2026-2027,high,Pending_Review,,,,catalog_inventory,
SRC-135,Biochemistry,https://catalog.mcneese.edu/preview_program.php?catoid=102&poid=61571,catalog.mcneese.edu,dynamic_catalog,catalog_program,SRC-011,true,2026-2027,high,Pending_Review,,,,catalog_inventory,
SRC-136,Forensic Chemistry,https://catalog.mcneese.edu/preview_program.php?catoid=102&poid=61572,catalog.mcneese.edu,dynamic_catalog,catalog_program,SRC-011,true,2026-2027,high,Pending_Review,,,,catalog_inventory,
SRC-137,Writing,https://catalog.mcneese.edu/preview_program.php?catoid=102&poid=61573,catalog.mcneese.edu,dynamic_catalog,catalog_program,SRC-011,true,2026-2027,high,Pending_Review,,,,catalog_inventory,
SRC-138,Mathematical Physics,https://catalog.mcneese.edu/preview_program.php?catoid=102&poid=61578,catalog.mcneese.edu,dynamic_catalog,catalog_program,SRC-011,true,2026-2027,high,Pending_Review,,,,catalog_inventory,
SRC-139,Statistics,https://catalog.mcneese.edu/preview_program.php?catoid=102&poid=61579,catalog.mcneese.edu,dynamic_catalog,catalog_program,SRC-011,true,2026-2027,high,Pending_Review,,,,catalog_inventory,
SRC-140,Criminal Justice,https://catalog.mcneese.edu/preview_program.php?catoid=102&poid=61580,catalog.mcneese.edu,dynamic_catalog,catalog_program,SRC-011,true,2026-2027,high,Pending_Review,,,,catalog_inventory,
SRC-141,Political Science,https://catalog.mcneese.edu/preview_program.php?catoid=102&poid=61581,catalog.mcneese.edu,dynamic_catalog,catalog_program,SRC-011,true,2026-2027,high,Pending_Review,,,,catalog_inventory,
SRC-142,Electrical Engineering,https://catalog.mcneese.edu/preview_program.php?catoid=102&poid=61582,catalog.mcneese.edu,dynamic_catalog,catalog_program,SRC-011,true,2026-2027,high,Pending_Review,,,,catalog_inventory,
SRC-143,Ceramics,https://catalog.mcneese.edu/preview_program.php?catoid=102&poid=61586,catalog.mcneese.edu,dynamic_catalog,catalog_program,SRC-011,true,2026-2027,high,Pending_Review,,,,catalog_inventory,
SRC-144,Ceramics/Art Education Grades K-12,https://catalog.mcneese.edu/preview_program.php?catoid=102&poid=61587,catalog.mcneese.edu,dynamic_catalog,catalog_program,SRC-011,true,2026-2027,high,Pending_Review,,,,catalog_inventory,
SRC-145,Drawing,https://catalog.mcneese.edu/preview_program.php?catoid=102&poid=61588,catalog.mcneese.edu,dynamic_catalog,catalog_program,SRC-011,true,2026-2027,high,Pending_Review,,,,catalog_inventory,
SRC-146,Drawing/Art Education Grades K-12,https://catalog.mcneese.edu/preview_program.php?catoid=102&poid=61589,catalog.mcneese.edu,dynamic_catalog,catalog_program,SRC-011,true,2026-2027,high,Pending_Review,,,,catalog_inventory,
SRC-147,Graphic Design,https://catalog.mcneese.edu/preview_program.php?catoid=102&poid=61590,catalog.mcneese.edu,dynamic_catalog,catalog_program,SRC-011,true,2026-2027,high,Pending_Review,,,,catalog_inventory,
SRC-148,Graphic Design/Art Education Grades K-12,https://catalog.mcneese.edu/preview_program.php?catoid=102&poid=61591,catalog.mcneese.edu,dynamic_catalog,catalog_program,SRC-011,true,2026-2027,high,Pending_Review,,,,catalog_inventory,
SRC-149,Painting,https://catalog.mcneese.edu/preview_program.php?catoid=102&poid=61592,catalog.mcneese.edu,dynamic_catalog,catalog_program,SRC-011,true,2026-2027,high,Pending_Review,,,,catalog_inventory,
SRC-150,Painting/Art Education Grades K-12,https://catalog.mcneese.edu/preview_program.php?catoid=102&poid=61593,catalog.mcneese.edu,dynamic_catalog,catalog_program,SRC-011,true,2026-2027,high,Pending_Review,,,,catalog_inventory,
SRC-151,Photography,https://catalog.mcneese.edu/preview_program.php?catoid=102&poid=61594,catalog.mcneese.edu,dynamic_catalog,catalog_program,SRC-011,true,2026-2027,high,Pending_Review,,,,catalog_inventory,
SRC-152,Photography/Art Education Grades K-12,https://catalog.mcneese.edu/preview_program.php?catoid=102&poid=61595,catalog.mcneese.edu,dynamic_catalog,catalog_program,SRC-011,true,2026-2027,high,Pending_Review,,,,catalog_inventory,
SRC-153,Printmaking,https://catalog.mcneese.edu/preview_program.php?catoid=102&poid=61596,catalog.mcneese.edu,dynamic_catalog,catalog_program,SRC-011,true,2026-2027,high,Pending_Review,,,,catalog_inventory,
SRC-154,Printmaking/Art Education Grades K-12,https://catalog.mcneese.edu/preview_program.php?catoid=102&poid=61597,catalog.mcneese.edu,dynamic_catalog,catalog_program,SRC-011,true,2026-2027,high,Pending_Review,,,,catalog_inventory,
SRC-155,Comparative Literature,https://catalog.mcneese.edu/preview_program.php?catoid=102&poid=61599,catalog.mcneese.edu,dynamic_catalog,catalog_program,SRC-011,true,2026-2027,high,Pending_Review,,,,catalog_inventory,
SRC-156,Academically Gifted Education,https://catalog.mcneese.edu/preview_program.php?catoid=102&poid=61601,catalog.mcneese.edu,dynamic_catalog,catalog_program,SRC-011,true,2026-2027,high,Pending_Review,,,,catalog_inventory,
SRC-157,Civil Engineering,https://catalog.mcneese.edu/preview_program.php?catoid=102&poid=61612,catalog.mcneese.edu,dynamic_catalog,catalog_program,SRC-011,true,2026-2027,high,Pending_Review,,,,catalog_inventory,
SRC-158,Electrical Engineering,https://catalog.mcneese.edu/preview_program.php?catoid=102&poid=61613,catalog.mcneese.edu,dynamic_catalog,catalog_program,SRC-011,true,2026-2027,high,Pending_Review,,,,catalog_inventory,
SRC-159,Chemical Engineering,https://catalog.mcneese.edu/preview_program.php?catoid=102&poid=61615,catalog.mcneese.edu,dynamic_catalog,catalog_program,SRC-011,true,2026-2027,high,Pending_Review,,,,catalog_inventory,
SRC-160,Civil Engineering,https://catalog.mcneese.edu/preview_program.php?catoid=102&poid=61616,catalog.mcneese.edu,dynamic_catalog,catalog_program,SRC-011,true,2026-2027,high,Pending_Review,,,,catalog_inventory,
SRC-161,Electrical Engineering,https://catalog.mcneese.edu/preview_program.php?catoid=102&poid=61617,catalog.mcneese.edu,dynamic_catalog,catalog_program,SRC-011,true,2026-2027,high,Pending_Review,,,,catalog_inventory,
SRC-162,Mechanical Engineering,https://catalog.mcneese.edu/preview_program.php?catoid=102&poid=61618,catalog.mcneese.edu,dynamic_catalog,catalog_program,SRC-011,true,2026-2027,high,Pending_Review,,,,catalog_inventory,
SRC-163,Literature,https://catalog.mcneese.edu/preview_program.php?catoid=102&poid=61620,catalog.mcneese.edu,dynamic_catalog,catalog_program,SRC-011,true,2026-2027,high,Pending_Review,,,,catalog_inventory,
SRC-164,Journalism,https://catalog.mcneese.edu/preview_program.php?catoid=102&poid=61625,catalog.mcneese.edu,dynamic_catalog,catalog_program,SRC-011,true,2026-2027,high,Pending_Review,,,,catalog_inventory,
SRC-165,Public Relations,https://catalog.mcneese.edu/preview_program.php?catoid=102&poid=61628,catalog.mcneese.edu,dynamic_catalog,catalog_program,SRC-011,true,2026-2027,high,Pending_Review,,,,catalog_inventory,
SRC-166,Computer Science,https://catalog.mcneese.edu/preview_program.php?catoid=102&poid=61629,catalog.mcneese.edu,dynamic_catalog,catalog_program,SRC-011,true,2026-2027,high,Pending_Review,,,,catalog_inventory,
SRC-167,Statistics,https://catalog.mcneese.edu/preview_program.php?catoid=102&poid=61630,catalog.mcneese.edu,dynamic_catalog,catalog_program,SRC-011,true,2026-2027,high,Pending_Review,,,,catalog_inventory,
SRC-168,Music Education-Vocal Grades K-12,https://catalog.mcneese.edu/preview_program.php?catoid=102&poid=61634,catalog.mcneese.edu,dynamic_catalog,catalog_program,SRC-011,true,2026-2027,high,Pending_Review,,,,catalog_inventory,
SRC-169,Psychiatric/Mental Health Nurse Practitioner,https://catalog.mcneese.edu/preview_program.php?catoid=102&poid=61635,catalog.mcneese.edu,dynamic_catalog,catalog_program,SRC-011,true,2026-2027,high,Pending_Review,,,,catalog_inventory,
SRC-170,Nutrition and Dietetics,https://catalog.mcneese.edu/preview_program.php?catoid=102&poid=61637,catalog.mcneese.edu,dynamic_catalog,catalog_program,SRC-011,true,2026-2027,high,Pending_Review,,,,catalog_inventory,
SRC-171,Food Technology,https://catalog.mcneese.edu/preview_program.php?catoid=102&poid=61638,catalog.mcneese.edu,dynamic_catalog,catalog_program,SRC-011,true,2026-2027,high,Pending_Review,,,,catalog_inventory,
SRC-172,Food and Nutritional Sciences,https://catalog.mcneese.edu/preview_program.php?catoid=102&poid=61639,catalog.mcneese.edu,dynamic_catalog,catalog_program,SRC-011,true,2026-2027,high,Pending_Review,,,,catalog_inventory,
SRC-173,Music Education-Instrumental Grades K-12,https://catalog.mcneese.edu/preview_program.php?catoid=102&poid=61642,catalog.mcneese.edu,dynamic_catalog,catalog_program,SRC-011,true,2026-2027,high,Pending_Review,,,,catalog_inventory,
SRC-174,Physics Education Grades 6-12,https://catalog.mcneese.edu/preview_program.php?catoid=102&poid=61643,catalog.mcneese.edu,dynamic_catalog,catalog_program,SRC-011,true,2026-2027,high,Pending_Review,,,,catalog_inventory,
SRC-175,Secondary Education Grades 6-12 [Biology],https://catalog.mcneese.edu/preview_program.php?catoid=102&poid=61648,catalog.mcneese.edu,dynamic_catalog,catalog_program,SRC-011,true,2026-2027,high,Pending_Review,,,,catalog_inventory,
SRC-176,Secondary Education Grades 6-12 [Business],https://catalog.mcneese.edu/preview_program.php?catoid=102&poid=61649,catalog.mcneese.edu,dynamic_catalog,catalog_program,SRC-011,true,2026-2027,high,Pending_Review,,,,catalog_inventory,
SRC-177,Secondary Education Grades 6-12 [Chemistry],https://catalog.mcneese.edu/preview_program.php?catoid=102&poid=61650,catalog.mcneese.edu,dynamic_catalog,catalog_program,SRC-011,true,2026-2027,high,Pending_Review,,,,catalog_inventory,
SRC-178,Secondary Education Grades 6-12 [English],https://catalog.mcneese.edu/preview_program.php?catoid=102&poid=61651,catalog.mcneese.edu,dynamic_catalog,catalog_program,SRC-011,true,2026-2027,high,Pending_Review,,,,catalog_inventory,
SRC-179,Secondary Education Grades 6-12 [Environmental Science],https://catalog.mcneese.edu/preview_program.php?catoid=102&poid=61652,catalog.mcneese.edu,dynamic_catalog,catalog_program,SRC-011,true,2026-2027,high,Pending_Review,,,,catalog_inventory,
SRC-180,Secondary Education Grades 6-12 [General Science],https://catalog.mcneese.edu/preview_program.php?catoid=102&poid=61655,catalog.mcneese.edu,dynamic_catalog,catalog_program,SRC-011,true,2026-2027,high,Pending_Review,,,,catalog_inventory,
SRC-181,Secondary Education Grades 6-12 [Mathematics],https://catalog.mcneese.edu/preview_program.php?catoid=102&poid=61656,catalog.mcneese.edu,dynamic_catalog,catalog_program,SRC-011,true,2026-2027,high,Pending_Review,,,,catalog_inventory,
SRC-182,Secondary Education Grades 6-12 [Social Studies],https://catalog.mcneese.edu/preview_program.php?catoid=102&poid=61657,catalog.mcneese.edu,dynamic_catalog,catalog_program,SRC-011,true,2026-2027,high,Pending_Review,,,,catalog_inventory,
SRC-183,Art,https://catalog.mcneese.edu/preview_program.php?catoid=102&poid=61658,catalog.mcneese.edu,dynamic_catalog,catalog_program,SRC-011,true,2026-2027,high,Pending_Review,,,,catalog_inventory,
SRC-184,Psychology,https://catalog.mcneese.edu/preview_program.php?catoid=102&poid=61659,catalog.mcneese.edu,dynamic_catalog,catalog_program,SRC-011,true,2026-2027,high,Pending_Review,,,,catalog_inventory,
SRC-185,Geography,https://catalog.mcneese.edu/preview_program.php?catoid=102&poid=61663,catalog.mcneese.edu,dynamic_catalog,catalog_program,SRC-011,true,2026-2027,high,Pending_Review,,,,catalog_inventory,
SRC-186,Foreign Languages and Literatures,https://catalog.mcneese.edu/preview_program.php?catoid=102&poid=61664,catalog.mcneese.edu,dynamic_catalog,catalog_program,SRC-011,true,2026-2027,high,Pending_Review,,,,catalog_inventory,
SRC-187,Arts and Humanities,https://catalog.mcneese.edu/preview_program.php?catoid=102&poid=61665,catalog.mcneese.edu,dynamic_catalog,catalog_program,SRC-011,true,2026-2027,high,Pending_Review,,,,catalog_inventory,
SRC-188,Behavioral Sciences,https://catalog.mcneese.edu/preview_program.php?catoid=102&poid=61666,catalog.mcneese.edu,dynamic_catalog,catalog_program,SRC-011,true,2026-2027,high,Pending_Review,,,,catalog_inventory,
SRC-189,"Nursing, RN to BSN",https://catalog.mcneese.edu/preview_program.php?catoid=102&poid=61668,catalog.mcneese.edu,dynamic_catalog,catalog_program,SRC-011,true,2026-2027,high,Pending_Review,,,,catalog_inventory,
SRC-190,Fiction,https://catalog.mcneese.edu/preview_program.php?catoid=102&poid=61670,catalog.mcneese.edu,dynamic_catalog,catalog_program,SRC-011,true,2026-2027,high,Pending_Review,,,,catalog_inventory,
SRC-191,Environmental Science,https://catalog.mcneese.edu/preview_program.php?catoid=102&poid=61671,catalog.mcneese.edu,dynamic_catalog,catalog_program,SRC-011,true,2026-2027,high,Pending_Review,,,,catalog_inventory,
SRC-192,Agricultural Sciences,https://catalog.mcneese.edu/preview_program.php?catoid=102&poid=61672,catalog.mcneese.edu,dynamic_catalog,catalog_program,SRC-011,true,2026-2027,high,Pending_Review,,,,catalog_inventory,
SRC-193,Chemistry,https://catalog.mcneese.edu/preview_program.php?catoid=102&poid=61673,catalog.mcneese.edu,dynamic_catalog,catalog_program,SRC-011,true,2026-2027,high,Pending_Review,,,,catalog_inventory,
SRC-194,Pre-Medicine,https://catalog.mcneese.edu/preview_program.php?catoid=102&poid=61693,catalog.mcneese.edu,dynamic_catalog,catalog_program,SRC-011,true,2026-2027,high,Pending_Review,,,,catalog_inventory,
SRC-195,Computer Engineering,https://catalog.mcneese.edu/preview_program.php?catoid=102&poid=61724,catalog.mcneese.edu,dynamic_catalog,catalog_program,SRC-011,true,2026-2027,high,Pending_Review,,,,catalog_inventory,
SRC-196,Mechanical Engineering,https://catalog.mcneese.edu/preview_program.php?catoid=102&poid=61725,catalog.mcneese.edu,dynamic_catalog,catalog_program,SRC-011,true,2026-2027,high,Pending_Review,,,,catalog_inventory,
SRC-197,Power Engineering,https://catalog.mcneese.edu/preview_program.php?catoid=102&poid=61726,catalog.mcneese.edu,dynamic_catalog,catalog_program,SRC-011,true,2026-2027,high,Pending_Review,,,,catalog_inventory,
SRC-198,Applied and Natural Sciences,https://catalog.mcneese.edu/preview_program.php?catoid=102&poid=61727,catalog.mcneese.edu,dynamic_catalog,catalog_program,SRC-011,true,2026-2027,high,Pending_Review,,,,catalog_inventory,
SRC-199,Arts and Humanities,https://catalog.mcneese.edu/preview_program.php?catoid=102&poid=61728,catalog.mcneese.edu,dynamic_catalog,catalog_program,SRC-011,true,2026-2027,high,Pending_Review,,,,catalog_inventory,
SRC-200,Behavioral Sciences,https://catalog.mcneese.edu/preview_program.php?catoid=102&poid=61729,catalog.mcneese.edu,dynamic_catalog,catalog_program,SRC-011,true,2026-2027,high,Pending_Review,,,,catalog_inventory,
SRC-201,Library Science,https://catalog.mcneese.edu/preview_program.php?catoid=102&poid=61742,catalog.mcneese.edu,dynamic_catalog,catalog_program,SRC-011,true,2026-2027,high,Pending_Review,,,,catalog_inventory,
SRC-202,Pre-Pharmacy,https://catalog.mcneese.edu/preview_program.php?catoid=102&poid=61745,catalog.mcneese.edu,dynamic_catalog,catalog_program,SRC-011,true,2026-2027,high,Pending_Review,,,,catalog_inventory,
SRC-203,Pre-Pharmacy,https://catalog.mcneese.edu/preview_program.php?catoid=102&poid=61747,catalog.mcneese.edu,dynamic_catalog,catalog_program,SRC-011,true,2026-2027,high,Pending_Review,,,,catalog_inventory,
SRC-204,Computer Engineering,https://catalog.mcneese.edu/preview_program.php?catoid=102&poid=61750,catalog.mcneese.edu,dynamic_catalog,catalog_program,SRC-011,true,2026-2027,high,Pending_Review,,,,catalog_inventory,
SRC-205,Integrative Biology,https://catalog.mcneese.edu/preview_program.php?catoid=102&poid=61751,catalog.mcneese.edu,dynamic_catalog,catalog_program,SRC-011,true,2026-2027,high,Pending_Review,,,,catalog_inventory,
SRC-206,Mechanical Engineering,https://catalog.mcneese.edu/preview_program.php?catoid=102&poid=61753,catalog.mcneese.edu,dynamic_catalog,catalog_program,SRC-011,true,2026-2027,high,Pending_Review,,,,catalog_inventory,
SRC-207,Applied Statistics,https://catalog.mcneese.edu/preview_program.php?catoid=102&poid=61754,catalog.mcneese.edu,dynamic_catalog,catalog_program,SRC-011,true,2026-2027,high,Pending_Review,,,,catalog_inventory,
SRC-208,Nursing Education,https://catalog.mcneese.edu/preview_program.php?catoid=102&poid=61755,catalog.mcneese.edu,dynamic_catalog,catalog_program,SRC-011,true,2026-2027,high,Pending_Review,,,,catalog_inventory,
SRC-209,"Music, Instrumental Performance",https://catalog.mcneese.edu/preview_program.php?catoid=102&poid=61756,catalog.mcneese.edu,dynamic_catalog,catalog_program,SRC-011,true,2026-2027,high,Pending_Review,,,,catalog_inventory,
SRC-210,"Music, Piano Performance",https://catalog.mcneese.edu/preview_program.php?catoid=102&poid=61757,catalog.mcneese.edu,dynamic_catalog,catalog_program,SRC-011,true,2026-2027,high,Pending_Review,,,,catalog_inventory,
SRC-211,"Music, Vocal Performance",https://catalog.mcneese.edu/preview_program.php?catoid=102&poid=61758,catalog.mcneese.edu,dynamic_catalog,catalog_program,SRC-011,true,2026-2027,high,Pending_Review,,,,catalog_inventory,
SRC-212,Computational Sciences,https://catalog.mcneese.edu/preview_program.php?catoid=102&poid=61759,catalog.mcneese.edu,dynamic_catalog,catalog_program,SRC-011,true,2026-2027,high,Pending_Review,,,,catalog_inventory,
SRC-213,Business Administration,https://catalog.mcneese.edu/preview_program.php?catoid=102&poid=61761,catalog.mcneese.edu,dynamic_catalog,catalog_program,SRC-011,true,2026-2027,high,Pending_Review,,,,catalog_inventory,
SRC-214,General Political Science,https://catalog.mcneese.edu/preview_program.php?catoid=102&poid=61762,catalog.mcneese.edu,dynamic_catalog,catalog_program,SRC-011,true,2026-2027,high,Pending_Review,,,,catalog_inventory,
SRC-215,Pre-Law,https://catalog.mcneese.edu/preview_program.php?catoid=102&poid=61763,catalog.mcneese.edu,dynamic_catalog,catalog_program,SRC-011,true,2026-2027,high,Pending_Review,,,,catalog_inventory,
SRC-216,Instrumental Performance,https://catalog.mcneese.edu/preview_program.php?catoid=102&poid=61764,catalog.mcneese.edu,dynamic_catalog,catalog_program,SRC-011,true,2026-2027,high,Pending_Review,,,,catalog_inventory,
SRC-217,Piano Performance,https://catalog.mcneese.edu/preview_program.php?catoid=102&poid=61765,catalog.mcneese.edu,dynamic_catalog,catalog_program,SRC-011,true,2026-2027,high,Pending_Review,,,,catalog_inventory,
SRC-218,Vocal Performance,https://catalog.mcneese.edu/preview_program.php?catoid=102&poid=61766,catalog.mcneese.edu,dynamic_catalog,catalog_program,SRC-011,true,2026-2027,high,Pending_Review,,,,catalog_inventory,
SRC-219,Family Science,https://catalog.mcneese.edu/preview_program.php?catoid=102&poid=61767,catalog.mcneese.edu,dynamic_catalog,catalog_program,SRC-011,true,2026-2027,high,Pending_Review,,,,catalog_inventory,
SRC-220,Family Science,https://catalog.mcneese.edu/preview_program.php?catoid=102&poid=61768,catalog.mcneese.edu,dynamic_catalog,catalog_program,SRC-011,true,2026-2027,high,Pending_Review,,,,catalog_inventory,
SRC-221,Automation Engineering,https://catalog.mcneese.edu/preview_program.php?catoid=102&poid=61770,catalog.mcneese.edu,dynamic_catalog,catalog_program,SRC-011,true,2026-2027,high,Pending_Review,,,,catalog_inventory,
SRC-222,Integrated Digital Media,https://catalog.mcneese.edu/preview_program.php?catoid=102&poid=61771,catalog.mcneese.edu,dynamic_catalog,catalog_program,SRC-011,true,2026-2027,high,Pending_Review,,,,catalog_inventory,
SRC-223,Sports Medicine,https://catalog.mcneese.edu/preview_program.php?catoid=102&poid=61773,catalog.mcneese.edu,dynamic_catalog,catalog_program,SRC-011,true,2026-2027,high,Pending_Review,,,,catalog_inventory,
SRC-224,Global Experience,https://catalog.mcneese.edu/preview_program.php?catoid=102&poid=61774,catalog.mcneese.edu,dynamic_catalog,catalog_program,SRC-011,true,2026-2027,high,Pending_Review,,,,catalog_inventory,
SRC-225,Content Literacy in K-12 Education,https://catalog.mcneese.edu/preview_program.php?catoid=102&poid=61779,catalog.mcneese.edu,dynamic_catalog,catalog_program,SRC-011,true,2026-2027,high,Pending_Review,,,,catalog_inventory,
SRC-226,Advanced Practice Psychiatric Mental Health Nursing,https://catalog.mcneese.edu/preview_program.php?catoid=102&poid=61781,catalog.mcneese.edu,dynamic_catalog,catalog_program,SRC-011,true,2026-2027,high,Pending_Review,,,,catalog_inventory,
SRC-227,Criminal Justice,https://catalog.mcneese.edu/preview_program.php?catoid=102&poid=61782,catalog.mcneese.edu,dynamic_catalog,catalog_program,SRC-011,true,2026-2027,high,Pending_Review,,,,catalog_inventory,
SRC-228,Literature,https://catalog.mcneese.edu/preview_program.php?catoid=102&poid=61783,catalog.mcneese.edu,dynamic_catalog,catalog_program,SRC-011,true,2026-2027,high,Pending_Review,,,,catalog_inventory,
SRC-229,Chemical Engineering,https://catalog.mcneese.edu/preview_program.php?catoid=102&poid=61786,catalog.mcneese.edu,dynamic_catalog,catalog_program,SRC-011,true,2026-2027,high,Pending_Review,,,,catalog_inventory,
SRC-230,Health Systems Management,https://catalog.mcneese.edu/preview_program.php?catoid=102&poid=61788,catalog.mcneese.edu,dynamic_catalog,catalog_program,SRC-011,true,2026-2027,high,Pending_Review,,,,catalog_inventory,
SRC-231,Transformational Teaching and Learning,https://catalog.mcneese.edu/preview_program.php?catoid=102&poid=61790,catalog.mcneese.edu,dynamic_catalog,catalog_program,SRC-011,true,2026-2027,high,Pending_Review,,,,catalog_inventory,
SRC-232,Nutritional Sciences,https://catalog.mcneese.edu/preview_program.php?catoid=102&poid=61792,catalog.mcneese.edu,dynamic_catalog,catalog_program,SRC-011,true,2026-2027,high,Pending_Review,,,,catalog_inventory,
SRC-233,General Biology,https://catalog.mcneese.edu/preview_program.php?catoid=102&poid=61798,catalog.mcneese.edu,dynamic_catalog,catalog_program,SRC-011,true,2026-2027,high,Pending_Review,,,,catalog_inventory,
SRC-234,Coaching,https://catalog.mcneese.edu/preview_program.php?catoid=102&poid=61799,catalog.mcneese.edu,dynamic_catalog,catalog_program,SRC-011,true,2026-2027,high,Pending_Review,,,,catalog_inventory,
SRC-235,General Chemistry,https://catalog.mcneese.edu/preview_program.php?catoid=102&poid=61800,catalog.mcneese.edu,dynamic_catalog,catalog_program,SRC-011,true,2026-2027,high,Pending_Review,,,,catalog_inventory,
SRC-236,"Radiologic Sciences, RT to BS",https://catalog.mcneese.edu/preview_program.php?catoid=102&poid=61803,catalog.mcneese.edu,dynamic_catalog,catalog_program,SRC-011,true,2026-2027,high,Pending_Review,,,,catalog_inventory,
SRC-237,"Nursing, LPN to BSN",https://catalog.mcneese.edu/preview_program.php?catoid=102&poid=61804,catalog.mcneese.edu,dynamic_catalog,catalog_program,SRC-011,true,2026-2027,high,Pending_Review,,,,catalog_inventory,
SRC-238,Liquefied Natural Gas Business,https://catalog.mcneese.edu/preview_program.php?catoid=102&poid=61810,catalog.mcneese.edu,dynamic_catalog,catalog_program,SRC-011,true,2026-2027,high,Pending_Review,,,,catalog_inventory,
SRC-239,Clinical Mental Health Counseling,https://catalog.mcneese.edu/preview_program.php?catoid=102&poid=61811,catalog.mcneese.edu,dynamic_catalog,catalog_program,SRC-011,true,2026-2027,high,Pending_Review,,,,catalog_inventory,
SRC-240,Sports and Entertainment Communication,https://catalog.mcneese.edu/preview_program.php?catoid=102&poid=61817,catalog.mcneese.edu,dynamic_catalog,catalog_program,SRC-011,true,2026-2027,high,Pending_Review,,,,catalog_inventory,
SRC-241,"Advanced Practice Psychiatric Mental Health Nursing, PMHNP to DNP",https://catalog.mcneese.edu/preview_program.php?catoid=102&poid=61819,catalog.mcneese.edu,dynamic_catalog,catalog_program,SRC-011,true,2026-2027,high,Pending_Review,,,,catalog_inventory,
SRC-242,General Business Administration,https://catalog.mcneese.edu/preview_program.php?catoid=102&poid=61822,catalog.mcneese.edu,dynamic_catalog,catalog_program,SRC-011,true,2026-2027,high,Pending_Review,,,,catalog_inventory,
SRC-243,Business Analytics,https://catalog.mcneese.edu/preview_program.php?catoid=102&poid=61823,catalog.mcneese.edu,dynamic_catalog,catalog_program,SRC-011,true,2026-2027,high,Pending_Review,,,,catalog_inventory,
SRC-244,Mathematics,https://catalog.mcneese.edu/preview_program.php?catoid=102&poid=61830,catalog.mcneese.edu,dynamic_catalog,catalog_program,SRC-011,true,2026-2027,high,Pending_Review,,,,catalog_inventory,
SRC-245,General Computer Science (BS) / Computer Science (MS),https://catalog.mcneese.edu/preview_program.php?catoid=102&poid=61831,catalog.mcneese.edu,dynamic_catalog,catalog_program,SRC-011,true,2026-2027,high,Pending_Review,,,,catalog_inventory,
SRC-246,General Humanities,https://catalog.mcneese.edu/preview_program.php?catoid=102&poid=61832,catalog.mcneese.edu,dynamic_catalog,catalog_program,SRC-011,true,2026-2027,high,Pending_Review,,,,catalog_inventory,
SRC-247,Geography,https://catalog.mcneese.edu/preview_program.php?catoid=102&poid=61833,catalog.mcneese.edu,dynamic_catalog,catalog_program,SRC-011,true,2026-2027,high,Pending_Review,,,,catalog_inventory,
SRC-248,Philosophy,https://catalog.mcneese.edu/preview_program.php?catoid=102&poid=61834,catalog.mcneese.edu,dynamic_catalog,catalog_program,SRC-011,true,2026-2027,high,Pending_Review,,,,catalog_inventory,
SRC-249,Theatre Arts,https://catalog.mcneese.edu/preview_program.php?catoid=102&poid=61836,catalog.mcneese.edu,dynamic_catalog,catalog_program,SRC-011,true,2026-2027,high,Pending_Review,,,,catalog_inventory,
SRC-250,Women and Gender Studies,https://catalog.mcneese.edu/preview_program.php?catoid=102&poid=61837,catalog.mcneese.edu,dynamic_catalog,catalog_program,SRC-011,true,2026-2027,high,Pending_Review,,,,catalog_inventory,
SRC-251,Statistics (BS) / Mathematics (MS),https://catalog.mcneese.edu/preview_program.php?catoid=102&poid=61840,catalog.mcneese.edu,dynamic_catalog,catalog_program,SRC-011,true,2026-2027,high,Pending_Review,,,,catalog_inventory,
SRC-252,Applied English and Professional Writing,https://catalog.mcneese.edu/preview_program.php?catoid=102&poid=61841,catalog.mcneese.edu,dynamic_catalog,catalog_program,SRC-011,true,2026-2027,high,Pending_Review,,,,catalog_inventory,
SRC-253,Health and Wellness Promotion,https://catalog.mcneese.edu/preview_program.php?catoid=102&poid=61842,catalog.mcneese.edu,dynamic_catalog,catalog_program,SRC-011,true,2026-2027,high,Pending_Review,,,,catalog_inventory,
SRC-254,Sports Performance,https://catalog.mcneese.edu/preview_program.php?catoid=102&poid=61843,catalog.mcneese.edu,dynamic_catalog,catalog_program,SRC-011,true,2026-2027,high,Pending_Review,,,,catalog_inventory,
SRC-255,Pre-Physical Therapy,https://catalog.mcneese.edu/preview_program.php?catoid=102&poid=61844,catalog.mcneese.edu,dynamic_catalog,catalog_program,SRC-011,true,2026-2027,high,Pending_Review,,,,catalog_inventory,
SRC-256,Pre-Occupational Therapy,https://catalog.mcneese.edu/preview_program.php?catoid=102&poid=61845,catalog.mcneese.edu,dynamic_catalog,catalog_program,SRC-011,true,2026-2027,high,Pending_Review,,,,catalog_inventory,
SRC-257,Health Systems Management,https://catalog.mcneese.edu/preview_program.php?catoid=102&poid=61847,catalog.mcneese.edu,dynamic_catalog,catalog_program,SRC-011,true,2026-2027,high,Pending_Review,,,,catalog_inventory,
SRC-258,Public History,https://catalog.mcneese.edu/preview_program.php?catoid=102&poid=61848,catalog.mcneese.edu,dynamic_catalog,catalog_program,SRC-011,true,2026-2027,high,Pending_Review,,,,catalog_inventory,
SRC-259,Pre-Orthopedic Physician Assistant Studies,https://catalog.mcneese.edu/preview_program.php?catoid=102&poid=61849,catalog.mcneese.edu,dynamic_catalog,catalog_program,SRC-011,true,2026-2027,high,Pending_Review,,,,catalog_inventory,
SRC-260,Digital and Social Media Creation,https://catalog.mcneese.edu/preview_program.php?catoid=102&poid=61850,catalog.mcneese.edu,dynamic_catalog,catalog_program,SRC-011,true,2026-2027,high,Pending_Review,,,,catalog_inventory,
SRC-261,Civil Engineering,https://catalog.mcneese.edu/preview_program.php?catoid=102&poid=61851,catalog.mcneese.edu,dynamic_catalog,catalog_program,SRC-011,true,2026-2027,high,Pending_Review,,,,catalog_inventory,
SRC-262,Cybersecurity,https://catalog.mcneese.edu/preview_program.php?catoid=102&poid=61852,catalog.mcneese.edu,dynamic_catalog,catalog_program,SRC-011,true,2026-2027,high,Pending_Review,,,,catalog_inventory,
SRC-263,Computer Engineering,https://catalog.mcneese.edu/preview_program.php?catoid=102&poid=61853,catalog.mcneese.edu,dynamic_catalog,catalog_program,SRC-011,true,2026-2027,high,Pending_Review,,,,catalog_inventory,
SRC-264,Accounting,https://catalog.mcneese.edu/preview_program.php?catoid=102&poid=61854,catalog.mcneese.edu,dynamic_catalog,catalog_program,SRC-011,true,2026-2027,high,Pending_Review,,,,catalog_inventory,
SRC-265,Marketing,https://catalog.mcneese.edu/preview_program.php?catoid=102&poid=61855,catalog.mcneese.edu,dynamic_catalog,catalog_program,SRC-011,true,2026-2027,high,Pending_Review,,,,catalog_inventory,
SRC-266,Music Production,https://catalog.mcneese.edu/preview_program.php?catoid=102&poid=61856,catalog.mcneese.edu,dynamic_catalog,catalog_program,SRC-011,true,2026-2027,high,Pending_Review,,,,catalog_inventory,
SRC-267,General Accounting,https://catalog.mcneese.edu/preview_program.php?catoid=102&poid=61857,catalog.mcneese.edu,dynamic_catalog,catalog_program,SRC-011,true,2026-2027,high,Pending_Review,,,,catalog_inventory,
SRC-268,Managerial Accounting,https://catalog.mcneese.edu/preview_program.php?catoid=102&poid=61858,catalog.mcneese.edu,dynamic_catalog,catalog_program,SRC-011,true,2026-2027,high,Pending_Review,,,,catalog_inventory,
SRC-269,Professional Accountancy and Exam Preparation,https://catalog.mcneese.edu/preview_program.php?catoid=102&poid=61859,catalog.mcneese.edu,dynamic_catalog,catalog_program,SRC-011,true,2026-2027,high,Pending_Review,,,,catalog_inventory,
SRC-270,Taxation,https://catalog.mcneese.edu/preview_program.php?catoid=102&poid=61860,catalog.mcneese.edu,dynamic_catalog,catalog_program,SRC-011,true,2026-2027,high,Pending_Review,,,,catalog_inventory,
SRC-271,Business Education Grades 6-12,https://catalog.mcneese.edu/preview_program.php?catoid=102&poid=61861,catalog.mcneese.edu,dynamic_catalog,catalog_program,SRC-011,true,2026-2027,high,Pending_Review,,,,catalog_inventory,
SRC-272,Construction Management,https://catalog.mcneese.edu/preview_program.php?catoid=102&poid=61862,catalog.mcneese.edu,dynamic_catalog,catalog_program,SRC-011,true,2026-2027,high,Pending_Review,,,,catalog_inventory,
SRC-273,General Business Administration,https://catalog.mcneese.edu/preview_program.php?catoid=102&poid=61863,catalog.mcneese.edu,dynamic_catalog,catalog_program,SRC-011,true,2026-2027,high,Pending_Review,,,,catalog_inventory,
SRC-274,Financial Analysis,https://catalog.mcneese.edu/preview_program.php?catoid=102&poid=61864,catalog.mcneese.edu,dynamic_catalog,catalog_program,SRC-011,true,2026-2027,high,Pending_Review,,,,catalog_inventory,
SRC-275,Financial Services,https://catalog.mcneese.edu/preview_program.php?catoid=102&poid=61865,catalog.mcneese.edu,dynamic_catalog,catalog_program,SRC-011,true,2026-2027,high,Pending_Review,,,,catalog_inventory,
SRC-276,General Finance,https://catalog.mcneese.edu/preview_program.php?catoid=102&poid=61866,catalog.mcneese.edu,dynamic_catalog,catalog_program,SRC-011,true,2026-2027,high,Pending_Review,,,,catalog_inventory,
SRC-277,General Management,https://catalog.mcneese.edu/preview_program.php?catoid=102&poid=61867,catalog.mcneese.edu,dynamic_catalog,catalog_program,SRC-011,true,2026-2027,high,Pending_Review,,,,catalog_inventory,
SRC-278,Human Resource Management,https://catalog.mcneese.edu/preview_program.php?catoid=102&poid=61868,catalog.mcneese.edu,dynamic_catalog,catalog_program,SRC-011,true,2026-2027,high,Pending_Review,,,,catalog_inventory,
SRC-279,Digital Marketing,https://catalog.mcneese.edu/preview_program.php?catoid=102&poid=61869,catalog.mcneese.edu,dynamic_catalog,catalog_program,SRC-011,true,2026-2027,high,Pending_Review,,,,catalog_inventory,
SRC-280,General Marketing,https://catalog.mcneese.edu/preview_program.php?catoid=102&poid=61870,catalog.mcneese.edu,dynamic_catalog,catalog_program,SRC-011,true,2026-2027,high,Pending_Review,,,,catalog_inventory,
SRC-281,Sport and Wellness Management,https://catalog.mcneese.edu/preview_program.php?catoid=102&poid=61871,catalog.mcneese.edu,dynamic_catalog,catalog_program,SRC-011,true,2026-2027,high,Pending_Review,,,,catalog_inventory,
SRC-282,Pre-Chiropractic Medicine,https://catalog.mcneese.edu/preview_program.php?catoid=102&poid=61873,catalog.mcneese.edu,dynamic_catalog,catalog_program,SRC-011,true,2026-2027,high,Pending_Review,,,,catalog_inventory,
SRC-283,Health Performance Studies,https://catalog.mcneese.edu/preview_program.php?catoid=102&poid=61874,catalog.mcneese.edu,dynamic_catalog,catalog_program,SRC-011,true,2026-2027,high,Pending_Review,,,,catalog_inventory,
SRC-284,Sports Performance,https://catalog.mcneese.edu/preview_program.php?catoid=102&poid=61875,catalog.mcneese.edu,dynamic_catalog,catalog_program,SRC-011,true,2026-2027,high,Pending_Review,,,,catalog_inventory,
SRC-285,Pre-Athletic Training,https://catalog.mcneese.edu/preview_program.php?catoid=102&poid=61876,catalog.mcneese.edu,dynamic_catalog,catalog_program,SRC-011,true,2026-2027,high,Pending_Review,,,,catalog_inventory,
SRC-286,"Ecology, Evolution, and Biodiversity",https://catalog.mcneese.edu/preview_program.php?catoid=102&poid=61877,catalog.mcneese.edu,dynamic_catalog,catalog_program,SRC-011,true,2026-2027,high,Pending_Review,,,,catalog_inventory,
SRC-287,Cybersecurity,https://catalog.mcneese.edu/preview_program.php?catoid=102&poid=61878,catalog.mcneese.edu,dynamic_catalog,catalog_program,SRC-011,true,2026-2027,high,Pending_Review,,,,catalog_inventory,
SRC-288,Land Surveying,https://catalog.mcneese.edu/preview_program.php?catoid=102&poid=61879,catalog.mcneese.edu,dynamic_catalog,catalog_program,SRC-011,true,2026-2027,high,Pending_Review,,,,catalog_inventory,
SRC-289,Environmental Engineering,https://catalog.mcneese.edu/preview_program.php?catoid=102&poid=61880,catalog.mcneese.edu,dynamic_catalog,catalog_program,SRC-011,true,2026-2027,high,Pending_Review,,,,catalog_inventory,
SRC-290,"Medical Laboratory Science, MLT to BS",https://catalog.mcneese.edu/preview_program.php?catoid=102&poid=61884,catalog.mcneese.edu,dynamic_catalog,catalog_program,SRC-011,true,2026-2027,high,Pending_Review,,,,catalog_inventory,
SRC-291,Applied Behavior Analysis,https://catalog.mcneese.edu/preview_program.php?catoid=102&poid=61885,catalog.mcneese.edu,dynamic_catalog,catalog_program,SRC-011,true,2026-2027,high,Pending_Review,,,,catalog_inventory,
SRC-292,Artificial Intelligence,https://catalog.mcneese.edu/preview_program.php?catoid=102&poid=61886,catalog.mcneese.edu,dynamic_catalog,catalog_program,SRC-011,true,2026-2027,high,Pending_Review,,,,catalog_inventory,
SRC-293,Data Science,https://catalog.mcneese.edu/preview_program.php?catoid=102&poid=61887,catalog.mcneese.edu,dynamic_catalog,catalog_program,SRC-011,true,2026-2027,high,Pending_Review,,,,catalog_inventory,
SRC-294,Public Policy and Administration,https://catalog.mcneese.edu/preview_program.php?catoid=102&poid=61981,catalog.mcneese.edu,dynamic_catalog,catalog_program,SRC-011,true,2026-2027,high,Pending_Review,,,,catalog_inventory,
SRC-295,Software Engineering,https://catalog.mcneese.edu/preview_program.php?catoid=102&poid=61982,catalog.mcneese.edu,dynamic_catalog,catalog_program,SRC-011,true,2026-2027,high,Pending_Review,,,,catalog_inventory,
SRC-296,LNG Engineering,https://catalog.mcneese.edu/preview_program.php?catoid=102&poid=61983,catalog.mcneese.edu,dynamic_catalog,catalog_program,SRC-011,true,2026-2027,high,Pending_Review,,,,catalog_inventory,
SRC-297,Construction Management,https://catalog.mcneese.edu/preview_program.php?catoid=102&poid=61984,catalog.mcneese.edu,dynamic_catalog,catalog_program,SRC-011,true,2026-2027,high,Pending_Review,,,,catalog_inventory,
SRC-298,Family Nurse Practitioner,https://catalog.mcneese.edu/preview_program.php?catoid=102&poid=61985,catalog.mcneese.edu,dynamic_catalog,catalog_program,SRC-011,true,2026-2027,high,Pending_Review,,,,catalog_inventory,
SRC-299,content.php?catoid=102&navoid=8458,https://catalog.mcneese.edu/content.php?catoid=102&navoid=8458,catalog.mcneese.edu,html,catalog_content,SRC-011,false,2026-2027,high,Pending_Review,,,,catalog_browse,
SRC-300,content.php?catoid=102&navoid=8459,https://catalog.mcneese.edu/content.php?catoid=102&navoid=8459,catalog.mcneese.edu,html,catalog_content,SRC-011,false,2026-2027,high,Pending_Review,,,,catalog_browse,
SRC-301,content.php?catoid=102&navoid=8460,https://catalog.mcneese.edu/content.php?catoid=102&navoid=8460,catalog.mcneese.edu,html,catalog_content,SRC-011,false,2026-2027,high,Pending_Review,,,,catalog_browse,
SRC-302,content.php?catoid=102&navoid=8461,https://catalog.mcneese.edu/content.php?catoid=102&navoid=8461,catalog.mcneese.edu,html,catalog_content,SRC-011,false,2026-2027,high,Pending_Review,,,,catalog_browse,
SRC-303,content.php?catoid=102&navoid=8462,https://catalog.mcneese.edu/content.php?catoid=102&navoid=8462,catalog.mcneese.edu,html,catalog_content,SRC-011,false,2026-2027,high,Pending_Review,,,,catalog_browse,
SRC-304,content.php?catoid=102&navoid=8464,https://catalog.mcneese.edu/content.php?catoid=102&navoid=8464,catalog.mcneese.edu,html,catalog_content,SRC-011,false,2026-2027,high,Pending_Review,,,,catalog_browse,
SRC-305,content.php?catoid=102&navoid=8469,https://catalog.mcneese.edu/content.php?catoid=102&navoid=8469,catalog.mcneese.edu,html,catalog_content,SRC-011,false,2026-2027,high,Pending_Review,,,,catalog_browse,
SRC-306,content.php?catoid=102&navoid=8470,https://catalog.mcneese.edu/content.php?catoid=102&navoid=8470,catalog.mcneese.edu,html,catalog_content,SRC-011,false,2026-2027,high,Pending_Review,,,,catalog_browse,
SRC-307,content.php?catoid=102&navoid=8472,https://catalog.mcneese.edu/content.php?catoid=102&navoid=8472,catalog.mcneese.edu,html,catalog_content,SRC-011,false,2026-2027,high,Pending_Review,,,,catalog_browse,
SRC-308,content.php?catoid=102&navoid=8475,https://catalog.mcneese.edu/content.php?catoid=102&navoid=8475,catalog.mcneese.edu,html,catalog_content,SRC-011,false,2026-2027,high,Pending_Review,,,,catalog_browse,
SRC-309,content.php?catoid=102&navoid=8481,https://catalog.mcneese.edu/content.php?catoid=102&navoid=8481,catalog.mcneese.edu,html,catalog_content,SRC-011,false,2026-2027,high,Pending_Review,,,,catalog_browse,
SRC-310,content.php?catoid=102&navoid=8482,https://catalog.mcneese.edu/content.php?catoid=102&navoid=8482,catalog.mcneese.edu,html,catalog_content,SRC-011,false,2026-2027,high,Pending_Review,,,,catalog_browse,
SRC-311,content.php?catoid=102&navoid=8483,https://catalog.mcneese.edu/content.php?catoid=102&navoid=8483,catalog.mcneese.edu,html,catalog_content,SRC-011,false,2026-2027,high,Pending_Review,,,,catalog_browse,
SRC-312,content.php?catoid=102&navoid=8489,https://catalog.mcneese.edu/content.php?catoid=102&navoid=8489,catalog.mcneese.edu,html,catalog_content,SRC-011,false,2026-2027,high,Pending_Review,,,,catalog_browse,
SRC-313,content.php?catoid=102&navoid=8493,https://catalog.mcneese.edu/content.php?catoid=102&navoid=8493,catalog.mcneese.edu,html,catalog_content,SRC-011,false,2026-2027,high,Pending_Review,,,,catalog_browse,
SRC-314,content.php?catoid=102&navoid=8494,https://catalog.mcneese.edu/content.php?catoid=102&navoid=8494,catalog.mcneese.edu,html,catalog_content,SRC-011,false,2026-2027,high,Pending_Review,,,,catalog_browse,
SRC-315,content.php?catoid=102&navoid=8495,https://catalog.mcneese.edu/content.php?catoid=102&navoid=8495,catalog.mcneese.edu,html,catalog_content,SRC-011,false,2026-2027,high,Pending_Review,,,,catalog_browse,
SRC-316,content.php?catoid=102&navoid=8496,https://catalog.mcneese.edu/content.php?catoid=102&navoid=8496,catalog.mcneese.edu,html,catalog_content,SRC-011,false,2026-2027,high,Pending_Review,,,,catalog_browse,
SRC-317,content.php?catoid=102&navoid=8497,https://catalog.mcneese.edu/content.php?catoid=102&navoid=8497,catalog.mcneese.edu,html,catalog_content,SRC-011,false,2026-2027,high,Pending_Review,,,,catalog_browse,
SRC-318,content.php?catoid=102&navoid=8498,https://catalog.mcneese.edu/content.php?catoid=102&navoid=8498,catalog.mcneese.edu,html,catalog_content,SRC-011,false,2026-2027,high,Pending_Review,,,,catalog_browse,
SRC-319,content.php?catoid=102&navoid=8500,https://catalog.mcneese.edu/content.php?catoid=102&navoid=8500,catalog.mcneese.edu,html,catalog_content,SRC-011,false,2026-2027,high,Pending_Review,,,,catalog_browse,
SRC-320,content.php?catoid=102&navoid=8501,https://catalog.mcneese.edu/content.php?catoid=102&navoid=8501,catalog.mcneese.edu,html,catalog_content,SRC-011,false,2026-2027,high,Pending_Review,,,,catalog_browse,
SRC-321,content.php?catoid=102&navoid=8502,https://catalog.mcneese.edu/content.php?catoid=102&navoid=8502,catalog.mcneese.edu,html,catalog_content,SRC-011,false,2026-2027,high,Pending_Review,,,,catalog_browse,
SRC-322,2023 SEX CRIMES FORM,https://www.mcneese.edu/wp-content/uploads/2025/12/2023-SEX-CRIMES-FORM.pdf,www.mcneese.edu,pdf,pdf_form,SRC-023,true,,medium,Pending_Review,,,,pdf_hub_crawl,
SRC-323,AY 2022 2023 BOR Form C1 Crime Statistics Template1,https://www.mcneese.edu/wp-content/uploads/2025/12/AY_2022_2023_BOR_Form_C1_Crime_Statistics_Template1.pdf,www.mcneese.edu,pdf,pdf_form,SRC-023,true,,medium,Pending_Review,,,,pdf_hub_crawl,
SRC-324,AY 2024 2025 BOR Form C1 Crime Statistics Fall Template ,https://www.mcneese.edu/wp-content/uploads/2025/12/AY_2024_2025_BOR_Form_C1_Crime_Statistics_Fall_Template-.pdf,www.mcneese.edu,pdf,pdf_form,SRC-023,true,,medium,Pending_Review,,,,pdf_hub_crawl,
SRC-325,AY 2024 2025 BOR Form C1 Crime Statistics Fall Template 1,https://www.mcneese.edu/wp-content/uploads/2025/12/AY_2024_2025_BOR_Form_C1_Crime_Statistics_Fall_Template-1.pdf,www.mcneese.edu,pdf,pdf_form,SRC-023,true,,medium,Pending_Review,,,,pdf_hub_crawl,
SRC-326,AY 2025 2026 BOR Form C1 Crime Statistics Template ,https://www.mcneese.edu/wp-content/uploads/2025/12/AY_2025_2026_BOR_Form_C1_Crime_Statistics_Template-.pdf,www.mcneese.edu,pdf,pdf_form,SRC-023,true,,medium,Pending_Review,,,,pdf_hub_crawl,
SRC-327,Apr10 AY 2023 2024 BOR Form C1 Crime Statistics Template 1,https://www.mcneese.edu/wp-content/uploads/2025/12/Apr10_AY_2023_2024_BOR_Form_C1_Crime_Statistics_Template-1.pdf,www.mcneese.edu,pdf,pdf_form,SRC-023,true,,medium,Pending_Review,,,,pdf_hub_crawl,
SRC-328,Fall2022 AY 2022 2023 BOR Form C1 Crime Statistics Completed 1,https://www.mcneese.edu/wp-content/uploads/2025/12/Fall2022_AY_2022_2023_BOR_Form_C1_Crime_Statistics_Completed-1.pdf,www.mcneese.edu,pdf,pdf_form,SRC-023,true,,medium,Pending_Review,,,,pdf_hub_crawl,
SRC-329,Oct10 AY 2023 2024 BOR Form C1 Crime Statistics,https://www.mcneese.edu/wp-content/uploads/2025/12/Oct10_AY_2023_2024_BOR_Form_C1_Crime_Statistics.pdf,www.mcneese.edu,pdf,pdf_form,SRC-023,true,,medium,Pending_Review,,,,pdf_hub_crawl,
SRC-330,Annual Safety Report.Oct2024,https://www.mcneese.edu/wp-content/uploads/2025/09/Annual-Safety-Report.Oct2024.pdf,www.mcneese.edu,pdf,pdf_report,SRC-022,true,,medium,Pending_Review,,,,pdf_hub_crawl,
SRC-331,2022 Sex Crimes Data Report,https://www.mcneese.edu/wp-content/uploads/2025/12/2022-Sex-Crimes-Data-Report.pdf,www.mcneese.edu,pdf,pdf_report,SRC-023,true,,medium,Pending_Review,,,,pdf_hub_crawl,
SRC-332,2024 SEX CRIMES Report,https://www.mcneese.edu/wp-content/uploads/2025/12/2024-SEX-CRIMES-Report.pdf,www.mcneese.edu,pdf,pdf_report,SRC-023,true,,medium,Pending_Review,,,,pdf_hub_crawl,
SRC-333,Apr10 2023 2024  B2 Chancellors Data Report COMBINED,https://www.mcneese.edu/wp-content/uploads/2025/12/Apr10_2023-2024__B2_Chancellors_Data_Report_COMBINED.pdf,www.mcneese.edu,pdf,pdf_report,SRC-023,true,,medium,Pending_Review,,,,pdf_hub_crawl,
SRC-334,Apr10 2024 2025  B2 Chancellors Data Report COMBINED,https://www.mcneese.edu/wp-content/uploads/2025/12/Apr10_2024-2025__B2_Chancellors_Data_Report_COMBINED.pdf,www.mcneese.edu,pdf,pdf_report,SRC-023,true,,medium,Pending_Review,,,,pdf_hub_crawl,
SRC-335,April 1 2023 September 30 2023 Data Report 1,https://www.mcneese.edu/wp-content/uploads/2025/12/April-1-2023-September-30-2023-Data-Report-1.pdf,www.mcneese.edu,pdf,pdf_report,SRC-023,true,,medium,Pending_Review,,,,pdf_hub_crawl,
SRC-336,April 1 September 30 2022 Data Report,https://www.mcneese.edu/wp-content/uploads/2025/12/April-1-September-30-2022-Data-Report.pdf,www.mcneese.edu,pdf,pdf_report,SRC-023,true,,medium,Pending_Review,,,,pdf_hub_crawl,
SRC-337,B2 Narrative and Reporting Fall 2021,https://www.mcneese.edu/wp-content/uploads/2025/12/B2-Narrative-and-Reporting-Fall-2021.pdf,www.mcneese.edu,pdf,pdf_report,SRC-023,true,,medium,Pending_Review,,,,pdf_hub_crawl,
SRC-338,B2 Narrative and Reporting,https://www.mcneese.edu/wp-content/uploads/2025/12/B2-Narrative-and-Reporting.pdf,www.mcneese.edu,pdf,pdf_report,SRC-023,true,,medium,Pending_Review,,,,pdf_hub_crawl,
SRC-339,B2 Report and Narrative Combined April 1 September 30 2022,https://www.mcneese.edu/wp-content/uploads/2025/12/B2-Report-and-Narrative-Combined-April-1-September-30-2022.pdf,www.mcneese.edu,pdf,pdf_report,SRC-023,true,,medium,Pending_Review,,,,pdf_hub_crawl,
SRC-340,B2 Report and Narrative Combined Spring 2023,https://www.mcneese.edu/wp-content/uploads/2025/12/B2-Report-and-Narrative-Combined-Spring-2023.pdf,www.mcneese.edu,pdf,pdf_report,SRC-023,true,,medium,Pending_Review,,,,pdf_hub_crawl,
SRC-341,COMBO Oct10 2023 2024  B2 Chancellors Data Report,https://www.mcneese.edu/wp-content/uploads/2025/12/COMBO_Oct10_2023-2024__B2_Chancellors_Data_Report.pdf,www.mcneese.edu,pdf,pdf_report,SRC-023,true,,medium,Pending_Review,,,,pdf_hub_crawl,
SRC-342,Chancellors Data Report Fall 2025,https://www.mcneese.edu/wp-content/uploads/2025/12/Chancellors-Data-Report_Fall_2025.pdf,www.mcneese.edu,pdf,pdf_report,SRC-023,true,,medium,Pending_Review,,,,pdf_hub_crawl,
SRC-343,Fall 2021 Data Report,https://www.mcneese.edu/wp-content/uploads/2025/12/Fall-2021-Data-Report.pdf,www.mcneese.edu,pdf,pdf_report,SRC-023,true,,medium,Pending_Review,,,,pdf_hub_crawl,
SRC-344,March 1 2024 September 30 2024 Data Report AutoRecovered,https://www.mcneese.edu/wp-content/uploads/2025/12/March-1-2024-September-30-2024-Data-Report-AutoRecovered.pdf,www.mcneese.edu,pdf,pdf_report,SRC-023,true,,medium,Pending_Review,,,,pdf_hub_crawl,
SRC-345,McNeese 2021 Sex Crimes Report,https://www.mcneese.edu/wp-content/uploads/2025/12/McNeese_2021-Sex-Crimes-Report.pdf,www.mcneese.edu,pdf,pdf_report,SRC-023,true,,medium,Pending_Review,,,,pdf_hub_crawl,
SRC-346,October 1 2022 March 31 2023 Data Report,https://www.mcneese.edu/wp-content/uploads/2025/12/October-1-2022-March-31-2023-Data-Report.pdf,www.mcneese.edu,pdf,pdf_report,SRC-023,true,,medium,Pending_Review,,,,pdf_hub_crawl,
SRC-347,October 1 2023 March 31 2024 Data Report,https://www.mcneese.edu/wp-content/uploads/2025/12/October-1-2023-March-31-2024-Data-Report.pdf,www.mcneese.edu,pdf,pdf_report,SRC-023,true,,medium,Pending_Review,,,,pdf_hub_crawl,
SRC-348,October 1 2024 March 31 2025 Data Report,https://www.mcneese.edu/wp-content/uploads/2025/12/October-1-2024-March-31-2025-Data-Report.pdf,www.mcneese.edu,pdf,pdf_report,SRC-023,true,,medium,Pending_Review,,,,pdf_hub_crawl,
SRC-349,Power Based Violence Crime Statistics Report 10 10 21,https://www.mcneese.edu/wp-content/uploads/2025/12/Power-Based-Violence-Crime-Statistics-Report-10-10-21.pdf,www.mcneese.edu,pdf,pdf_report,SRC-023,true,,medium,Pending_Review,,,,pdf_hub_crawl,
SRC-350,Reports and Narrative Combined 1,https://www.mcneese.edu/wp-content/uploads/2025/12/Reports-and-Narrative-Combined-1.pdf,www.mcneese.edu,pdf,pdf_report,SRC-023,true,,medium,Pending_Review,,,,pdf_hub_crawl,
SRC-351,Spring 2022 Data Report,https://www.mcneese.edu/wp-content/uploads/2025/12/Spring-2022-Data-Report.pdf,www.mcneese.edu,pdf,pdf_report,SRC-023,true,,medium,Pending_Review,,,,pdf_hub_crawl,
SRC-352,2025 SEX CRIMES Report,https://www.mcneese.edu/wp-content/uploads/2026/02/2025-SEX-CRIMES-Report.pdf,www.mcneese.edu,pdf,pdf_report,SRC-023,true,,medium,Pending_Review,,,,pdf_hub_crawl,
SRC-353,McNeese Statewide Strategic Plan FY 26 27 through 30 31 Final to ULS 6 3 25,https://www.mcneese.edu/wp-content/uploads/2025/12/McNeese-Statewide-Strategic-Plan-FY-26-27-through-30-31-Final-to-ULS-6-3-25.pdf,www.mcneese.edu,pdf,pdf_other,SRC-022,true,,medium,Pending_Review,,,,pdf_hub_crawl,
SRC-354,Revised.Chancellors.rpt ,https://www.mcneese.edu/wp-content/uploads/2025/12/Revised.Chancellors.rpt_.pdf,www.mcneese.edu,pdf,pdf_other,SRC-023,true,,medium,Pending_Review,,,,pdf_hub_crawl,
SRC-355,academics,https://www.mcneese.edu/academics,www.mcneese.edu,html,hub_nav,,false,,medium,Pending_Review,,,,sitemap_xml,
SRC-356,online-programs,https://www.mcneese.edu/academics/online-programs,www.mcneese.edu,html,hub_nav,SRC-007,false,,medium,Pending_Review,,,,sitemap_xml,
SRC-357,program-search,https://www.mcneese.edu/academics/program-search,www.mcneese.edu,html,hub_nav,SRC-007,false,,medium,Pending_Review,,,,sitemap_xml,
SRC-358,application-forms,https://www.mcneese.edu/admissions/application-forms,www.mcneese.edu,html,hub_nav,SRC-002,false,,medium,Pending_Review,,2026-07-05T21:38:59,,sitemap_xml,
SRC-359,campus-visit,https://www.mcneese.edu/admissions/campus-visit,www.mcneese.edu,html,hub_nav,SRC-002,false,,medium,Pending_Review,,2026-07-05T21:39:02,,sitemap_xml,
SRC-360,dual-enrollment,https://www.mcneese.edu/admissions/dual-enrollment,www.mcneese.edu,html,hub_nav,SRC-002,false,,medium,Pending_Review,,2026-07-05T21:39:05,,sitemap_xml,
SRC-361,international,https://www.mcneese.edu/admissions/international,www.mcneese.edu,html,hub_nav,SRC-002,false,,medium,Pending_Review,,2026-07-05T21:39:10,,sitemap_xml,
SRC-362,military-students,https://www.mcneese.edu/admissions/military-students,www.mcneese.edu,html,hub_nav,SRC-002,false,,medium,Pending_Review,,2026-07-05T21:39:12,,sitemap_xml,
SRC-363,online,https://www.mcneese.edu/admissions/online,www.mcneese.edu,html,hub_nav,SRC-002,false,,medium,Pending_Review,,2026-07-05T21:39:15,,sitemap_xml,
SRC-364,preview-day,https://www.mcneese.edu/admissions/preview-day,www.mcneese.edu,html,hub_nav,SRC-002,false,,medium,Pending_Review,,2026-07-05T21:39:19,,sitemap_xml,
SRC-365,requirements,https://www.mcneese.edu/admissions/requirements,www.mcneese.edu,html,hub_nav,SRC-002,false,,medium,Pending_Review,,2026-07-05T21:39:24,,sitemap_xml,
SRC-366,transfer-evaluation,https://www.mcneese.edu/admissions/transfer-evaluation,www.mcneese.edu,html,hub_nav,SRC-002,false,,medium,Pending_Review,,2026-07-05T21:39:27,,sitemap_xml,
SRC-367,visiting-students,https://www.mcneese.edu/admissions/visiting-students,www.mcneese.edu,html,hub_nav,SRC-002,false,,medium,Pending_Review,,2026-07-05T21:39:30,,sitemap_xml,
SRC-368,hazinged,https://www.mcneese.edu/campus-life/hazinged,www.mcneese.edu,html,hub_nav,,false,,medium,Pending_Review,,,,sitemap_xml,
SRC-369,hazingtransparency,https://www.mcneese.edu/campus-life/hazingtransparency,www.mcneese.edu,html,hub_nav,,false,,medium,Pending_Review,,,,sitemap_xml,
SRC-370,hc-shirts,https://www.mcneese.edu/campus-life/hc-shirts,www.mcneese.edu,html,hub_nav,,false,,medium,Pending_Review,,,,sitemap_xml,
SRC-371,homecoming,https://www.mcneese.edu/campus-life/homecoming,www.mcneese.edu,html,hub_nav,,false,,medium,Pending_Review,,,,sitemap_xml,
SRC-372,pfw,https://www.mcneese.edu/campus-life/pfw,www.mcneese.edu,html,hub_nav,,false,,medium,Pending_Review,,,,sitemap_xml,
SRC-373,pokepantry,https://www.mcneese.edu/campus-life/pokepantry,www.mcneese.edu,html,hub_nav,,false,,medium,Pending_Review,,,,sitemap_xml,
SRC-374,rec,https://www.mcneese.edu/campus-life/rec,www.mcneese.edu,html,hub_nav,,false,,medium,Pending_Review,,,,sitemap_xml,
SRC-375,reservations,https://www.mcneese.edu/campus-life/reservations,www.mcneese.edu,html,hub_nav,,false,,medium,Pending_Review,,,,sitemap_xml,
SRC-376,safety,https://www.mcneese.edu/campus-life/safety,www.mcneese.edu,html,hub_nav,,false,,medium,Pending_Review,,,,sitemap_xml,
SRC-377,accounting,https://www.mcneese.edu/about-us/business-affairs/accounting,www.mcneese.edu,html,leaf_detail,,true,,high,Pending_Review,,,,sitemap_xml,
SRC-378,agency_funds_rules_and_regulations,https://www.mcneese.edu/about-us/business-affairs/accounting/agency_funds_rules_and_regulations,www.mcneese.edu,html,leaf_detail,,true,,high,Pending_Review,,,,sitemap_xml,
SRC-379,cash-handling-function-section-2-1,https://www.mcneese.edu/about-us/business-affairs/accounting/cash-handling-function-section-2-1,www.mcneese.edu,html,leaf_detail,,true,,high,Pending_Review,,,,sitemap_xml,
SRC-380,cash_collections_after_hours,https://www.mcneese.edu/about-us/business-affairs/accounting/cash_collections_after_hours,www.mcneese.edu,html,leaf_detail,,true,,high,Pending_Review,,,,sitemap_xml,
SRC-381,cashiers,https://www.mcneese.edu/about-us/business-affairs/accounting/cashiers,www.mcneese.edu,html,leaf_detail,,true,,high,Pending_Review,,,,sitemap_xml,
SRC-382,how-to-pay,https://www.mcneese.edu/about-us/business-affairs/accounting/cashiers/how-to-pay,www.mcneese.edu,html,leaf_detail,,true,,high,Pending_Review,,,,sitemap_xml,
SRC-383,nelnet-information-and-faq,https://www.mcneese.edu/about-us/business-affairs/accounting/cashiers/nelnet-information-and-faq,www.mcneese.edu,html,leaf_detail,,true,,high,Pending_Review,,,,sitemap_xml,
SRC-384,academic-affairs,https://www.mcneese.edu/about-us/leadership-team/academic-affairs,www.mcneese.edu,html,leaf_detail,,true,,high,Pending_Review,,,,sitemap_xml,
SRC-385,division-of-academic-affairs,https://www.mcneese.edu/about-us/leadership-team/academic-affairs/division-of-academic-affairs,www.mcneese.edu,html,leaf_detail,,true,,high,Pending_Review,,,,sitemap_xml,
SRC-386,testing,https://www.mcneese.edu/about-us/leadership-team/academic-affairs/division-of-academic-affairs/testing,www.mcneese.edu,html,leaf_detail,,true,,high,Pending_Review,,,,sitemap_xml,
SRC-387,accuplacer,https://www.mcneese.edu/about-us/leadership-team/academic-affairs/division-of-academic-affairs/testing/accuplacer,www.mcneese.edu,html,leaf_detail,,true,,high,Pending_Review,,,,sitemap_xml,
SRC-388,act,https://www.mcneese.edu/about-us/leadership-team/academic-affairs/division-of-academic-affairs/testing/act,www.mcneese.edu,html,leaf_detail,,true,,high,Pending_Review,,,,sitemap_xml,
SRC-389,aleks,https://www.mcneese.edu/about-us/leadership-team/academic-affairs/division-of-academic-affairs/testing/aleks,www.mcneese.edu,html,leaf_detail,,true,,high,Pending_Review,,,,sitemap_xml,
SRC-390,college-level-examination-program-clep,https://www.mcneese.edu/about-us/leadership-team/academic-affairs/division-of-academic-affairs/testing/college-level-examination-program-clep,www.mcneese.edu,html,leaf_detail,,true,,high,Pending_Review,,,,sitemap_xml,
SRC-391,college-level-examination-program-clep-2,https://www.mcneese.edu/about-us/leadership-team/academic-affairs/division-of-academic-affairs/testing/college-level-examination-program-clep-2,www.mcneese.edu,html,leaf_detail,,true,,high,Pending_Review,,,,sitemap_xml,
SRC-392,directions-and-parking-information,https://www.mcneese.edu/about-us/leadership-team/academic-affairs/division-of-academic-affairs/testing/directions-and-parking-information,www.mcneese.edu,html,leaf_detail,,true,,high,Pending_Review,,,,sitemap_xml,
SRC-393,placement-testing,https://www.mcneese.edu/about-us/leadership-team/academic-affairs/division-of-academic-affairs/testing/placement-testing,www.mcneese.edu,html,leaf_detail,,true,,high,Pending_Review,,,,sitemap_xml,
SRC-394,prior-learning-assessment,https://www.mcneese.edu/about-us/leadership-team/academic-affairs/division-of-academic-affairs/testing/prior-learning-assessment,www.mcneese.edu,html,leaf_detail,,true,,high,Pending_Review,,,,sitemap_xml,
SRC-395,division-of-administrative-and-student-affairs,https://www.mcneese.edu/about-us/leadership-team/administrative-and-student-affairs/division-of-administrative-and-student-affairs,www.mcneese.edu,html,leaf_detail,,true,,high,Pending_Review,,,,sitemap_xml,
SRC-396,business-affairs,https://www.mcneese.edu/about-us/leadership-team/business-affairs,www.mcneese.edu,html,leaf_detail,,true,,high,Pending_Review,,,,sitemap_xml,
SRC-397,division-of-business-affairs,https://www.mcneese.edu/about-us/leadership-team/business-affairs/division-of-business-affairs,www.mcneese.edu,html,leaf_detail,,true,,high,Pending_Review,,,,sitemap_xml,
SRC-398,school-of-agricultural-sciences,https://www.mcneese.edu/agriculture/school-of-agricultural-sciences,www.mcneese.edu,html,department_leaf,,true,,medium,Pending_Review,,,,sitemap_xml,
SRC-399,banner-requestor-training,https://www.mcneese.edu/business-affairs/purchasing/banner-requestor-training,www.mcneese.edu,html,leaf_detail,,true,,high,Pending_Review,,,,sitemap_xml,
SRC-400,lacarte-procurement-card-p-card,https://www.mcneese.edu/business-affairs/purchasing/lacarte-procurement-card-p-card,www.mcneese.edu,html,leaf_detail,,true,,high,Pending_Review,,,,sitemap_xml,
SRC-401,ppcs-contracts,https://www.mcneese.edu/business-affairs/purchasing/ppcs-contracts,www.mcneese.edu,html,leaf_detail,,true,,high,Pending_Review,,,,sitemap_xml,
SRC-402,purchase-guidelines,https://www.mcneese.edu/business-affairs/purchasing/purchase-guidelines,www.mcneese.edu,html,leaf_detail,,true,,high,Pending_Review,,,,sitemap_xml,
SRC-403,purchasing-directory,https://www.mcneese.edu/business-affairs/purchasing/purchasing-directory,www.mcneese.edu,html,leaf_detail,,true,,high,Pending_Review,,,,sitemap_xml,
SRC-404,purchasing-forms,https://www.mcneese.edu/business-affairs/purchasing/purchasing-forms,www.mcneese.edu,html,leaf_detail,,true,,high,Pending_Review,,,,sitemap_xml,
SRC-405,risk-management-insurance-claims,https://www.mcneese.edu/business-affairs/purchasing/risk-management-insurance-claims,www.mcneese.edu,html,leaf_detail,,true,,high,Pending_Review,,,,sitemap_xml,
SRC-406,special-meals-policy,https://www.mcneese.edu/business-affairs/purchasing/special-meals-policy,www.mcneese.edu,html,leaf_detail,,true,,high,Pending_Review,,,,sitemap_xml,
SRC-407,college-of-business,https://www.mcneese.edu/business/college-of-business,www.mcneese.edu,html,department_leaf,,true,,medium,Pending_Review,,,,sitemap_xml,
SRC-408,college-of-business-academic-program-brochure-download,https://www.mcneese.edu/business/college-of-business-academic-program-brochure-download,www.mcneese.edu,html,department_leaf,,true,,medium,Pending_Review,,,,sitemap_xml,
SRC-409,vision-mission-and-values,https://www.mcneese.edu/business/college-of-business/vision-mission-and-values,www.mcneese.edu,html,department_leaf,,true,,medium,Pending_Review,,,,sitemap_xml,
SRC-410,department-of-business-disciplines,https://www.mcneese.edu/business/department-of-business-disciplines,www.mcneese.edu,html,department_leaf,,true,,medium,Pending_Review,,,,sitemap_xml,
SRC-411,doors,https://www.mcneese.edu/campus-life/homecoming/doors,www.mcneese.edu,html,leaf_detail,,true,,high,Pending_Review,,,,sitemap_xml,
SRC-412,student-events,https://www.mcneese.edu/campus-life/homecoming/student-events,www.mcneese.edu,html,leaf_detail,,true,,high,Pending_Review,,,,sitemap_xml,
SRC-413,general-information,https://www.mcneese.edu/campus-life/rec/general-information,www.mcneese.edu,html,leaf_detail,,true,,high,Pending_Review,,,,sitemap_xml,
SRC-414,intramurals,https://www.mcneese.edu/campus-life/rec/intramurals,www.mcneese.edu,html,leaf_detail,,true,,high,Pending_Review,,,,sitemap_xml,
SRC-415,recfees,https://www.mcneese.edu/campus-life/rec/recfees,www.mcneese.edu,html,leaf_detail,,true,,high,Pending_Review,,,,sitemap_xml,
SRC-416,wellness-program,https://www.mcneese.edu/campus-life/rec/wellness-program,www.mcneese.edu,html,leaf_detail,,true,,high,Pending_Review,,,,sitemap_xml,
SRC-417,frequently-asked-questions,https://www.mcneese.edu/campus-life/sga/frequently-asked-questions,www.mcneese.edu,html,leaf_detail,,true,,high,Pending_Review,,,,sitemap_xml,
SRC-418,governing-documents,https://www.mcneese.edu/campus-life/sga/governing-documents,www.mcneese.edu,html,leaf_detail,,true,,high,Pending_Review,,,,sitemap_xml,
SRC-419,tutoring-center,https://www.mcneese.edu/campus-life/student-success-and-retention/tutoring-center,www.mcneese.edu,html,leaf_detail,,true,,high,Pending_Review,,,,sitemap_xml,
SRC-420,college-of-business-open-house-for-advising,https://www.mcneese.edu/college-of-business-open-house-for-advising,www.mcneese.edu,html,department_leaf,,true,,medium,Pending_Review,,,,sitemap_xml,
SRC-421,college-of-nursing-and-health-professions-receives-matching-donation-for-scholarships,https://www.mcneese.edu/college-of-nursing-and-health-professions-receives-matching-donation-for-scholarships,www.mcneese.edu,html,department_leaf,SRC-006,true,,medium,Pending_Review,,2026-07-05T21:39:33,,sitemap_xml,
SRC-422,accreditation,https://www.mcneese.edu/education/burton-college-of-education/accreditation,www.mcneese.edu,html,leaf_detail,,true,,high,Pending_Review,,,,sitemap_xml,
SRC-423,hhp-dept,https://www.mcneese.edu/education/burton-college-of-education/hhp-dept,www.mcneese.edu,html,leaf_detail,,true,,high,Pending_Review,,,,sitemap_xml,
SRC-424,education-roundup,https://www.mcneese.edu/education/stpes/education-roundup,www.mcneese.edu,html,leaf_detail,,true,,high,Pending_Review,,,,sitemap_xml,
SRC-425,computer-center,https://www.mcneese.edu/engineering-and-sciences/acc/computer-center,www.mcneese.edu,html,leaf_detail,,true,,high,Pending_Review,,,,sitemap_xml,
SRC-426,technical-support,https://www.mcneese.edu/engineering-and-sciences/acc/technical-support,www.mcneese.edu,html,leaf_detail,,true,,high,Pending_Review,,,,sitemap_xml,
SRC-427,student,https://www.mcneese.edu/hr/employment/student,www.mcneese.edu,html,leaf_detail,,true,,high,Pending_Review,,,,sitemap_xml,
SRC-428,tudent-line-technician-for-the-mcneese-autism-program,https://www.mcneese.edu/hr/employment/tudent-line-technician-for-the-mcneese-autism-program,www.mcneese.edu,html,leaf_detail,,true,,high,Pending_Review,,,,sitemap_xml,
SRC-429,online-project-management-lean-six-sigma,https://www.mcneese.edu/iiec/page/online-project-management-lean-six-sigma,www.mcneese.edu,html,leaf_detail,,true,,high,Pending_Review,,,,sitemap_xml,
SRC-430,institutional-reporting,https://www.mcneese.edu/ire/accreditation/institutional-reporting,www.mcneese.edu,html,leaf_detail,,true,,high,Pending_Review,,,,sitemap_xml,
SRC-431,additional_charges,https://www.mcneese.edu/ire/facilities/additional_charges,www.mcneese.edu,html,leaf_detail,,true,,high,Pending_Review,,,,sitemap_xml,
SRC-432,f14facility,https://www.mcneese.edu/ire/facilities/f14facility,www.mcneese.edu,html,leaf_detail,,true,,high,Pending_Review,,,,sitemap_xml,
SRC-433,facilities_resource,https://www.mcneese.edu/ire/facilities/facilities_resource,www.mcneese.edu,html,leaf_detail,,true,,high,Pending_Review,,,,sitemap_xml,
SRC-434,maint_safety_coords,https://www.mcneese.edu/ire/facilities/maint_safety_coords,www.mcneese.edu,html,leaf_detail,,true,,high,Pending_Review,,,,sitemap_xml,
SRC-435,physical_plant,https://www.mcneese.edu/ire/facilities/physical_plant,www.mcneese.edu,html,leaf_detail,,true,,high,Pending_Review,,,,sitemap_xml,
SRC-436,use-fee-guidelines-and-rates,https://www.mcneese.edu/ire/facilities/use-fee-guidelines-and-rates,www.mcneese.edu,html,leaf_detail,,true,,high,Pending_Review,,,,sitemap_xml,
SRC-437,12-13_organizational_chart,https://www.mcneese.edu/ire/ir/12-13_organizational_chart,www.mcneese.edu,html,leaf_detail,,true,,high,Pending_Review,,,,sitemap_xml,
SRC-438,2012-2013-degrees-conferred,https://www.mcneese.edu/ire/ir/2012-2013-degrees-conferred,www.mcneese.edu,html,leaf_detail,,true,,high,Pending_Review,,,,sitemap_xml,
SRC-439,2012-2013_average_teaching_load_by_department,https://www.mcneese.edu/ire/ir/2012-2013_average_teaching_load_by_department,www.mcneese.edu,html,leaf_detail,,true,,high,Pending_Review,,,,sitemap_xml,
SRC-440,2012-2013_factbook_history,https://www.mcneese.edu/ire/ir/2012-2013_factbook_history,www.mcneese.edu,html,leaf_detail,,true,,high,Pending_Review,,,,sitemap_xml,
SRC-441,2012-2013_factbook_purpose_mission,https://www.mcneese.edu/ire/ir/2012-2013_factbook_purpose_mission,www.mcneese.edu,html,leaf_detail,,true,,high,Pending_Review,,,,sitemap_xml,
SRC-442,2013-2013_factbook_core_values,https://www.mcneese.edu/ire/ir/2013-2013_factbook_core_values,www.mcneese.edu,html,leaf_detail,,true,,high,Pending_Review,,,,sitemap_xml,
SRC-443,2013-2014-financial-aid,https://www.mcneese.edu/ire/ir/2013-2014-financial-aid,www.mcneese.edu,html,leaf_detail,,true,,high,Pending_Review,,2026-07-05T21:38:57,,sitemap_xml,
SRC-444,2013-2014_accreditation,https://www.mcneese.edu/ire/ir/2013-2014_accreditation,www.mcneese.edu,html,leaf_detail,,true,,high,Pending_Review,,,,sitemap_xml,
SRC-445,2013-2014_average_teaching_load_by_department,https://www.mcneese.edu/ire/ir/2013-2014_average_teaching_load_by_department,www.mcneese.edu,html,leaf_detail,,true,,high,Pending_Review,,,,sitemap_xml,
SRC-446,2013-2014_core_values,https://www.mcneese.edu/ire/ir/2013-2014_core_values,www.mcneese.edu,html,leaf_detail,,true,,high,Pending_Review,,,,sitemap_xml,
SRC-447,2013-2014_history,https://www.mcneese.edu/ire/ir/2013-2014_history,www.mcneese.edu,html,leaf_detail,,true,,high,Pending_Review,,,,sitemap_xml,
SRC-448,2013-2014_inventory_of_degree_programs,https://www.mcneese.edu/ire/ir/2013-2014_inventory_of_degree_programs,www.mcneese.edu,html,leaf_detail,,true,,high,Pending_Review,,,,sitemap_xml,
SRC-449,2013-2014_organizational_chart,https://www.mcneese.edu/ire/ir/2013-2014_organizational_chart,www.mcneese.edu,html,leaf_detail,,true,,high,Pending_Review,,,,sitemap_xml,
SRC-450,2013-2014_purpose_mission,https://www.mcneese.edu/ire/ir/2013-2014_purpose_mission,www.mcneese.edu,html,leaf_detail,,true,,high,Pending_Review,,,,sitemap_xml,
SRC-451,2013_2014_facilities-5501,https://www.mcneese.edu/ire/ir/2013_2014_facilities-5501,www.mcneese.edu,html,leaf_detail,,true,,high,Pending_Review,,,,sitemap_xml,
SRC-452,2013_2014_full-time_average_annual_fees,https://www.mcneese.edu/ire/ir/2013_2014_full-time_average_annual_fees,www.mcneese.edu,html,leaf_detail,,true,,high,Pending_Review,,,,sitemap_xml,
SRC-453,2013_2014_revenues_and_expenditures-5498,https://www.mcneese.edu/ire/ir/2013_2014_revenues_and_expenditures-5498,www.mcneese.edu,html,leaf_detail,,true,,high,Pending_Review,,,,sitemap_xml,
SRC-454,2013_2014_student_credit_hours_sch-5494,https://www.mcneese.edu/ire/ir/2013_2014_student_credit_hours_sch-5494,www.mcneese.edu,html,leaf_detail,,true,,high,Pending_Review,,,,sitemap_xml,
SRC-455,2013_2014_student_to_faculty_ratio-5500,https://www.mcneese.edu/ire/ir/2013_2014_student_to_faculty_ratio-5500,www.mcneese.edu,html,leaf_detail,,true,,high,Pending_Review,,,,sitemap_xml,
SRC-456,2014-2015-degrees-conferred,https://www.mcneese.edu/ire/ir/2014-2015-degrees-conferred,www.mcneese.edu,html,leaf_detail,,true,,high,Pending_Review,,,,sitemap_xml,
SRC-457,2014-2015_core_values,https://www.mcneese.edu/ire/ir/2014-2015_core_values,www.mcneese.edu,html,leaf_detail,,true,,high,Pending_Review,,,,sitemap_xml,
SRC-458,2015-2016-degrees-conferred,https://www.mcneese.edu/ire/ir/2015-2016-degrees-conferred,www.mcneese.edu,html,leaf_detail,,true,,high,Pending_Review,,,,sitemap_xml,
SRC-459,2016_2017_student_to_faculty_ratio-13005,https://www.mcneese.edu/ire/ir/2016_2017_student_to_faculty_ratio-13005,www.mcneese.edu,html,leaf_detail,,true,,high,Pending_Review,,,,sitemap_xml,
SRC-460,2019-2020_accreditation,https://www.mcneese.edu/ire/ir/2019-2020_accreditation,www.mcneese.edu,html,leaf_detail,,true,,high,Pending_Review,,,,sitemap_xml,
SRC-461,2019-2020_core_values,https://www.mcneese.edu/ire/ir/2019-2020_core_values,www.mcneese.edu,html,leaf_detail,,true,,high,Pending_Review,,,,sitemap_xml,
SRC-462,2019-2020_inventory_of_degree_programs,https://www.mcneese.edu/ire/ir/2019-2020_inventory_of_degree_programs,www.mcneese.edu,html,leaf_detail,,true,,high,Pending_Review,,,,sitemap_xml,
SRC-463,2019-2020_purpose_mission,https://www.mcneese.edu/ire/ir/2019-2020_purpose_mission,www.mcneese.edu,html,leaf_detail,,true,,high,Pending_Review,,,,sitemap_xml,
SRC-464,2019_2020_student_to_faculty_ratio-18572,https://www.mcneese.edu/ire/ir/2019_2020_student_to_faculty_ratio-18572,www.mcneese.edu,html,leaf_detail,,true,,high,Pending_Review,,,,sitemap_xml,
SRC-465,2020-2021-accreditation,https://www.mcneese.edu/ire/ir/2020-2021-accreditation,www.mcneese.edu,html,leaf_detail,,true,,high,Pending_Review,,,,sitemap_xml,
SRC-466,2020-2021-average-teaching-load-by-department,https://www.mcneese.edu/ire/ir/2020-2021-average-teaching-load-by-department,www.mcneese.edu,html,leaf_detail,,true,,high,Pending_Review,,,,sitemap_xml,
SRC-467,2020-2021-core-values,https://www.mcneese.edu/ire/ir/2020-2021-core-values,www.mcneese.edu,html,leaf_detail,,true,,high,Pending_Review,,,,sitemap_xml,
SRC-468,2020-2021-factbook-main-menu,https://www.mcneese.edu/ire/ir/2020-2021-factbook-main-menu,www.mcneese.edu,html,leaf_detail,,true,,high,Pending_Review,,,,sitemap_xml,
SRC-469,2020-2021-faculty-staff,https://www.mcneese.edu/ire/ir/2020-2021-faculty-staff,www.mcneese.edu,html,leaf_detail,,true,,high,Pending_Review,,,,sitemap_xml,
SRC-470,2020-2021-inventory-of-degree-programs,https://www.mcneese.edu/ire/ir/2020-2021-inventory-of-degree-programs,www.mcneese.edu,html,leaf_detail,,true,,high,Pending_Review,,,,sitemap_xml,
SRC-471,2021-2022-accreditation,https://www.mcneese.edu/ire/ir/2021-2022-accreditation,www.mcneese.edu,html,leaf_detail,,true,,high,Pending_Review,,,,sitemap_xml,
SRC-472,2021-2022-average-teaching-load-by-department,https://www.mcneese.edu/ire/ir/2021-2022-average-teaching-load-by-department,www.mcneese.edu,html,leaf_detail,,true,,high,Pending_Review,,,,sitemap_xml,
SRC-473,2021-2022-core-values,https://www.mcneese.edu/ire/ir/2021-2022-core-values,www.mcneese.edu,html,leaf_detail,,true,,high,Pending_Review,,,,sitemap_xml,
SRC-474,2021-2022-degrees-conferred,https://www.mcneese.edu/ire/ir/2021-2022-degrees-conferred,www.mcneese.edu,html,leaf_detail,,true,,high,Pending_Review,,,,sitemap_xml,
SRC-475,2021-2022-purpose-and-mission,https://www.mcneese.edu/ire/ir/2021-2022-purpose-and-mission,www.mcneese.edu,html,leaf_detail,,true,,high,Pending_Review,,,,sitemap_xml,
SRC-476,2022-2023-average-teaching-load-by-department,https://www.mcneese.edu/ire/ir/2022-2023-average-teaching-load-by-department,www.mcneese.edu,html,leaf_detail,,true,,high,Pending_Review,,,,sitemap_xml,
SRC-477,2022-2023-mission-and-foundational-statements,https://www.mcneese.edu/ire/ir/2022-2023-mission-and-foundational-statements,www.mcneese.edu,html,leaf_detail,,true,,high,Pending_Review,,,,sitemap_xml,
SRC-478,2023-2024-average-teaching-load-by-department,https://www.mcneese.edu/ire/ir/2023-2024-average-teaching-load-by-department,www.mcneese.edu,html,leaf_detail,,true,,high,Pending_Review,,,,sitemap_xml,
SRC-479,2023-2024-degrees-conferred,https://www.mcneese.edu/ire/ir/2023-2024-degrees-conferred,www.mcneese.edu,html,leaf_detail,,true,,high,Pending_Review,,,,sitemap_xml,
SRC-480,2023-2024-mission-and-foundational-statements,https://www.mcneese.edu/ire/ir/2023-2024-mission-and-foundational-statements,www.mcneese.edu,html,leaf_detail,,true,,high,Pending_Review,,,,sitemap_xml,
SRC-481,2024-2025-mission-and-foundational-statements,https://www.mcneese.edu/ire/ir/2024-2025-mission-and-foundational-statements,www.mcneese.edu,html,leaf_detail,,true,,high,Pending_Review,,,,sitemap_xml,
SRC-482,abet_enrollment_figures,https://www.mcneese.edu/ire/ir/abet_enrollment_figures,www.mcneese.edu,html,leaf_detail,,true,,high,Pending_Review,,,,sitemap_xml,
SRC-483,college-of-liberal-arts,https://www.mcneese.edu/liberal/college-of-liberal-arts,www.mcneese.edu,html,department_leaf,,true,,medium,Pending_Review,,,,sitemap_xml,
SRC-484,department-of-interdisciplinary-studies,https://www.mcneese.edu/liberal/college-of-liberal-arts/department-of-interdisciplinary-studies,www.mcneese.edu,html,department_leaf,,true,,medium,Pending_Review,,,,sitemap_xml,
